# Gmsh OBJ export
v -38.3288755263448 22.12918660287085 -201.8858466408625
v -38.3288755263448 22.12918660287085 -182.730368928989
v -59.5492959196737 34.3808020292763 -159.3955717041885
v -51.2621452157516 29.59621333955185 -156.8337007788235
v -38.3288755263448 22.12918660287085 -173.152630073052
v -38.3288755263448 22.12918660287085 -211.463585496799
v -59.5544464967246 34.3837757163231 -83.4566774356403
v -51.26712208401199 29.5990867357817 -83.4559279821339
v -47.1185698637905 27.20391899468965 -155.5527653161405
v -63.6928712716347 36.7730963741385 -160.676507166871
v -63.698108703081 36.7761202065938 -83.4570521623934
v -47.1234598776557 27.206742245511 -83.45555325538081
v -54.6698304284915 32.3738986898211 0.0142827292879771
v -56.1630609796731 31.6155009997472 0.0142111485562116
v -54.3418125951111 32.37827940093875 -1.427988775416368
v -54.7396501735638 32.91327436009455 -1.428036708701632
v -56.4908831651119 31.61100733123785 -1.428104491172148
v -55.0843590581798 33.1218712640297 0.01422532394853176
v -56.09304558665909 31.076012372082 -1.428056557886884
v -55.7485323524592 30.8675284262678 0.0142685538954477
v -22.12918660287085 -38.3288755263448 -201.8858466408625
v -22.12918660287085 -38.3288755263448 -182.730368928989
v -34.3808020292763 -59.5492959196737 -159.3955717041885
v -29.59621333955185 -51.2621452157516 -156.8337007788235
v -22.12918660287085 -38.3288755263448 -173.152630073052
v -22.12918660287085 -38.3288755263448 -211.463585496799
v -34.3837757163231 -59.5544464967246 -83.4566774356403
v -29.5990867357817 -51.26712208401199 -83.4559279821339
v -27.20391899468965 -47.1185698637905 -155.5527653161405
v -36.7730963741385 -63.6928712716347 -160.676507166871
v -36.7761202065938 -63.698108703081 -83.4570521623934
v -27.206742245511 -47.1234598776557 -83.45555325538081
v -23.99752085065895 64.06769663185071 -23.92344497607655
v -40.31854903400815 46.57611984295931 -23.92344497607655
v -40.31854903400815 46.57611984295931 1.296892550819982e-18
v -23.99752085065895 64.06769663185071 -1.296892550819982e-18
v -47.3501152228757 40.57694884270305 -23.92344497607655
v -63.6711434062249 23.08537205381165 -23.92344497607655
v -63.6711434062249 23.08537205381165 1.296892550819982e-18
v -47.3501152228757 40.57694884270305 -1.296892550819982e-18
v -55.8286812989149 8.557067317299779 -23.92344497607655
v -72.1497094822641 -8.93450947159165 -23.92344497607655
v -72.1497094822641 -8.93450947159165 1.296892550819982e-18
v -55.8286812989149 8.557067317299779 -1.296892550819982e-18
v -47.1613941457283 -23.4122465478872 -23.92344497607655
v -63.4824223290775 -40.9038233367786 -23.92344497607655
v -63.4824223290775 -40.9038233367786 1.296892550819982e-18
v -47.1613941457283 -23.4122465478872 -1.296892550819982e-18
v -23.67064635658065 -46.7648409201039 -23.92344497607655
v -39.99167453992985 -64.2564177089953 -23.92344497607655
v -39.99167453992985 -64.2564177089953 1.29689255081998e-18
v -23.67064635658065 -46.7648409201039 -1.296892550819982e-18
v 8.349235168822609 -55.2434069961432 -23.92344497607655
v -7.97179301452657 -72.73498378503461 -23.92344497607655
v -7.97179301452657 -72.73498378503461 1.296892550819982e-18
v 8.349235168822609 -55.2434069961432 -1.296892550819982e-18
v 40.3185490340096 -46.5761198429565 -23.92344497607655
v 23.9975208506604 -64.06769663184789 -23.92344497607655
v 23.9975208506604 -64.06769663184789 1.29689255081998e-18
v 40.3185490340096 -46.5761198429565 -1.296892550819982e-18
v 63.6711434062263 -23.0853720538089 -23.92344497607655
v 47.3501152228771 -40.5769488427003 -23.92344497607655
v 47.3501152228771 -40.5769488427003 1.296892550819982e-18
v 63.6711434062263 -23.0853720538089 -1.296892550819982e-18
v 72.14970948226559 8.934509471594399 -23.92344497607655
v 55.8286812989164 -8.557067317297021 -23.92344497607655
v 55.8286812989164 -8.557067317297021 1.296892550819982e-18
v 72.14970948226559 8.934509471594399 -1.296892550819982e-18
v 63.482422329079 40.90382333678135 -23.92344497607655
v 47.1613941457298 23.41224654788995 -23.92344497607655
v 47.1613941457298 23.41224654788995 1.296892550819982e-18
v 63.482422329079 40.90382333678135 -1.296892550819982e-18
v 39.99167453993135 64.256417708998 -23.92344497607655
v 23.67064635658215 46.7648409201066 -23.92344497607655
v 23.67064635658215 46.7648409201066 1.296892550819982e-18
v 39.99167453993135 64.256417708998 -1.296892550819982e-18
v 7.971793014527981 72.7349837850373 -23.92344497607655
v -8.349235168821179 55.2434069961459 -23.92344497607655
v -8.349235168821179 55.2434069961459 1.296892550819982e-18
v 7.971793014527981 72.7349837850373 -1.296892550819982e-18
v 34.11094890319976 36.55739548878305 -23.92344497607655
v -34.11094890319976 -36.55739548878305 -23.92344497607655
v -34.11094890319976 -36.55739548878305 5.421010862427521e-18
v 34.11094890319976 36.55739548878305 -5.421010862427521e-18
v 53.0433415958848 56.8476245638971 -8.429801580329881e-18
v 53.0433415958848 56.8476245638971 -23.92344497607655
v -53.0433415958848 -56.8476245638971 8.429801580329881e-18
v -53.0433415958848 -56.8476245638971 -23.92344497607655
v 0.701703470683078 63.5324113165717 0.01428272928797712
v -0.701703470683165 64.44638806256499 0.0142111485562116
v 0.869506194487828 63.25052989552869 -1.427988775416368
v 1.133906630786966 63.86256482462679 -1.428036708701632
v -0.869506194487828 64.7280435688245 -1.428104491172148
v 1.142202406437604 64.26538992758211 0.01422532394853176
v -1.133906630787026 64.1160086397263 -1.428056557886884
v -1.142202407043362 63.7134094540622 0.0142685538954477
v 54.6698304284915 -32.3738986898211 0.0142827292879771
v 56.1630609796731 -31.61550099974715 0.0142111485562116
v 54.3418125951111 -32.37827940093875 -1.427988775416368
v 54.7396501735638 -32.91327436009455 -1.428036708701632
v 56.4908831651119 -31.6110073312378 -1.428104491172148
v 55.0843590581798 -33.12187126402965 0.01422532394853176
v 56.09304558665909 -31.076012372082 -1.428056557886884
v 55.7485323524592 -30.8675284262678 0.0142685538954477
v 22.12918660287085 -38.3288755263448 -201.8858466408625
v 22.12918660287085 -38.3288755263448 -182.730368928989
v 34.3808020292763 -59.5492959196737 -159.3955717041885
v 29.59621333955185 -51.2621452157516 -156.8337007788235
v 22.12918660287085 -38.3288755263448 -173.152630073052
v 22.12918660287085 -38.3288755263448 -211.463585496799
v 34.3837757163231 -59.5544464967246 -83.4566774356403
v 29.5990867357817 -51.26712208401199 -83.4559279821339
v 27.20391899468965 -47.1185698637905 -155.5527653161405
v 36.7730963741385 -63.6928712716347 -160.676507166871
v 36.7761202065938 -63.698108703081 -83.4570521623934
v 27.206742245511 -47.1234598776557 -83.45555325538081
v -31.9946998585764 -59.2441969263794 0.01433953108703442
v -31.99395043492265 -64.9845256565462 -19.1240434706017
v -31.9946998585764 -51.5886945295625 0.01485876770928294
v -31.99395043492265 -45.8457697197067 -19.1227453790498
v -31.99399810844659 -60.2557104391535 -17.90628638644705
v -31.99399810844659 -50.5747500830307 -17.90562977256405
v -31.99143130853844 -60.2461310118147 -83.4545224524
v -31.99143130853844 -50.5754378549024 -83.4538665348926
v -31.9946998447841 -54.2413692054798 0.01432663881902354
v -31.9946998447841 -56.5915222026848 0.01416723902515234
v -31.99143122605255 -64.98016225896859 -83.45695175466291
v -31.99143122605255 -45.8414063217372 -83.45565366311101
v -31.15851262675055 55.3715338991745 0.01428272928797712
v -32.83088706281785 55.4613575089899 0.0142111485562116
v -30.87225049459 55.2113187895989 -1.427988775416368
v -30.94929046453225 55.8735568043508 -1.428036708701632
v -33.1170362375867 55.6213769706241 -1.428104491172148
v -31.14351866355235 56.2265614646175 0.01422532394853176
v -33.03999626764435 54.95913895587201 -1.428056557886884
v -32.84588102779435 54.6063299454158 0.0142685538954477
v -59.2441969263794 31.9946998585764 0.01433953108703442
v -64.9845256565462 31.99395043492265 -19.1240434706017
v -51.5886945295625 31.9946998585764 0.01485876770928294
v -45.8457697197067 31.99395043492265 -19.1227453790498
v -60.2557104391535 31.99399810844659 -17.90628638644705
v -50.5747500830307 31.99399810844659 -17.90562977256405
v -60.2461310118147 31.99143130853844 -83.4545224524
v -50.5754378549024 31.99143130853844 -83.4538665348926
v -54.2413692054798 31.9946998447841 0.01432663881902354
v -56.5915222026848 31.9946998447841 0.01416723902515234
v -64.98016225896859 31.99143122605255 -83.45695175466291
v -45.8414063217372 31.99143122605255 -83.45565366311101
v 63.5324113165717 -0.701703470683078 0.01428272928797712
v 64.44638806256499 0.701703470683165 0.0142111485562116
v 63.25052989552869 -0.869506194487828 -1.427988775416368
v 63.86256482462679 -1.133906630786966 -1.428036708701632
v 64.7280435688245 0.869506194487828 -1.428104491172148
v 64.26538992758211 -1.142202406437604 0.01422532394853176
v 64.1160086397263 1.133906630787026 -1.428056557886884
v 63.7134094540622 1.142202407043362 0.0142685538954477
v 6.116265445064899e-15 50 -23.92344497607655
v -6.968550671864762e-18 -50 -23.92344497607655
v -6.968550671864762e-18 -50 -164.5014961965625
v 6.116265445064899e-15 50 -164.5014961965625
v 6.292052066952079e-15 51.4354066985646 -164.5014961965625
v 6.292052066952079e-15 51.4354066985646 -23.92344497607655
v -6.968550671864762e-18 -51.4354066985646 -164.5014961965625
v -6.968550671864762e-18 -51.4354066985646 -23.92344497607655
v 59.2441969263794 -31.9946998585764 0.01433953108703442
v 64.9845256565462 -31.99395043492265 -19.1240434706017
v 51.5886945295625 -31.9946998585764 0.01485876770928294
v 45.8457697197067 -31.99395043492265 -19.1227453790498
v 60.2557104391535 -31.99399810844659 -17.90628638644705
v 50.5747500830307 -31.99399810844659 -17.90562977256405
v 60.2461310118147 -31.99143130853844 -83.4545224524
v 50.5754378549024 -31.99143130853844 -83.4538665348926
v 54.2413692054798 -31.9946998447841 0.01432663881902354
v 56.5915222026848 -31.9946998447841 0.01416723902515234
v 64.98016225896859 -31.99143122605255 -83.45695175466291
v 45.8414063217372 -31.99143122605255 -83.45565366311101
v -1.913875599204175 67.30432949434071 0.01433953108703442
v -4.78468898420991 72.275225288912 -19.1240434706017
v 1.91387559920435 60.6744699399645 0.01485876770928294
v 4.78468898420986 55.7005764507787 -19.1227453790498
v -2.420240089030715 68.17997501760941 -17.90628638644705
v 2.420240089030699 59.79601741617699 -17.90562977256405
v -2.417673289288165 68.17039559022619 -83.4545224524
v 2.417673289167935 59.7953296441359 -83.4538665348926
v 0.5875382493011979 62.97175359038851 0.01432663881902354
v -0.5875382493013039 65.0070457887482 0.01416723902515234
v -4.78468898430003 72.27018687132789 -83.45695175466291
v 4.78468898431565 55.6955380328553 -83.45565366311101
v 32.3738986898211 54.6698304284915 0.0142827292879771
v 31.6155009997472 56.1630609796731 0.0142111485562116
v 32.37827940093875 54.3418125951111 -1.427988775416368
v 32.91327436009455 54.7396501735638 -1.428036708701632
v 31.61100733123785 56.4908831651119 -1.428104491172148
v 33.12187126402965 55.0843590581798 0.01422532394853176
v 31.076012372082 56.09304558665909 -1.428056557886884
v 30.8675284262678 55.7485323524592 0.0142685538954477
v -0.701703470683078 -63.5324113165717 0.01428272928797712
v 0.701703470683165 -64.44638806256499 0.0142111485562116
v -0.869506194487828 -63.25052989552869 -1.427988775416368
v -1.133906630786966 -63.86256482462679 -1.428036708701632
v 0.869506194487828 -64.7280435688245 -1.428104491172148
v -1.142202406437604 -64.26538992758211 0.01422532394853176
v 1.133906630787026 -64.1160086397263 -1.428056557886884
v 1.142202407043362 -63.7134094540622 0.0142685538954477
v -35.30962963576435 57.3303213271753 0.01433953108703442
v -40.28127485398935 60.1998366723363 -19.1240434706017
v -28.6797700813882 53.50257012876681 0.01485876770928294
v -23.70662601585605 50.6304587039165 -19.1227453790498
v -36.1859769091629 57.8354703501228 -17.90628638644705
v -27.80201930773045 52.9949901720614 -17.90562977256405
v -36.17896428168774 57.8284577225265 -83.4545224524
v -27.80389833559745 52.9931111440704 -83.4538665348926
v -30.97705374560435 54.828907454781 0.01432663881902354
v -33.01234594396404 56.0039839533835 0.01416723902515234
v -40.27875564527535 60.1954732746685 -83.45695175466291
v -23.70410680680275 50.6260953060529 -83.45565366311101
v -55.3715338991745 -31.15851262675055 0.01428272928797712
v -55.4613575089899 -32.83088706281785 0.0142111485562116
v -55.2113187895989 -30.87225049459 -1.427988775416368
v -55.8735568043508 -30.94929046453225 -1.428036708701632
v -55.6213769706241 -33.1170362375867 -1.428104491172148
v -56.2265614646175 -31.14351866355235 0.01422532394853176
v -54.95913895587201 -33.03999626764435 -1.428056557886884
v -54.6063299454158 -32.84588102779435 0.0142685538954477
v 114.8325358851674 1.40629297509744e-14 -47.84688995215311
v 1.406292975097438e-14 -114.8325358851674 -47.84688995215311
v 3.26091770330602e-46 114.8325358851674 -47.84688995215311
v -1.56451957227772e-31 105.234813717303 -35.86837543130525
v 1.347523876437534e-14 -105.234813717303 -35.86837543130525
v 2.08244204044194e-47 -90.91232005991471 -35.8683754313053
v 1.113354817644342e-14 90.91232005991471 -35.8683754313053
v -114.8325358851674 0 -119.6172248803828
v 114.8325358851674 1.40629297509744e-14 -119.6172248803828
v -114.8325358851674 0 -47.84688995215311
v 1.07671283190508e-14 84.9282296650718 -44.42577659409545
v -84.9282296650718 0 -44.42577659409545
v -6.24126182988224e-32 -84.9282296650718 -44.42577659409545
v -129.1866028708116 0 -119.6172248803828
v 129.1866028708116 1.582079596984595e-14 -119.6172248803828
v 84.9282296650718 1.040070846165814e-14 -44.42577659409545
v 84.9282296650718 1.040070846165814e-14 -119.6172248803828
v -84.9282296650718 0 -119.6172248803828
v 129.1866028708116 1.582079596984595e-14 -47.84688995215311
v 1.582079596984595e-14 -129.1866028708116 -47.84688995215311
v -129.1866028708116 -3.85185988877447e-30 -47.84688995215311
v -77.75119617224881 0 -119.6172248803828
v 77.75119617224881 9.521775352222239e-15 -119.6172248803828
v 1.26712856610341e-14 -77.75119617224881 0
v -77.75119617224881 0 0
v -2.962633683920215e-31 77.75119617224881 0
v 6.078071927536421e-47 129.1866028708116 -47.84688995215311
v 77.75119617224881 9.521775352222239e-15 0
v 67.30432949434071 1.913875599204175 0.01433953108703442
v 72.275225288912 4.78468898420991 -19.1240434706017
v 60.6744699399645 -1.91387559920435 0.01485876770928294
v 55.7005764507787 -4.78468898420986 -19.1227453790498
v 68.17997501760941 2.420240089030715 -17.90628638644705
v 59.79601741617699 -2.420240089030699 -17.90562977256405
v 68.17039559022619 2.417673289288165 -83.4545224524
v 59.7953296441359 -2.417673289167935 -83.4538665348926
v 62.97175359038851 -0.5875382493011979 0.01432663881902354
v 65.0070457887482 0.5875382493013039 0.01416723902515234
v 72.27018687132789 4.78468898430003 -83.45695175466291
v 55.6955380328553 -4.78468898431565 -83.45565366311101
v 31.15851262675055 -55.3715338991745 0.01428272928797712
v 32.83088706281785 -55.4613575089899 0.0142111485562116
v 30.87225049459 -55.2113187895989 -1.427988775416368
v 30.94929046453225 -55.8735568043508 -1.428036708701632
v 33.1170362375867 -55.6213769706241 -1.428104491172148
v 31.14351866355235 -56.2265614646175 0.01422532394853176
v 33.03999626764435 -54.95913895587201 -1.428056557886884
v 32.84588102779435 -54.6063299454158 0.0142685538954477
v 31.9946998585764 59.2441969263794 0.01433953108703442
v 31.99395043492265 64.9845256565462 -19.1240434706017
v 31.9946998585764 51.5886945295625 0.01485876770928294
v 31.99395043492265 45.8457697197067 -19.1227453790498
v 31.99399810844659 60.2557104391535 -17.90628638644705
v 31.99399810844659 50.5747500830307 -17.90562977256405
v 31.99143130853844 60.2461310118147 -83.4545224524
v 31.99143130853844 50.5754378549024 -83.4538665348926
v 31.9946998447841 54.2413692054798 0.01432663881902354
v 31.9946998447841 56.5915222026848 0.01416723902515234
v 31.99143122605255 64.98016225896859 -83.45695175466291
v 31.99143122605255 45.8414063217372 -83.45565366311101
v -63.5324113165717 0.701703470683078 0.01428272928797712
v -64.44638806256499 -0.701703470683165 0.0142111485562116
v -63.25052989552869 0.869506194487828 -1.427988775416368
v -63.86256482462679 1.133906630786966 -1.428036708701632
v -64.7280435688245 -0.869506194487828 -1.428104491172148
v -64.26538992758211 1.142202406437604 0.01422532394853176
v -64.1160086397263 -1.133906630787026 -1.428056557886884
v -63.7134094540622 -1.142202407043362 0.0142685538954477
v -38.3288755263448 -22.12918660287085 -201.8858466408625
v -38.3288755263448 -22.12918660287085 -182.730368928989
v -59.5492959196737 -34.3808020292763 -159.3955717041885
v -51.2621452157516 -29.59621333955185 -156.8337007788235
v -38.3288755263448 -22.12918660287085 -173.152630073052
v -38.3288755263448 -22.12918660287085 -211.463585496799
v -59.5544464967246 -34.3837757163231 -83.4566774356403
v -51.26712208401199 -29.5990867357817 -83.4559279821339
v -47.1185698637905 -27.20391899468965 -155.5527653161405
v -63.6928712716347 -36.7730963741385 -160.676507166871
v -63.698108703081 -36.7761202065938 -83.4570521623934
v -47.1234598776557 -27.206742245511 -83.45555325538081
v 8.329318071946709e-39 44.25837320574165 -201.8858466408625
v 5.859554062906479e-16 44.25837320574165 -182.730368928989
v 0 68.76160405855259 -159.3955717041885
v 5.859554062906e-16 59.1924266791037 -156.8337007788235
v 1.171910812581234e-15 44.25837320574165 -173.152630073052
v 1.64652569558166e-40 44.25837320574165 -211.463585496799
v 0 68.7675514326462 -83.4566774356403
v 5.859554062906e-16 59.1981734715634 -83.4559279821339
v 1.1719108125812e-15 54.4078379893793 -155.5527653161405
v 0 73.54619274827699 -160.676507166871
v 0 73.5522404131876 -83.4570521623934
v 1.1719108125812e-15 54.413484491022 -83.45555325538081
v 38.3288755263448 22.12918660287085 -201.8858466408625
v 38.3288755263448 22.12918660287085 -182.730368928989
v 59.5492959196737 34.3808020292763 -159.3955717041885
v 51.2621452157516 29.59621333955185 -156.8337007788235
v 38.3288755263448 22.12918660287085 -173.152630073052
v 38.3288755263448 22.12918660287085 -211.463585496799
v 59.5544464967246 34.38377571632315 -83.4566774356403
v 51.26712208401199 29.59908673578175 -83.4559279821339
v 47.1185698637905 27.20391899468965 -155.5527653161405
v 63.6928712716347 36.7730963741385 -160.676507166871
v 63.698108703081 36.77612020659385 -83.4570521623934
v 47.1234598776557 27.20674224551105 -83.45555325538081
v -57.3303213271753 -35.30962963576435 0.01433953108703442
v -60.1998366723363 -40.28127485398935 -19.1240434706017
v -53.50257012876681 -28.6797700813882 0.01485876770928294
v -50.6304587039165 -23.70662601585605 -19.1227453790498
v -57.8354703501228 -36.1859769091629 -17.90628638644705
v -52.9949901720614 -27.80201930773045 -17.90562977256405
v -57.8284577225265 -36.17896428168774 -83.4545224524
v -52.9931111440704 -27.80389833559745 -83.4538665348926
v -54.828907454781 -30.97705374560435 0.01432663881902354
v -56.0039839533835 -33.01234594396404 0.01416723902515234
v -60.1954732746685 -40.27875564527535 -83.45695175466291
v -50.6260953060529 -23.70410680680275 -83.45565366311101
v 1.913875599204175 -67.30432949434071 0.01433953108703442
v 4.78468898420991 -72.275225288912 -19.1240434706017
v -1.91387559920435 -60.6744699399645 0.01485876770928294
v -4.78468898420986 -55.7005764507787 -19.1227453790498
v 2.420240089030715 -68.17997501760941 -17.90628638644705
v -2.420240089030699 -59.79601741617699 -17.90562977256405
v 2.417673289288165 -68.17039559022619 -83.4545224524
v -2.417673289167935 -59.7953296441359 -83.4538665348926
v -0.5875382493011979 -62.97175359038851 0.01432663881902354
v 0.5875382493013039 -65.0070457887482 0.01416723902515234
v 4.78468898430003 -72.27018687132789 -83.45695175466291
v -4.78468898431565 -55.6955380328553 -83.45565366311101
v 55.3715338991745 31.15851262675055 0.01428272928797712
v 55.4613575089899 32.83088706281785 0.0142111485562116
v 55.2113187895989 30.87225049459 -1.427988775416368
v 55.8735568043508 30.94929046453225 -1.428036708701632
v 55.6213769706241 33.1170362375867 -1.428104491172148
v 56.2265614646175 31.14351866355235 0.01422532394853176
v 54.95913895587201 33.03999626764435 -1.428056557886884
v 54.6063299454158 32.84588102779435 0.0142685538954477
v 22.12918660287085 38.3288755263448 -201.8858466408625
v 22.12918660287085 38.3288755263448 -182.730368928989
v 34.3808020292763 59.5492959196737 -159.3955717041885
v 29.59621333955185 51.2621452157516 -156.8337007788235
v 22.12918660287085 38.3288755263448 -173.152630073052
v 22.12918660287085 38.3288755263448 -211.463585496799
v 34.3837757163231 59.5544464967246 -83.4566774356403
v 29.5990867357817 51.26712208401199 -83.4559279821339
v 27.20391899468965 47.1185698637905 -155.5527653161405
v 36.7730963741385 63.69287127163479 -160.676507166871
v 36.7761202065938 63.698108703081 -83.4570521623934
v 27.206742245511 47.1234598776557 -83.45555325538081
v 35.30962963576435 -57.3303213271753 0.01433953108703442
v 40.28127485398935 -60.1998366723363 -19.1240434706017
v 28.6797700813882 -53.50257012876681 0.01485876770928294
v 23.70662601585605 -50.6304587039165 -19.1227453790498
v 36.1859769091629 -57.8354703501228 -17.90628638644705
v 27.80201930773045 -52.9949901720614 -17.90562977256405
v 36.17896428168774 -57.8284577225265 -83.4545224524
v 27.80389833559745 -52.9931111440704 -83.4538665348926
v 30.97705374560435 -54.828907454781 0.01432663881902354
v 33.01234594396404 -56.0039839533835 0.01416723902515234
v 40.27875564527535 -60.1954732746685 -83.45695175466291
v 23.70410680680275 -50.6260953060529 -83.45565366311101
v -22.12918660287085 38.3288755263448 -201.8858466408625
v -22.12918660287085 38.3288755263448 -182.730368928989
v -34.3808020292763 59.5492959196737 -159.3955717041885
v -29.59621333955185 51.2621452157516 -156.8337007788235
v -22.12918660287085 38.3288755263448 -173.152630073052
v -22.12918660287085 38.3288755263448 -211.463585496799
v -34.3837757163231 59.5544464967246 -83.4566774356403
v -29.5990867357817 51.26712208401199 -83.4559279821339
v -27.20391899468965 47.1185698637905 -155.5527653161405
v -36.7730963741385 63.6928712716347 -160.676507166871
v -36.7761202065938 63.698108703081 -83.4570521623934
v -27.206742245511 47.1234598776557 -83.45555325538081
v -67.30432949434071 -1.913875599204175 0.01433953108703442
v -72.275225288912 -4.78468898420991 -19.1240434706017
v -60.6744699399645 1.91387559920435 0.01485876770928294
v -55.7005764507787 4.78468898420986 -19.1227453790498
v -68.17997501760941 -2.420240089030715 -17.90628638644705
v -59.79601741617699 2.420240089030699 -17.90562977256405
v -68.17039559022619 -2.417673289288165 -83.4545224524
v -59.7953296441359 2.417673289167935 -83.4538665348926
v -62.97175359038851 0.5875382493011979 0.01432663881902354
v -65.0070457887482 -0.5875382493013039 0.01416723902515234
v -72.27018687132789 -4.78468898430003 -83.45695175466291
v -55.6955380328553 4.78468898431565 -83.45565366311101
v 44.25837320574165 -8.12986275563901e-15 -201.8858466408625
v 44.25837320574165 -8.71581816192966e-15 -182.730368928989
v 68.76160405855259 -1.263088458436834e-14 -159.3955717041885
v 59.1924266791037 -1.145906867769996e-14 -156.8337007788235
v 44.25837320574165 -9.30177356822024e-15 -173.152630073052
v 44.25837320574165 -8.12986275563901e-15 -211.463585496799
v 68.7675514326462 -1.26319770631839e-14 -83.4566774356403
v 59.1981734715634 -1.146012431148402e-14 -83.4559279821339
v 54.4078379893793 -1.116613842751108e-14 -155.5527653161405
v 73.54619274827699 -1.350977024084782e-14 -160.676507166871
v 73.5522404131876 -1.351088114217914e-14 -83.4570521623934
v 54.413484491022 -1.116717563877938e-14 -83.45555325538081
v 57.3303213271753 35.30962963576435 0.01433953108703442
v 60.1998366723363 40.28127485398935 -19.1240434706017
v 53.50257012876681 28.6797700813882 0.01485876770928294
v 50.6304587039165 23.70662601585605 -19.1227453790498
v 57.8354703501228 36.1859769091629 -17.90628638644705
v 52.9949901720614 27.80201930773045 -17.90562977256405
v 57.8284577225265 36.17896428168774 -83.4545224524
v 52.9931111440704 27.80389833559745 -83.4538665348926
v 54.828907454781 30.97705374560435 0.01432663881902354
v 56.0039839533835 33.01234594396404 0.01416723902515234
v 60.1954732746685 40.27875564527535 -83.45695175466291
v 50.6260953060529 23.70410680680275 -83.45565366311101
v -44.25837320574165 2.709954251879665e-15 -201.8858466408625
v -44.25837320574165 3.295909658170314e-15 -182.730368928989
v -68.76160405855259 4.210294861456105e-15 -159.3955717041885
v -59.1924266791037 4.210326496760385e-15 -156.8337007788235
v -44.25837320574165 3.8818650644609e-15 -173.152630073052
v -44.25837320574165 2.709954251879665e-15 -211.463585496799
v -68.7675514326462 4.210659021061285e-15 -83.4566774356403
v -59.1981734715634 4.210678374688396e-15 -83.4559279821339
v -54.4078379893793 4.50332001755782e-15 -155.5527653161405
v -73.54619274827699 4.503256746949269e-15 -160.676507166871
v -73.5522404131876 4.50362704739303e-15 -83.4570521623934
v -54.413484491022 4.503665754647249e-15 -83.45555325538081
v 38.3288755263448 -22.12918660287085 -201.8858466408625
v 38.3288755263448 -22.12918660287085 -182.730368928989
v 59.5492959196737 -34.3808020292763 -159.3955717041885
v 51.2621452157516 -29.59621333955185 -156.8337007788235
v 38.3288755263448 -22.12918660287085 -173.152630073052
v 38.3288755263448 -22.12918660287085 -211.463585496799
v 59.5544464967246 -34.3837757163231 -83.4566774356403
v 51.26712208401199 -29.5990867357817 -83.4559279821339
v 47.1185698637905 -27.20391899468965 -155.5527653161405
v 63.69287127163479 -36.7730963741385 -160.676507166871
v 63.698108703081 -36.7761202065938 -83.4570521623934
v 47.1234598776557 -27.206742245511 -83.45555325538081
v -32.3738986898211 -54.6698304284915 0.0142827292879771
v -31.6155009997472 -56.1630609796731 0.0142111485562116
v -32.37827940093875 -54.3418125951111 -1.427988775416368
v -32.91327436009455 -54.7396501735638 -1.428036708701632
v -31.61100733123785 -56.4908831651119 -1.428104491172148
v -33.1218712640297 -55.0843590581798 0.01422532394853176
v -31.076012372082 -56.09304558665909 -1.428056557886884
v -30.8675284262678 -55.7485323524592 0.0142685538954477
v -5.419908503759349e-15 -44.25837320574165 -201.8858466408625
v -6.00586391005001e-15 -44.25837320574165 -182.730368928989
v -8.420589722912241e-15 -68.76160405855259 -159.3955717041885
v -7.8346975872302e-15 -59.1924266791037 -156.8337007788235
v -6.591819316340589e-15 -44.25837320574165 -173.152630073052
v -5.41990850375936e-15 -44.25837320574165 -211.463585496799
v -8.4213180421226e-15 -68.7675514326462 -83.4566774356403
v -7.835401343086209e-15 -59.1981734715634 -83.4559279821339
v -7.834729222534468e-15 -54.4078379893793 -155.5527653161405
v -9.00651349389857e-15 -73.54619274827699 -160.676507166871
v -9.00725409478609e-15 -73.5522404131876 -83.4570521623934
v -7.83542069671332e-15 -54.413484491022 -83.45555325538081
v -21.40134761058552 -12.92216392292272 -69.91421356237255
v 21.40134761058552 12.92216392292273 -69.91421356237255
v -21.40134761058552 -12.92216392292272 -10.08578643762671
v 21.40134761058552 12.92216392292273 -10.08578643762671
v -17.12107808846842 -10.33773113833818 -9.999999999999897
v -17.12107808846842 -10.33773113833818 -69.9999999999999
v 17.12107808846842 10.33773113833818 -69.9999999999999
v 17.12107808846842 10.33773113833818 -9.999999999999897
v 20.97332065837432 12.66372064446458 -69.9999999999999
v -20.97332065837432 -12.66372064446458 -69.9999999999999
v -20.97332056463554 -12.66372058786497 -9.999999999999897
v 20.97332056463554 12.66372058786497 -9.999999999999897
v 10.0000000000002 -17.32050807568865 -73.88196601125
v 10.97654334278611 -16.71871695596776 -74.9999999999999
v 10.79903810567684 -15.7044826719042 -74.9999999999999
v 10.0000000000002 -17.32050807568866 -76.11803398874979
v 9.50000000000019 -16.45448267190422 -76.4999999999999
v 9.250000000000188 -16.02146997001201 -76.41421356237301
v 9.250000000000188 -16.02146997001201 -73.58578643762679
v 9.500000000000187 -16.45448267190421 -73.4999999999999
v -9.999999999999835 -17.32050807568887 -73.88196601125001
v -8.990561931156714 -17.86532385857759 -74.9999999999999
v -8.20096189432317 -17.2044826719044 -74.9999999999999
v -9.999999999999835 -17.32050807568887 -76.11803398874979
v -9.499999999999838 -16.45448267190442 -76.4999999999999
v -9.249999999999844 -16.0214699700122 -76.41421356237301
v -9.249999999999844 -16.02146997001219 -73.58578643762679
v -9.499999999999835 -16.45448267190441 -73.4999999999999
v -20 -3.330671803320002e-15 -73.88196601125001
v -19.9671052739428 -1.146606902609612 -74.9999999999999
v -18.99999999999999 -1.500000000000004 -74.9999999999999
v -20 -3.330669064721133e-15 -76.11803398874979
v -18.99999999999999 -3.164135620181695e-15 -76.4999999999999
v -18.5 -3.018329499024005e-15 -76.41421356237301
v -18.5 -3.019635445952679e-15 -73.58578643762679
v -18.99999999999998 -3.164135620181693e-15 -73.4999999999999
v -10.00000000000008 17.32050807568872 -73.88196601125
v -10.97654334278599 16.71871695596784 -74.9999999999999
v -10.79903810567673 15.70448267190427 -74.9999999999999
v -10.00000000000008 17.32050807568873 -76.1180339887498
v -9.500000000000076 16.45448267190428 -76.4999999999999
v -9.250000000000076 16.02146997001207 -76.41421356237301
v -9.250000000000076 16.02146997001207 -73.58578643762679
v -9.500000000000073 16.45448267190428 -73.4999999999999
v 9.999999999999957 17.3205080756888 -73.88196601125001
v 8.990561931156838 17.86532385857753 -74.9999999999999
v 8.200961894323289 17.20448267190434 -74.9999999999999
v 9.999999999999957 17.3205080756888 -76.11803398874979
v 9.499999999999952 16.45448267190435 -76.4999999999999
v 9.249999999999956 16.02146997001213 -76.41421356237301
v 9.249999999999956 16.02146997001213 -73.58578643762679
v 9.49999999999995 16.45448267190434 -73.4999999999999
v 20 3.330671803320002e-15 -73.88196601125001
v 19.9671052739428 1.146606902609612 -74.9999999999999
v 18.99999999999999 1.500000000000004 -74.9999999999999
v 20 3.330669064721133e-15 -76.11803398874979
v 18.99999999999999 3.164135620181695e-15 -76.4999999999999
v 18.5 3.018329499024005e-15 -76.41421356237301
v 18.5 3.019635445952679e-15 -73.58578643762679
v 18.99999999999998 3.164135620181693e-15 -73.4999999999999
v -1.75404742813745e-16 -14.6938 -9.999999999999897
v -1.75404742813745e-16 -14.6938 -4.999999999999897
v -7.427250231800049e-16 -9.3062 -4.999999999999897
v -7.427250231800049e-16 -9.3062 -9.999999999999897
v -14.61297599717051 -11.34508406782949 -79.9999999999999
v -14.6129759971705 -11.3450840678295 -9.999999999999897
v -12 -14.6938 -79.9999999999999
v -12 -14.6938 -4.999999999999897
v -12 -9.3062 -4.999999999999897
v -12 -9.3062 -9.999999999999897
v -12 -2.6938 -9.999999999999897
v -12 -2.6938 -4.999999999999897
v -12 2.6938 -4.999999999999897
v -12 2.6938 -9.999999999999897
v -4.573840473032219e-14 -2.693800000000045 -9.999999999999897
v -4.573840473032219e-14 -2.693800000000045 -4.999999999999897
v -4.630572501068845e-14 2.693799999999955 -4.999999999999897
v -4.630572501068845e-14 2.693799999999955 -9.999999999999897
v 12.00000000000005 -2.693799999999957 -9.999999999999897
v 12.00000000000005 -2.693799999999957 -4.999999999999897
v 12.00000000000005 2.693800000001247 -4.999999999999897
v 12.00000000000005 2.693800000001247 -9.999999999999897
v 11.34508406782895 14.61297599717093 -9.999999999999897
v 11.34508406782895 14.61297599717094 -79.9999999999999
v 12.00000000000005 9.306199999999452 -9.999999999999897
v 12.00000000000005 9.306199999999452 -4.999999999999897
v 12.00000000000005 14.69380000000056 -4.999999999999897
v 12.00000000000005 14.69380000000056 -79.9999999999999
v -1.742121204240111e-16 9.3062 -9.999999999999897
v -1.742121204240111e-16 9.3062 -4.999999999999897
v -7.41532400790271e-16 14.6938 -4.999999999999897
v -7.41532400790271e-16 14.6938 -9.999999999999897
v -14.6129759971705 11.3450840678295 -9.999999999999897
v -14.61297599717051 11.34508406782949 -79.9999999999999
v -12 9.3062 -9.999999999999897
v -12 9.3062 -4.999999999999897
v -12 14.6938 -4.999999999999897
v -12 14.6938 -79.9999999999999
v 11.34508406782949 -14.61297599717051 -79.9999999999999
v 11.3450840678295 -14.6129759971705 -9.999999999999897
v 12 -14.6938 -79.9999999999999
v 12 -14.6938 -4.999999999999897
v 12 -9.3062 -4.999999999999897
v 12 -9.3062 -9.999999999999897
v 19.96710531025593 -1.146606871981307 -74.9999999999999
v 10.97654333441755 16.71871700273017 -74.9999999999999
v 8.990561975838546 -17.86532387471135 -74.9999999999999
v 3.33066907387547e-15 -20 -79.9999999999999
v -8.813754755807631e-16 20 -79.9999999999999
v -8.813754755807631e-16 20 -9.999999999999897
v 3.33066907387547e-15 -20 -9.999999999999897
v 7.22495334021272e-15 -25 -4.999999999999897
v -4.163336342344337e-15 25 -4.999999999999897
v 7.22495334021272e-15 -25 -9.999999999999897
v -4.163336342344337e-15 25 -9.999999999999897
v -3.080868893334809e-15 18.5 -79.9999999999999
v -3.080868893334809e-15 18.5 -9.999999999999897
v 14.6129759971705 -11.3450840678295 -9.999999999999897
v 14.61297599717097 11.34508406782889 -9.999999999999897
v 14.61297599717051 -11.34508406782949 -79.9999999999999
v 14.61297599717098 11.34508406782889 -79.9999999999999
v -11.34508406782949 14.61297599717051 -79.9999999999999
v -11.3450840678295 14.6129759971705 -9.999999999999897
v -11.34508406782949 -14.61297599717051 -79.9999999999999
v -11.3450840678295 -14.6129759971705 -9.999999999999897
v -10.97654333441743 -16.71871700273025 -74.9999999999999
v -19.96710531025593 1.146606871981307 -74.9999999999999
v -8.990561975838418 17.86532387471141 -74.9999999999999
v 18.99999999999999 -1.499999999999998 -74.9999999999999
v 10.79903810567661 15.70448267190435 -74.9999999999999
v -8.200961894323418 17.20448267190429 -74.9999999999999
v -18.99999999999999 1.499999999999998 -74.9999999999999
v -10.79903810567651 -15.70448267190443 -74.9999999999999
v 8.200961894323537 -17.20448267190423 -74.9999999999999
v -24.5 -5.921841362854411e-16 -76.24999999999989
v -20.00000000000048 -8.357331406174013e-13 -76.25000000000759
v -20 2.887488030692164e-16 -73.7499999999999
v -24.50000000000037 7.780196458206394e-13 -73.7499999999927
v 20 -2.779298871277647e-16 -76.24999999999989
v 24.5 9.31014049865172e-17 -76.24999999999989
v 24.50000000000037 -7.750192615612013e-13 -73.7499999999927
v 20.00000000000048 -8.332838472431032e-13 -73.74999999999221
v 9.306200000000116 11.99999999999936 -79.9999999999999
v 9.306200000000116 11.99999999999936 -84.9999999999999
v 14.69379999999998 11.99999999999936 -84.9999999999999
v 14.69379999999998 11.99999999999936 -79.9999999999999
v -2.6938 12 -79.9999999999999
v -2.6938 12 -84.9999999999999
v 2.693799999999999 12 -84.9999999999999
v 2.693799999999999 12 -79.9999999999999
v -14.6938 12 -79.9999999999999
v -14.6938 12 -84.9999999999999
v -9.3062 12 -84.9999999999999
v -9.3062 12 -79.9999999999999
v 9.3062 -12 -79.9999999999999
v 9.3062 -12 -84.9999999999999
v 14.6938 -12 -84.9999999999999
v 14.6938 -12 -79.9999999999999
v 9.3062 0 -79.9999999999999
v 9.3062 0 -84.9999999999999
v 14.6938 3.298953547543141e-16 -84.9999999999999
v 14.6938 3.298953547543141e-16 -79.9999999999999
v -2.693800000000047 -4.510281037539698e-14 -79.9999999999999
v -2.693800000000047 -4.510281037539698e-14 -84.9999999999999
v 2.693799999999955 -4.477291502064267e-14 -84.9999999999999
v 2.693799999999955 -4.477291502064267e-14 -79.9999999999999
v -14.6938 0 -79.9999999999999
v -14.6938 0 -84.9999999999999
v -9.3062 3.298953547543141e-16 -84.9999999999999
v -9.3062 3.298953547543141e-16 -79.9999999999999
v -14.6938 -12 -79.9999999999999
v -14.6938 -12 -84.9999999999999
v -9.3062 -12 -84.9999999999999
v -9.3062 -12 -79.9999999999999
v -2.6938 -12 -79.9999999999999
v -2.6938 -12 -84.9999999999999
v 2.693799999999999 -12 -84.9999999999999
v 2.693799999999999 -12 -79.9999999999999
v 24.5 3.000384657911015e-15 -69.9999999999999
v -24.5 0 -69.9999999999999
v 24.5 3.000384657911015e-15 -84.9999999999999
v -24.5 0 -84.9999999999999
v -20 0 -69.9999999999999
v -20 0 -79.9999999999999
v 20 2.449293598294707e-15 -79.9999999999999
v 20 2.449293598294707e-15 -69.9999999999999
v -23.3 0.7138756114025364 -74.77003997859477
v -23.3 0.733214425319318 -75.15778658530951
v -23.3 0.1577865853095959 -74.2667855746806
v -23.3 -0.5560890260929405 -74.49674559608574
v -23.3 -0.733214425319318 -74.84221341469032
v -22.86698729810781 0 -74.99999999999991
v -24.5 1.166788555491475 -75.25109105275592
v -24.5 -1.166788555491475 -74.7489089472439
v -24.1935 1.466428850638636 -75.3155731706191
v -24.1935 -1.466428850638636 -74.68442682938073
v -20.8 1.466428850638636 -75.3155731706191
v -20.8 -1.466428850638636 -74.68442682938073
v -19.8 0.9020001228628654 -75.1941090006151
v -19.8 -0.9020001228628654 -74.80589099938473
v -19.8 -0.6912811896094494 -74.85123738072967
v -19.8 0.6912811896094493 -75.14876261927016
v -19.3 1.950672989603022e-17 -74.99999999999991
v -24.5 -0.2655349605222298 -74.17568744717759
v -24.5 0.5811081311414217 -74.3578837021836
v -24.5 -0.8466430916636515 -74.8178037449939
v -24.5 -0.5811081311414217 -75.64211629781623
v -24.5 0.2655349605222298 -75.82431255282224
v -24.5 0.8466430916636515 -75.18219625500593
v -23.3 0.5811081311414217 -74.3578837021836
v -23.3 -0.2655349605222298 -74.17568744717759
v -23.3 -0.8466430916636515 -74.8178037449939
v -23.3 -0.7138756114025364 -75.22996002140506
v -23.3 -0.5811081311414217 -75.64211629781623
v -23.3 -0.1577865853095959 -75.73321442531923
v -23.3 0.2655349605222298 -75.82431255282224
v -23.3 0.5560890260929395 -75.50325440391408
v -23.3 0.8466430916636515 -75.18219625500593
v 23.3 -0.7138756114026986 -74.77003997859477
v 23.3 -0.7332144253194802 -75.15778658530951
v 23.3 -0.1577865853097581 -74.2667855746806
v 23.30000000000001 0.5560890260927783 -74.49674559608574
v 23.30000000000001 0.7332144253191559 -74.84221341469032
v 22.86698729810781 -1.591269898329232e-13 -74.99999999999991
v 24.5 -1.166788555491646 -75.25109105275592
v 24.50000000000001 1.166788555491305 -74.7489089472439
v 24.19349999999999 -1.466428850638804 -75.3155731706191
v 24.19350000000001 1.466428850638468 -74.68442682938073
v 20.79999999999999 -1.466428850638781 -75.3155731706191
v 20.80000000000001 1.466428850638492 -74.68442682938073
v 19.8 -0.902000122863003 -75.1941090006151
v 19.80000000000001 0.9020001228627277 -74.80589099938473
v 19.80000000000001 0.6912811896093117 -74.85123738072967
v 19.8 -0.691281189609587 -75.14876261927016
v 19.3 -1.342383573883515e-13 -74.99999999999991
v 24.50000000000001 0.2655349605220593 -74.17568744717759
v 24.5 -0.5811081311415922 -74.3578837021836
v 24.50000000000001 0.846643091663481 -74.8178037449939
v 24.50000000000001 0.5811081311412511 -75.64211629781623
v 24.5 -0.2655349605224003 -75.82431255282224
v 24.5 -0.846643091663822 -75.18219625500593
v 23.3 -0.5811081311415838 -74.3578837021836
v 23.3 0.2655349605220677 -74.17568744717759
v 23.30000000000001 0.8466430916634893 -74.8178037449939
v 23.30000000000001 0.7138756114023743 -75.22996002140506
v 23.30000000000001 0.5811081311412595 -75.64211629781623
v 23.3 0.1577865853094338 -75.73321442531923
v 23.3 -0.265534960522392 -75.82431255282224
v 23.3 -0.5560890260931016 -75.50325440391408
v 23.3 -0.8466430916638137 -75.18219625500593
v -12.28047216533238 -10.84352459409036 -4.499569377990182
v -12.28047216533238 -10.84352459409036 -7.499569377990182
v -11.71952783466778 -13.15647540590959 -7.499569377990182
v -11.71952783466778 -13.15647540590959 -4.499569377990182
v -12.47138179047454 -10.05634385561406 -7.499569377990182
v -11.52861820952563 -13.94365614438588 -7.499569377990182
v -12.47138179047454 -10.05634385561406 -4.499569377990182
v -11.52861820952563 -13.94365614438588 -4.499569377990182
v -11.71870291653445 -13.15987680416226 0.0004306220098195922
v -12.28129708346571 -10.84012319583768 0.0004306220098195425
v -11.64646365714424 -13.45774210828941 -0.3060693779901804
v -12.35353634285592 -10.54225789171054 -0.3060693779901805
v -11.64646365714424 -13.45774210828941 -2.599569377990181
v -12.35353634285592 -10.54225789171054 -2.599569377990181
v -11.43434185143074 -14.33238737326306 -2.999569377990181
v -12.56565814856943 -9.667612626736883 -2.999569377990181
v -12.56565814856943 -9.667612626736883 -2.599569377990181
v -11.43434185143074 -14.33238737326306 -2.599569377990181
v -11.60528463889617 -14.72152526787985 -4.499569377990182
v -11.35185003809771 -14.6725271985306 -4.499569377990181
v -11.35185003809771 -14.6725271985306 -2.999569377990181
v -11.60528463889617 -14.72152526787984 -2.999569377990181
v -11.82323182857216 -12.72887105414469 -4.499569377990182
v -11.82323182857216 -12.72887105414469 0.0004306220098195829
v -12.176768171428 -11.27112894585526 0.0004306220098195517
v -12.176768171428 -11.27112894585526 -4.499569377990182
v -12.39471536110399 -9.278474732120102 -4.499569377990182
v -12.89587399448597 -9.400017348903258 -4.499569377990182
v -10.19628597199446 -9.924159036636995 -4.499569377990182
v -9.84044766152682 -10.2974038360801 -4.499569377990182
v -9.300411977508571 -12.52414168773371 -4.499569377990182
v -9.445732300422907 -13.01892910395997 -4.499569377990182
v -11.10412600551419 -14.59998265109669 -4.499569377990182
v -13.8037140280057 -14.07584096336295 -4.499569377990182
v -14.15955233847334 -13.70259616391985 -4.499569377990182
v -14.69958802249159 -11.47585831226623 -4.499569377990182
v -14.55426769957726 -10.98107089603998 -4.499569377990182
v -9.84044766152682 -10.2974038360801 -2.999569377990181
v -10.19628597199446 -9.924159036636995 -2.999569377990181
v -9.300411977508571 -12.52414168773371 -2.999569377990181
v -9.445732300422907 -13.01892910395997 -2.999569377990181
v -12.39471536110399 -9.278474732120102 -2.999569377990181
v -12.89587399448597 -9.400017348903258 -2.999569377990181
v -14.55426769957726 -10.98107089603997 -2.999569377990181
v -14.69958802249159 -11.47585831226623 -2.999569377990181
v -14.15955233847334 -13.70259616391985 -2.999569377990181
v -13.8037140280057 -14.07584096336295 -2.999569377990181
v -11.10412600551419 -14.59998265109669 -2.999569377990181
v -13.0681495366172 -0.5245536840252584 -4.499569377990182
v -13.0681495366172 -0.5245536840252589 -7.499569377990182
v -10.9318504633828 0.5245536840252563 -7.499569377990182
v -10.9318504633828 0.5245536840252568 -4.499569377990182
v -13.79520930523898 -0.8816028302945514 -7.499569377990182
v -10.20479069476101 0.8816028302945488 -7.499569377990182
v -13.79520930523898 -0.8816028302945509 -4.499569377990182
v -10.20479069476101 0.8816028302945493 -4.499569377990182
v -10.92870884709864 0.526096488978273 0.0004306220098187133
v -13.07129115290136 -0.5260964889782729 0.0004306220098186867
v -10.65359302107076 0.6612021227209125 -0.3060693779901814
v -13.34640697892924 -0.6612021227209125 -0.3060693779901814
v -10.65359302107076 0.6612021227209122 -2.599569377990181
v -13.34640697892924 -0.6612021227209129 -2.599569377990181
v -9.845748833713218 1.05792339635346 -2.999569377990181
v -14.15425116628678 -1.05792339635346 -2.999569377990181
v -14.15425116628678 -1.05792339635346 -2.599569377990181
v -9.845748833713218 1.05792339635346 -2.599569377990181
v -9.428803589427154 0.9754224819314516 -4.499569377990182
v -9.531587205296395 1.212203891655006 -4.499569377990182
v -9.531587205296395 1.212203891655006 -2.999569377990181
v -9.428803589427154 0.9754224819314522 -2.999569377990181
v -11.32679651053538 0.3306010613604555 -4.499569377990182
v -11.32679651053538 0.3306010613604563 0.0004306220098187083
v -12.67320348946462 -0.3306010613604562 0.0004306220098186916
v -12.67320348946462 -0.3306010613604571 -4.499569377990182
v -14.57119641057285 -0.9754224819314509 -4.499569377990182
v -14.34388106423843 -1.438305098615911 -4.499569377990182
v -14.41754928591328 1.310707995771826 -4.499569377990183
v -14.13033885406153 1.739010168709719 -4.499569377990183
v -12.07366822167484 2.74901309438774 -4.499569377990183
v -11.55914244348868 2.714432650641172 -4.499569377990183
v -9.656118935761571 1.438305098615911 -4.499569377990182
v -9.582450714086722 -1.310707995771829 -4.499569377990182
v -9.869661145938469 -1.739010168709721 -4.499569377990182
v -11.92633177832516 -2.749013094387742 -4.499569377990182
v -12.44085755651131 -2.714432650641176 -4.499569377990182
v -14.13033885406153 1.73901016870972 -2.999569377990182
v -14.41754928591328 1.310707995771827 -2.999569377990182
v -12.07366822167485 2.749013094387741 -2.999569377990182
v -11.55914244348868 2.714432650641173 -2.999569377990182
v -14.57119641057285 -0.9754224819314505 -2.999569377990181
v -14.34388106423843 -1.438305098615913 -2.999569377990181
v -12.44085755651132 -2.714432650641175 -2.999569377990181
v -11.92633177832516 -2.749013094387742 -2.999569377990181
v -9.869661145938469 -1.73901016870972 -2.999569377990181
v -9.582450714086722 -1.310707995771828 -2.999569377990181
v -9.656118935761571 1.438305098615912 -2.999569377990181
v -12.5962713955587 13.02983514352475 -4.499569377990182
v -12.5962713955587 13.02983514352475 -7.499569377990182
v -11.40372860444146 10.97016485647532 -7.499569377990182
v -11.40372860444146 10.97016485647532 -4.499569377990182
v -13.00213679925827 13.73081536726847 -7.499569377990182
v -10.9978632007419 10.2691846327316 -7.499569377990183
v -13.00213679925827 13.73081536726847 -4.499569377990182
v -10.9978632007419 10.2691846327316 -4.499569377990183
v -11.40197486504276 10.9671359295826 0.0004306220098184349
v -12.5980251349574 13.03286407041747 0.000430622009818965
v -11.24839740055644 10.70188847454871 -0.3060693779901817
v -12.75160259944372 13.29811152545136 -0.306069377990181
v -11.24839740055645 10.70188847454871 -2.599569377990182
v -12.75160259944372 13.29811152545136 -2.599569377990181
v -10.79743584089026 9.923021559277913 -2.999569377990182
v -13.2025641591099 14.07697844072216 -2.999569377990181
v -13.2025641591099 14.07697844072215 -2.599569377990181
v -10.79743584089026 9.923021559277913 -2.599569377990182
v -10.85127164546278 9.501415767383088 -4.499569377990183
v -10.62206190102008 9.620128870005939 -4.499569377990182
v -10.62206190102008 9.620128870005937 -2.999569377990182
v -10.85127164546278 9.501415767383088 -2.999569377990182
v -11.62419870027826 11.35094423727437 -4.499569377990182
v -11.62419870027826 11.35094423727437 0.0004306220098185334
v -12.3758012997219 12.6490557627257 0.0004306220098188665
v -12.3758012997219 12.6490557627257 -4.499569377990182
v -13.14872835453739 14.49858423261698 -4.499569377990182
v -13.59500742843748 14.24019001498303 -4.499569377990182
v -10.85744225193927 14.50141195974321 -4.499569377990182
v -10.41052675832722 14.24412005338531 -4.499569377990182
v -9.262434823501867 12.26122194476021 -4.499569377990182
v -9.261798403789907 11.74553582076836 -4.499569377990182
v -10.40499257156268 9.759809985017039 -4.499569377990183
v -13.1425577480609 9.498588040256857 -4.499569377990182
v -13.58947324167295 9.755879946614757 -4.499569377990182
v -14.7375651764983 11.73877805523986 -4.499569377990182
v -14.73820159621026 12.2544641792317 -4.499569377990182
v -10.41052675832721 14.24412005338531 -2.999569377990181
v -10.85744225193927 14.50141195974321 -2.999569377990181
v -9.262434823501867 12.26122194476021 -2.999569377990182
v -9.261798403789907 11.74553582076836 -2.999569377990182
v -13.14872835453738 14.49858423261698 -2.999569377990181
v -13.59500742843748 14.24019001498303 -2.999569377990181
v -14.73820159621026 12.2544641792317 -2.999569377990181
v -14.7375651764983 11.73877805523986 -2.999569377990181
v -13.58947324167295 9.755879946614755 -2.999569377990182
v -13.1425577480609 9.498588040256857 -2.999569377990182
v -10.40499257156268 9.759809985017039 -2.999569377990182
v -0.6896686165384946 12.96977172538802 -4.499569377990182
v -0.689668616538495 12.96977172538801 -7.499569377990182
v 0.6896686165383332 11.03022827461204 -7.499569377990182
v 0.6896686165383337 11.03022827461204 -4.499569377990182
v -1.159106918552037 13.62986844603026 -7.499569377990182
v 1.159106918551875 10.3701315539698 -7.499569377990182
v -1.159106918552037 13.62986844603026 -4.499569377990182
v 1.159106918551876 10.3701315539698 -4.499569377990182
v 0.6916970536458 11.02737600483149 0.0004306220098195673
v -0.6916970536459598 12.97262399516857 0.0004306220098195673
v 0.8693301889138872 10.77759866547736 -0.3060693779901805
v -0.869330188914047 13.2224013345227 -0.3060693779901805
v 0.8693301889138869 10.77759866547736 -2.599569377990181
v -0.8693301889140473 13.2224013345227 -2.599569377990181
v 1.390928302262267 10.04415786476376 -2.999569377990181
v -1.390928302262428 13.9558421352363 -2.999569377990181
v -1.390928302262428 13.9558421352363 -2.599569377990181
v 1.390928302262267 10.04415786476376 -2.599569377990181
v 1.376625700607219 9.619369478388693 -4.499569377990182
v 1.593772013008859 9.758930886708466 -4.499569377990181
v 1.59377201300886 9.758930886708466 -2.999569377990181
v 1.376625700607219 9.619369478388695 -2.999569377990181
v 0.434665094456903 11.38879933273869 -4.499569377990182
v 0.4346650944569037 11.38879933273869 0.0004306220098195673
v -0.4346650944570635 12.61120066726137 0.0004306220098195673
v -0.4346650944570641 12.61120066726136 -4.499569377990182
v -1.376625700607377 14.38063052161137 -4.499569377990182
v -1.796876291414934 14.081762616955 -4.499569377990182
v 0.9044211652242656 14.59702182430075 -4.499569377990182
v 1.373373658436284 14.38250808903417 -4.499569377990182
v 2.701297456639124 12.51525920734578 -4.499569377990182
v 2.749999359043585 12.00187756742283 -4.499569377990182
v 1.796876291414775 9.918237383045062 -4.499569377990182
v -0.9044211652244271 9.40297817569931 -4.499569377990182
v -1.373373658436445 9.617491910965889 -4.499569377990182
v -2.701297456639284 11.48474079265428 -4.499569377990182
v -2.749999359043747 11.99812243257722 -4.499569377990182
v 1.373373658436285 14.38250808903417 -2.999569377990181
v 0.9044211652242659 14.59702182430075 -2.999569377990181
v 2.701297456639124 12.51525920734578 -2.999569377990181
v 2.749999359043586 12.00187756742283 -2.999569377990181
v -1.376625700607377 14.38063052161137 -2.999569377990181
v -1.796876291414936 14.081762616955 -2.999569377990181
v -2.749999359043747 11.99812243257723 -2.99956937799018
v -2.701297456639284 11.48474079265428 -2.99956937799018
v -1.373373658436445 9.617491910965889 -2.99956937799018
v -0.9044211652244271 9.40297817569931 -2.99956937799018
v 1.796876291414776 9.918237383045062 -2.999569377990181
v -0.741439019042441 0.9307890099488091 -4.499569377990182
v -0.7414390190424416 0.9307890099488091 -7.499569377990182
v 0.7414390190423049 -0.9307890099488085 -7.499569377990182
v 0.7414390190423055 -0.9307890099488085 -4.499569377990182
v -1.246115998390611 1.564351277224889 -7.499569377990182
v 1.246115998390475 -1.564351277224888 -7.499569377990182
v -1.24611599839061 1.564351277224889 -4.499569377990182
v 1.246115998390475 -1.564351277224888 -4.499569377990182
v 0.7436197220394895 -0.9335266246839521 0.0004306220098194348
v -0.7436197220396237 0.9335266246839524 0.0004306220098196998
v 0.93458699879284 -1.173263457918666 -0.3060693779901806
v -0.9345869987929742 1.173263457918667 -0.3060693779901803
v 0.9345869987928396 -1.173263457918666 -2.599569377990181
v -0.9345869987929746 1.173263457918667 -2.599569377990181
v 1.495339198068584 -1.877221532669866 -2.999569377990181
v -1.495339198068719 1.877221532669867 -2.99956937799018
v -1.495339198068719 1.877221532669867 -2.59956937799018
v 1.495339198068584 -1.877221532669866 -2.599569377990181
v 1.504182728530529 -2.302158621639753 -4.499569377990182
v 1.713409497786929 -2.150983006184222 -4.499569377990181
v 1.713409497786929 -2.150983006184222 -2.999569377990181
v 1.50418272853053 -2.302158621639752 -2.999569377990181
v 0.4672934993963858 -0.586631728959333 -4.499569377990182
v 0.4672934993963865 -0.5866317289593331 0.0004306220098194841
v -0.4672934993965207 0.5866317289593335 0.0004306220098196506
v -0.4672934993965213 0.5866317289593335 -4.499569377990182
v -1.504182728530663 2.302158621639754 -4.499569377990182
v -1.907540159055532 1.980856012331702 -4.499569377990182
v 0.7617015483905908 2.642406242646893 -4.499569377990182
v 1.241636485616025 2.453739765661167 -4.499569377990182
v 2.66924170744606 0.6615502303151883 -4.499569377990182
v 2.745819214146624 0.1515811440214109 -4.499569377990182
v 1.907540159055398 -1.9808560123317 -4.499569377990182
v -0.7617015483907269 -2.642406242646894 -4.499569377990182
v -1.241636485616161 -2.453739765661167 -4.499569377990182
v -2.669241707446195 -0.6615502303151888 -4.499569377990182
v -2.745819214146761 -0.1515811440214159 -4.499569377990182
v 1.241636485616027 2.453739765661166 -2.999569377990181
v 0.761701548390591 2.642406242646893 -2.999569377990181
v 2.66924170744606 0.6615502303151898 -2.999569377990181
v 2.745819214146625 0.1515811440214109 -2.999569377990181
v -1.504182728530662 2.302158621639754 -2.99956937799018
v -1.907540159055534 1.9808560123317 -2.99956937799018
v -2.74581921414676 -0.1515811440214119 -2.99956937799018
v -2.669241707446195 -0.6615502303151888 -2.99956937799018
v -1.241636485616161 -2.453739765661167 -2.99956937799018
v -0.7617015483907269 -2.642406242646893 -2.99956937799018
v 1.9075401590554 -1.9808560123317 -2.999569377990181
v -0.750458540953899 -11.07646766255344 -4.499569377990182
v -0.7504585409538996 -11.07646766255344 -7.499569377990182
v 0.750458540953733 -12.92353233744651 -7.499569377990182
v 0.7504585409537337 -12.92353233744651 -4.499569377990182
v -1.261274858745993 -10.44784481101419 -7.499569377990182
v 1.261274858745826 -13.55215518898576 -7.499569377990182
v -1.261274858745992 -10.44784481101419 -4.499569377990182
v 1.261274858745827 -13.55215518898576 -4.499569377990182
v 0.7526657719565399 -12.92624860902724 0.000430622009818536
v -0.7526657719567033 -11.07375139097271 0.0004306220098188639
v 0.9459561440593504 -13.16411639173931 -0.3060693779901816
v -0.9459561440595138 -10.83588360826064 -0.3060693779901811
v 0.9459561440593499 -13.16411639173931 -2.599569377990181
v -0.9459561440595143 -10.83588360826064 -2.599569377990181
v 1.513529830495009 -13.86258622678291 -2.999569377990182
v -1.513529830495173 -10.13741377321704 -2.999569377990181
v -1.513529830495173 -10.13741377321704 -2.599569377990181
v 1.513529830495009 -13.86258622678291 -2.599569377990182
v 1.52650667986031 -14.28741718021472 -4.499569377990182
v 1.734252930775543 -14.13421338485542 -4.499569377990182
v 1.734252930775543 -14.13421338485542 -2.999569377990182
v 1.526506679860311 -14.28741718021472 -2.999569377990182
v 0.4729780720296334 -12.58205819586964 -4.499569377990182
v 0.4729780720296344 -12.58205819586964 0.000430622009818597
v -0.4729780720297977 -11.41794180413031 0.000430622009818803
v -0.4729780720297987 -11.41794180413031 -4.499569377990182
v -1.526506679860474 -9.712582819785224 -4.499569377990182
v -1.926719431254638 -10.03779403904019 -4.499569377990182
v 0.7359604940210671 -9.35030904608853 -4.499569377990182
v 1.217708047188659 -9.534297846086858 -4.499569377990182
v 2.662679925275628 -11.31251500704832 -4.499569377990182
v 2.744214727049055 -11.82171502630161 -4.499569377990182
v 1.926719431254474 -13.96220596095976 -4.499569377990182
v -0.7359604940212328 -14.64969095391142 -4.499569377990182
v -1.217708047188825 -14.46570215391309 -4.499569377990182
v -2.662679925275793 -12.68748499295163 -4.499569377990182
v -2.744214727049221 -12.17828497369834 -4.499569377990182
v 1.217708047188661 -9.53429784608686 -2.999569377990182
v 0.7359604940210673 -9.35030904608853 -2.999569377990182
v 2.662679925275627 -11.31251500704832 -2.999569377990182
v 2.744214727049056 -11.82171502630161 -2.999569377990182
v -1.526506679860473 -9.712582819785224 -2.999569377990181
v -1.92671943125464 -10.03779403904019 -2.999569377990181
v -2.74421472704922 -12.17828497369834 -2.999569377990181
v -2.662679925275792 -12.68748499295163 -2.999569377990181
v -1.217708047188825 -14.46570215391309 -2.999569377990181
v -0.735960494021233 -14.64969095391142 -2.999569377990181
v 1.926719431254476 -13.96220596095976 -2.999569377990182
v 11.28778647920485 -11.04666275600041 -4.499569377990182
v 11.28778647920485 -11.04666275600041 -7.499569377990182
v 12.71221352079499 -12.95333724399954 -7.499569377990182
v 12.71221352079499 -12.95333724399954 -4.499569377990182
v 10.80300248605862 -10.39775253109315 -7.499569377990182
v 13.19699751394122 -13.60224746890681 -7.499569377990182
v 10.80300248605862 -10.39775253109315 -4.499569377990182
v 13.19699751394122 -13.60224746890681 -4.499569377990182
v 12.71430826644439 -12.95614117707013 0.0004306220098194017
v 11.28569173355545 -11.04385882292983 0.0004306220098197329
v 12.8977481354559 -13.2016856016801 -0.3060693779901807
v 11.10225186454394 -10.79831439831985 -0.3060693779901802
v 12.89774813545589 -13.2016856016801 -2.599569377990181
v 11.10225186454394 -10.79831439831985 -2.599569377990181
v 13.43639701672948 -13.92269696268817 -2.999569377990181
v 10.56360298327036 -10.07730303731178 -2.99956937799018
v 10.56360298327036 -10.07730303731178 -2.59956937799018
v 13.43639701672948 -13.92269696268817 -2.599569377990181
v 13.43205669728566 -14.34770390291428 -4.499569377990182
v 13.64587158166921 -14.20309026974687 -4.499569377990181
v 13.64587158166921 -14.20309026974687 -2.999569377990181
v 13.43205669728566 -14.34770390291428 -2.999569377990181
v 12.44887406772791 -12.60084280084004 -4.499569377990182
v 12.44887406772791 -12.60084280084004 0.0004306220098194632
v 11.55112593227193 -11.39915719915992 0.0004306220098196714
v 11.55112593227193 -11.39915719915991 -4.499569377990182
v 10.56794330271418 -9.652296097085669 -4.499569377990182
v 10.15481459464696 -9.960933836318077 -4.499569377990182
v 12.84329039506924 -9.382489482431073 -4.499569377990182
v 13.31714287184471 -9.585950569033731 -4.499569377990182
v 14.68847580042221 -11.42155564611298 -4.499569377990182
v 14.74919956913045 -11.93365447194804 -4.499569377990182
v 13.84518540535288 -14.03906616368188 -4.499569377990182
v 11.1567096049306 -14.61751051756888 -4.499569377990182
v 10.68285712815513 -14.41404943096622 -4.499569377990182
v 9.311524199577633 -12.57844435388698 -4.499569377990182
v 9.250800430869385 -12.06634552805192 -4.499569377990182
v 13.31714287184471 -9.585950569033733 -2.999569377990181
v 12.84329039506924 -9.382489482431073 -2.999569377990181
v 14.6884758004222 -11.42155564611297 -2.999569377990181
v 14.74919956913045 -11.93365447194804 -2.999569377990181
v 10.56794330271418 -9.652296097085671 -2.99956937799018
v 10.15481459464695 -9.960933836318079 -2.99956937799018
v 9.250800430869386 -12.06634552805192 -2.99956937799018
v 9.311524199577633 -12.57844435388698 -2.99956937799018
v 10.68285712815513 -14.41404943096622 -2.99956937799018
v 11.1567096049306 -14.61751051756888 -2.99956937799018
v 13.84518540535289 -14.03906616368188 -2.999569377990181
v 11.38007309147157 1.015770952568811 -4.499569377990182
v 11.38007309147157 1.015770952568811 -7.499569377990182
v 12.61992690852826 -1.015770952568755 -7.499569377990182
v 12.61992690852826 -1.015770952568755 -4.499569377990182
v 10.95810603608674 1.707178071544201 -7.499569377990182
v 13.0418939639131 -1.707178071544145 -7.499569377990182
v 10.95810603608674 1.707178071544201 -4.499569377990182
v 13.0418939639131 -1.707178071544145 -4.499569377990182
v 12.62175022296511 -1.018758514193958 0.0004306220098194348
v 11.37824977703473 1.018758514194013 0.0004306220098196998
v 12.7814204729348 -1.280383553658102 -0.3060693779901806
v 11.21857952706503 1.280383553658157 -0.3060693779901803
v 12.7814204729348 -1.280383553658102 -2.599569377990181
v 11.21857952706503 1.280383553658157 -2.599569377990181
v 13.25027275669573 -2.04861368585298 -2.999569377990181
v 10.7497272433041 2.048613685853035 -2.99956937799018
v 10.7497272433041 2.048613685853035 -2.59956937799018
v 13.25027275669573 -2.04861368585298 -2.599569377990181
v 13.2062009949564 -2.471351686783136 -4.499569377990182
v 13.43260420038054 -2.34736984837321 -4.499569377990181
v 13.43260420038054 -2.34736984837321 -2.999569377990181
v 13.2062009949564 -2.471351686783136 -2.999569377990181
v 12.39071023646736 -0.6401917768290372 -4.499569377990182
v 12.39071023646736 -0.6401917768290373 0.0004306220098194841
v 11.60928976353247 0.6401917768290923 0.0004306220098196506
v 11.60928976353247 0.6401917768290925 -4.499569377990182
v 10.79379900504344 2.471351686783192 -4.499569377990182
v 10.35361464849148 2.202706352271808 -4.499569377990182
v 13.08440698239041 2.527164714960795 -4.499569377990182
v 13.53715284496142 2.280276547093993 -4.499569377990182
v 14.73079233389885 0.3244583626890113 -4.499569377990182
v 14.7433538399179 -0.1910751396891741 -4.499569377990182
v 13.64638535150835 -2.202706352271751 -4.499569377990182
v 10.91559301760942 -2.52716471496074 -4.499569377990182
v 10.46284715503842 -2.280276547093937 -4.499569377990182
v 9.269207666100984 -0.324458362688957 -4.499569377990182
v 9.256646160081932 0.1910751396892243 -4.499569377990182
v 13.53715284496142 2.280276547093992 -2.999569377990181
v 13.08440698239041 2.527164714960795 -2.999569377990181
v 14.73079233389885 0.3244583626890128 -2.999569377990181
v 14.7433538399179 -0.1910751396891743 -2.999569377990181
v 10.79379900504344 2.471351686783192 -2.99956937799018
v 10.35361464849148 2.202706352271807 -2.99956937799018
v 9.256646160081932 0.1910751396892281 -2.99956937799018
v 9.269207666100986 -0.324458362688957 -2.99956937799018
v 10.46284715503842 -2.280276547093937 -2.99956937799018
v 10.91559301760942 -2.52716471496074 -2.99956937799018
v 13.64638535150835 -2.202706352271751 -2.999569377990181
v 11.52864274521554 13.09266753331569 -4.499569377990182
v 11.52864274521554 13.09266753331569 -7.499569377990182
v 12.4713572547843 10.90733246668436 -7.499569377990182
v 12.4713572547843 10.90733246668436 -4.499569377990182
v 11.20780293313542 13.83641602237929 -7.499569377990182
v 12.79219706686442 10.16358397762076 -7.499569377990182
v 11.20780293313542 13.83641602237929 -4.499569377990182
v 12.79219706686442 10.16358397762076 -4.499569377990182
v 12.47274359965131 10.9041187386452 0.0004306220098186372
v 11.52725640034853 13.09588126135485 0.0004306220098187627
v 12.5941478001483 10.62268798321558 -0.3060693779901814
v 11.40585219985154 13.37731201678447 -0.3060693779901813
v 12.5941478001483 10.62268798321558 -2.599569377990181
v 11.40585219985154 13.37731201678447 -2.599569377990181
v 12.95063648023732 9.79630077314491 -2.999569377990181
v 11.04936351976252 14.20369922685514 -2.999569377990181
v 11.04936351976252 14.20369922685514 -2.599569377990181
v 12.95063648023732 9.79630077314491 -2.599569377990181
v 12.8477186744505 9.383920290016452 -4.499569377990182
v 13.08927096693861 9.474927969228538 -4.499569377990182
v 13.08927096693861 9.474927969228538 -2.999569377990181
v 12.8477186744505 9.383920290016453 -2.999569377990181
v 12.29707390007411 11.3113439916078 -4.499569377990182
v 12.29707390007411 11.3113439916078 0.0004306220098186606
v 11.70292609992573 12.68865600839225 0.0004306220098187394
v 11.70292609992573 12.68865600839225 -4.499569377990182
v 11.15228132554934 14.6160797099836 -4.499569377990182
v 10.67877383465149 14.41181703700733 -4.499569377990182
v 13.42808174065413 14.35012394184012 -4.499569377990182
v 13.84173214994543 14.04218576232849 -4.499569377990182
v 14.74930790600257 11.93830690483281 -4.499569377990182
v 14.68945082439601 11.42610605234491 -4.499569377990182
v 13.32122616534835 9.588182962992727 -4.499569377990182
v 10.5719182593457 9.649876058159933 -4.499569377990182
v 10.15826785005441 9.957814237671561 -4.499569377990182
v 9.250692093997266 12.06169309516724 -4.499569377990182
v 9.310549175603821 12.57389394765513 -4.499569377990182
v 13.84173214994543 14.04218576232849 -2.999569377990182
v 13.42808174065413 14.35012394184012 -2.999569377990182
v 14.74930790600257 11.93830690483282 -2.999569377990182
v 14.68945082439601 11.42610605234491 -2.999569377990182
v 11.15228132554934 14.6160797099836 -2.999569377990181
v 10.67877383465148 14.41181703700733 -2.999569377990181
v 9.310549175603823 12.57389394765514 -2.999569377990181
v 9.250692093997266 12.06169309516724 -2.999569377990181
v 10.15826785005441 9.95781423767156 -2.999569377990181
v 10.5719182593457 9.649876058159933 -2.999569377990181
v 13.32122616534835 9.588182962992727 -2.999569377990181
v -35.7140261205051 26.14023617113578 -192.3861245000622
v -53.01337607010498 36.1321699034784 -158.114636241506
v -40.49511224218529 17.85912571436866 -192.3863343459209
v -32.65749300757707 29.87125290300201 -192.6258640294983
v -42.19801058002118 13.34659231891949 -192.6258618772338
v -55.41078428401432 36.77612021759924 -83.45649007226368
v -51.26712207765799 34.38377572732854 -83.45611534551051
v -60.19040956292794 23.70118324628551 -158.1146362415058
v -55.41078429672228 27.20674223450557 -83.45611534551051
v -59.55444650307862 29.59908672477627 -83.45649007226368
v -55.41078427766033 41.56080920914609 -83.45667743564026
v -47.12345986494767 36.77612022860468 -83.45592798213393
v -55.41078430307627 22.42205324295873 -83.45592798213393
v -63.69810871578895 27.20674222350014 -83.45667743564026
v -57.7980650653203 27.8448454653498 -158.114636241506
v -50.62103157249729 40.2758321225427 -158.1146362415058
v -54.95945732980339 32.69640331553614 0.01425045632004955
v -55.37153389695373 32.83088706293707 0.01421724086818044
v -56.11814917254453 32.45168821790012 0.01418145050229769
v -54.5058215118013 32.37608904537993 -0.7068530230641954
v -56.41399796869619 32.54826506188668 -1.428135978436585
v -55.65937165243553 33.10942681221728 -1.428106770195146
v -56.32697207239249 31.61325416549252 -0.7069466713079663
v -54.9120046158718 33.01757281206213 -0.7069056923765511
v -55.92078896955915 30.9717703991749 -0.7068940019957192
v -56.54361991846855 32.32676528501764 0.01415748467858666
v -56.44828900466515 31.43248232003016 0.01419896970304254
v -55.87343407836121 31.29299637403215 0.01424342152413917
v -55.46135751121086 31.15851262663123 0.01427663697600828
v -54.71474223562005 31.53771147166818 0.01431242734189103
v -54.28927477411487 31.66262330549198 0.01433639337745002
v -54.38459964063826 32.55691228418925 0.01429490852766208
v -54.4186977915268 31.44102167028995 -1.427957288151931
v -55.1733241077874 30.87985991995934 -1.42798649639337
v -26.14023617113578 -35.7140261205051 -192.3861245000622
v -36.1321699034784 -53.01337607010498 -158.114636241506
v -17.85912571436866 -40.49511224218529 -192.3863343459209
v -29.87125290300201 -32.65749300757707 -192.6258640294983
v -13.34659231891949 -42.19801058002118 -192.6258618772338
v -36.77612021759924 -55.41078428401432 -83.45649007226368
v -34.38377572732854 -51.26712207765799 -83.45611534551051
v -23.70118324628551 -60.19040956292794 -158.1146362415058
v -27.20674223450557 -55.41078429672228 -83.45611534551051
v -29.59908672477627 -59.55444650307862 -83.45649007226368
v -41.56080920914609 -55.41078427766033 -83.45667743564026
v -36.77612022860468 -47.12345986494767 -83.45592798213393
v -22.42205324295873 -55.41078430307627 -83.45592798213393
v -27.20674222350014 -63.69810871578895 -83.45667743564026
v -27.8448454653498 -57.7980650653203 -158.114636241506
v -40.2758321225427 -50.62103157249729 -158.1146362415058
v -29.46371662822531 66.97624020895539 -23.92344497607655
v -32.57188637067723 67.27646937013165 -23.92344497607655
v -35.65185282220935 66.76201494595894 -23.92344497607655
v -43.81236691388393 58.01622655151324 -23.92344497607655
v -29.46371662822531 66.97624020895539 -1.123141894988904e-18
v -32.57188637067723 67.27646937013165 -9.170415171551275e-19
v -35.65185282220935 66.76201494595894 -6.48446275409991e-19
v -43.81236691388393 58.01622655151324 6.484462754099884e-19
v -52.81631100044206 43.48549241980775 -23.92344497607655
v -59.0044471944261 43.27126715681129 -23.92344497607655
v -64.25641770899601 39.99167453993194 -23.92344497607655
v -67.16496128610069 34.52547876236559 -23.92344497607655
v -52.81631100044206 43.48549241980775 -1.123141894988904e-18
v -59.0044471944261 43.27126715681129 -6.484462754099909e-19
v -64.25641770899601 39.99167453993194 -7.273371295712896e-34
v -67.16496128610069 34.52547876236559 6.484462754099896e-19
v -67.48301327046529 11.25138563140801 -23.92344497607655
v -72.73498378503518 7.971793014528655 -23.92344497607655
v -74.54907473679668 5.430153638879283 -23.92344497607655
v -75.64352736213988 2.505597236962299 -23.92344497607655
v -67.48301327046529 11.25138563140801 -6.484462754099912e-19
v -72.73498378503518 7.971793014528655 -1.663233110321666e-33
v -74.54907473679668 5.430153638879283 3.356604916037979e-19
v -75.64352736213988 2.505597236962299 6.484462754099883e-19
v -58.8157261172787 -20.71792823377896 -23.92344497607655
v -64.06769663184861 -23.99752085065832 -23.92344497607655
v -66.9762402089533 -29.46371662822467 -23.92344497607655
v -66.76201494595685 -35.65185282220871 -23.92344497607655
v -58.8157261172787 -20.71792823377896 -6.484462754099909e-19
v -64.06769663184861 -23.99752085065832 -7.273371295712896e-34
v -66.9762402089533 -29.46371662822467 6.484462754099896e-19
v -66.76201494595685 -35.65185282220871 1.123141894988904e-18
v -35.32497832813105 -44.07052260599566 -23.92344497607655
v -43.48549241980565 -52.81631100044137 -23.92344497607655
v -43.27126715680919 -59.00444719442541 -23.92344497607655
v -41.97718836611876 -61.84631573125104 -23.92344497607655
v -35.32497832813105 -44.07052260599566 -6.484462754099909e-19
v -43.48549241980565 -52.81631100044137 6.484462754099896e-19
v -43.27126715680919 -59.00444719442541 1.123141894988904e-18
v -41.97718836611876 -61.84631573125104 1.252702008758926e-18
v -3.30509680272778 -52.54908868203495 -23.92344497607655
v -11.46561089440237 -61.29487707648066 -23.92344497607655
v -11.25138563140592 -67.4830132704647 -23.92344497607655
v -3.30509680272778 -52.54908868203495 -6.484462754099895e-19
v -11.46561089440237 -61.29487707648066 6.484462754099899e-19
v -11.25138563140592 -67.4830132704647 1.123141894988903e-18
v 28.6642170624592 -43.88180152884826 -23.92344497607655
v 20.50370297078461 -52.62758992329397 -23.92344497607655
v 28.6642170624592 -43.88180152884826 -6.484462754099909e-19
v 20.50370297078461 -52.62758992329397 6.484462754099896e-19
v 52.0168114346759 -20.39105373970066 -23.92344497607655
v 43.8562973430013 -29.13684213414637 -23.92344497607655
v 52.0168114346759 -20.39105373970066 -6.484462754099909e-19
v 43.8562973430013 -29.13684213414637 6.484462754099896e-19
v 66.68351370469922 11.84305304869908 -23.92344497607655
v 60.49537751071519 11.62882778570262 -23.92344497607655
v 52.33486341904061 2.883039391256917 -23.92344497607655
v 66.68351370469922 11.84305304869908 -1.123141894988903e-18
v 60.49537751071519 11.62882778570262 -6.484462754099899e-19
v 52.33486341904061 2.883039391256917 6.484462754099898e-19
v 60.94078295342962 42.71791428854284 -23.92344497607655
v 58.01622655151264 43.81236691388604 -23.92344497607655
v 51.8280903575286 43.59814165088959 -23.92344497607655
v 43.66757626585401 34.85235325644388 -23.92344497607655
v 60.94078295342962 42.71791428854284 -1.252702008758926e-18
v 58.01622655151264 43.81236691388604 -1.123141894988904e-18
v 51.8280903575286 43.59814165088959 -6.484462754099909e-19
v 43.66757626585401 34.85235325644388 6.484462754099896e-19
v 34.52547876236499 67.1649612861027 -23.92344497607655
v 28.33734256838095 66.95073602310623 -23.92344497607655
v 23.08537205381105 63.67114340622689 -23.92344497607655
v 20.17682847670636 58.20494762866053 -23.92344497607655
v 34.52547876236499 67.1649612861027 -1.123141894988904e-18
v 28.33734256838095 66.95073602310623 -6.484462754099909e-19
v 23.08537205381105 63.67114340622689 -7.273371295712896e-34
v 20.17682847670636 58.20494762866053 6.484462754099896e-19
v 2.505597236961641 75.64352736214198 -23.92344497607655
v -3.682538957022393 75.42930209914553 -23.92344497607655
v -8.934509471592293 72.14970948226619 -23.92344497607655
v -11.84305304869698 66.68351370469983 -23.92344497607655
v 2.505597236961641 75.64352736214198 -1.123141894988903e-18
v -3.682538957022393 75.42930209914553 -6.484462754099904e-19
v -8.934509471592293 72.14970948226619 -1.015305123648328e-33
v -11.84305304869698 66.68351370469983 6.484462754099885e-19
v -14.60415873788099 47.81964604175543 -23.92344497607655
v -48.71510764108068 11.26225055297226 -23.92344497607655
v -14.60415873788099 47.81964604175543 -2.710505431213747e-18
v -48.71510764108068 11.26225055297226 2.71050543121377e-18
v -36.52268565416392 -68.63921575034671 8.14256305693302e-18
v -17.51306904170361 -75.75315781507751 7.300422317427879e-18
v 2.690034284233796 -77.70464736272318 5.960769861508337e-18
v 22.70981621919252 -74.36069360560063 4.214900790164955e-18
v 41.18196170855908 -65.9491814661129 2.181793195424724e-18
v 56.84762456389694 -53.04334159588495 2.447792981489426e-32
v 68.63921575034665 -36.52268565416402 -2.181793195424677e-18
v 75.75315781507749 -17.51306904170368 -4.214900790164913e-18
v 77.70464736272318 2.690034284233825 -5.96076986150831e-18
v 74.3606936056006 22.70981621919265 -7.300422317427865e-18
v 65.9491814661128 41.18196170855925 -8.142563056933017e-18
v -36.52268565416392 -68.63921575034671 -23.92344497607655
v -17.51306904170361 -75.75315781507751 -23.92344497607655
v 2.690034284233796 -77.70464736272318 -23.92344497607655
v 22.70981621919252 -74.36069360560063 -23.92344497607655
v 41.18196170855908 -65.9491814661129 -23.92344497607655
v 56.84762456389694 -53.04334159588495 -23.92344497607655
v 68.63921575034665 -36.52268565416402 -23.92344497607655
v 75.75315781507749 -17.51306904170368 -23.92344497607655
v 77.70464736272318 2.690034284233825 -23.92344497607655
v 74.3606936056006 22.70981621919265 -23.92344497607655
v 65.9491814661128 41.18196170855925 -23.92344497607655
v -28.66421706245775 43.88180152885107 -23.92344497607655
v -20.50370297078316 52.62758992329676 -23.92344497607655
v -52.01681143467449 20.39105373970341 -23.92344497607655
v -43.85629734299991 29.13684213414911 -23.92344497607655
v -66.68351370469772 -11.84305304869633 -23.92344497607655
v -60.49537751071368 -11.62882778569987 -23.92344497607655
v -52.3348634190391 -2.883039391254174 -23.92344497607655
v -60.94078295342812 -42.7179142885401 -23.92344497607655
v -58.01622655151114 -43.8123669138833 -23.92344497607655
v -51.8280903575271 -43.59814165088684 -23.92344497607655
v -43.66757626585251 -34.85235325644114 -23.92344497607655
v -34.52547876236348 -67.1649612861 -23.92344497607655
v -28.33734256837945 -66.95073602310354 -23.92344497607655
v -23.08537205380954 -63.67114340622419 -23.92344497607655
v -20.17682847670486 -58.20494762865784 -23.92344497607655
v -2.50559723696021 -75.64352736213928 -23.92344497607655
v 3.682538957023826 -75.42930209914283 -23.92344497607655
v 8.93450947159373 -72.14970948226348 -23.92344497607655
v 11.84305304869842 -66.68351370469713 -23.92344497607655
v 29.46371662822677 -66.97624020895259 -23.92344497607655
v 32.57188637067869 -67.27646937012885 -23.92344497607655
v 35.65185282221081 -66.76201494595614 -23.92344497607655
v 43.81236691388539 -58.01622655151044 -23.92344497607655
v 52.81631100044346 -43.485492419805 -23.92344497607655
v 59.00444719442751 -43.27126715680855 -23.92344497607655
v 64.2564177089974 -39.99167453992919 -23.92344497607655
v 67.1649612861021 -34.52547876236284 -23.92344497607655
v 67.48301327046681 -11.25138563140524 -23.92344497607655
v 72.7349837850367 -7.971793014525892 -23.92344497607655
v 74.54907473679819 -5.430153638876522 -23.92344497607655
v 75.64352736214138 -2.505597236959545 -23.92344497607655
v 58.81572611728021 20.71792823378171 -23.92344497607655
v 64.06769663185011 23.99752085066106 -23.92344497607655
v 66.97624020895479 29.46371662822741 -23.92344497607655
v 66.76201494595834 35.65185282221145 -23.92344497607655
v 35.32497832813256 44.07052260599836 -23.92344497607655
v 43.48549241980715 52.81631100044406 -23.92344497607655
v 43.27126715681069 59.0044471944281 -23.92344497607655
v 41.97718836612026 61.84631573125373 -23.92344497607655
v 3.305096802729205 52.54908868203766 -23.92344497607655
v 11.46561089440379 61.29487707648336 -23.92344497607655
v 11.25138563140734 67.4830132704674 -23.92344497607655
v 14.60415873788104 -47.81964604175541 -23.92344497607655
v 48.71510764108066 -11.2622505529723 -23.92344497607655
v 36.52268565416391 68.63921575034672 -23.92344497607655
v 17.51306904170358 75.75315781507751 -23.92344497607655
v -2.690034284233825 77.70464736272318 -23.92344497607655
v -22.70981621919256 74.36069360560063 -23.92344497607655
v -41.18196170855915 65.94918146611286 -23.92344497607655
v -56.84762456389696 53.04334159588491 -23.92344497607655
v -68.63921575034666 36.52268565416401 -23.92344497607655
v -75.75315781507749 17.51306904170363 -23.92344497607655
v -77.70464736272318 -2.690034284233846 -23.92344497607655
v -74.3606936056006 -22.70981621919267 -23.92344497607655
v -65.94918146611279 -41.18196170855926 -23.92344497607655
v -28.66421706245775 43.88180152885107 6.484462754099907e-19
v -20.50370297078316 52.62758992329676 -6.484462754099883e-19
v -66.68351370469772 -11.84305304869633 1.123141894988904e-18
v -60.49537751071368 -11.62882778569987 6.484462754099909e-19
v -52.3348634190391 -2.883039391254174 -6.484462754099877e-19
v -34.52547876236348 -67.1649612861 1.123141894988904e-18
v -28.33734256837945 -66.95073602310354 6.484462754099906e-19
v -23.08537205380954 -63.67114340622419 3.102194272131184e-34
v -20.17682847670486 -58.20494762865784 -6.48446275409989e-19
v 29.46371662822677 -66.97624020895259 1.123141894988904e-18
v 32.57188637067869 -67.27646937012885 9.170415171551272e-19
v 35.65185282221081 -66.76201494595614 6.484462754099906e-19
v 43.81236691388539 -58.01622655151044 -6.48446275409989e-19
v 67.48301327046681 -11.25138563140524 6.484462754099899e-19
v 72.7349837850367 -7.971793014525892 -1.937245624216997e-34
v 74.54907473679819 -5.430153638876522 -3.356604916037992e-19
v 75.64352736214138 -2.505597236959545 -6.484462754099892e-19
v 35.32497832813256 44.07052260599836 6.484462754099906e-19
v 43.48549241980715 52.81631100044406 -6.48446275409989e-19
v 43.27126715681069 59.0044471944281 -1.123141894988903e-18
v 41.97718836612026 61.84631573125373 -1.252702008758926e-18
v 14.60415873788104 -47.81964604175541 2.710505431213743e-18
v 48.71510764108066 -11.2622505529723 -2.710505431213766e-18
v 3.305096802729205 52.54908868203766 6.484462754099904e-19
v 11.46561089440379 61.29487707648336 -6.484462754099884e-19
v 11.25138563140734 67.4830132704674 -1.123141894988902e-18
v 58.81572611728021 20.71792823378171 6.484462754099906e-19
v 64.06769663185011 23.99752085066106 3.102194272131184e-34
v 66.97624020895479 29.46371662822741 -6.48446275409989e-19
v 66.76201494595834 35.65185282221145 -1.123141894988903e-18
v 52.81631100044346 -43.485492419805 1.123141894988904e-18
v 59.00444719442751 -43.27126715680855 6.484462754099906e-19
v 64.2564177089974 -39.99167453992919 3.102194272131184e-34
v 67.1649612861021 -34.52547876236284 -6.48446275409989e-19
v -2.50559723696021 -75.64352736213928 1.123141894988903e-18
v 3.682538957023826 -75.42930209914283 6.484462754099892e-19
v 8.93450947159373 -72.14970948226348 -6.256765535372584e-34
v 11.84305304869842 -66.68351370469713 -6.484462754099893e-19
v -60.94078295342812 -42.7179142885401 1.252702008758927e-18
v -58.01622655151114 -43.8123669138833 1.123141894988904e-18
v -51.8280903575271 -43.59814165088684 6.484462754099906e-19
v -43.66757626585251 -34.85235325644114 -6.48446275409989e-19
v -52.01681143467449 20.39105373970341 6.484462754099906e-19
v -43.85629734299991 29.13684213414911 -6.48446275409989e-19
v 36.52268565416391 68.63921575034672 -8.14256305693302e-18
v 17.51306904170358 75.75315781507751 -7.300422317427875e-18
v -2.690034284233825 77.70464736272318 -5.960769861508334e-18
v -22.70981621919256 74.36069360560063 -4.214900790164951e-18
v -41.18196170855915 65.94918146611286 -2.181793195424716e-18
v -56.84762456389696 53.04334159588491 -1.970202703421938e-32
v -68.63921575034666 36.52268565416401 2.181793195424678e-18
v -75.75315781507749 17.51306904170363 4.214900790164917e-18
v -77.70464736272318 -2.690034284233846 5.960769861508312e-18
v -74.3606936056006 -22.70981621919267 7.300422317427866e-18
v -65.94918146611279 -41.18196170855926 8.142563056933017e-18
v 0.8361872187343821 63.94448788358469 0.01425045632004955
v 0.7466152768045382 64.36859853274166 0.01421724086818044
v 0.0449118061213636 64.82558690573835 0.01418145050229769
v 0.7856048325854531 63.39147060605019 -0.7068530230641964
v -0.01937459164473452 65.13008790087791 -1.428135978436585
v 0.8439188979040081 64.75714321579723 -1.428106770195146
v -0.7856048325854963 64.58721581569475 -0.7069466713079673
v 1.138054518612285 64.06397737610445 -0.7069056923765511
v -1.138054518915194 63.91470904689425 -0.7068940019957153
v -0.276010000232449 65.13159391383427 0.01415748467858666
v -1.002816309181327 64.60189343822074 0.01419896970304255
v -0.8361872187344275 64.03431149555202 0.01424342152413917
v -0.7466152768045632 63.6102008463951 0.01427663697600828
v -0.04491180612144106 63.15321247339845 0.01431242734189103
v 0.275998745956106 62.84720276016321 0.01433639337745001
v 1.002813286570488 63.3769010055335 0.01429490852766207
v 0.01937459164474239 62.84848556347526 -1.427957288151931
v -0.8439188979040115 63.2214302485559 -1.42798649639337
v 54.95945732980339 -32.69640331553615 0.01425045632004955
v 55.37153389695374 -32.83088706293707 0.01421724086818044
v 56.11814917254455 -32.45168821790009 0.01418145050229769
v 54.5058215118013 -32.37608904537993 -0.7068530230641954
v 56.4139979686962 -32.54826506188665 -1.428135978436585
v 55.65937165243555 -33.10942681221728 -1.428106770195146
v 56.3269720723925 -31.61325416549247 -0.7069466713079673
v 54.9120046158718 -33.0175728120621 -0.7069056923765491
v 55.92078896955915 -30.9717703991749 -0.7068940019957192
v 56.54361991846853 -32.3267652850176 0.01415748467858665
v 56.44828900466516 -31.43248232003014 0.01419896970304254
v 55.87343407836118 -31.29299637403214 0.01424342152413917
v 55.46135751121084 -31.15851262663122 0.01427663697600828
v 54.71474223562004 -31.53771147166819 0.01431242734189103
v 54.28927477411499 -31.6626233054916 0.01433639337745002
v 54.38459964063818 -32.55691228418906 0.01429490852766209
v 54.4186977915268 -31.44102167028995 -1.427957288151931
v 55.1733241077874 -30.87985991995934 -1.42798649639337
v 17.85913580620702 -40.49512164538207 -192.3861245002488
v 27.84484546534979 -57.79806506532033 -158.114636241506
v 26.14023307366337 -35.71401267910277 -192.3863343468474
v 13.34659211697434 -42.19801036065718 -192.6258640294689
v 29.87125299201828 -32.65749329213291 -192.6258618777913
v 29.59908672477627 -59.55444650307862 -83.45649007226368
v 27.20674223450557 -55.41078429672229 -83.45611534551051
v 40.27583212254271 -50.62103157249728 -158.1146362415058
v 34.38377572732853 -51.26712207765799 -83.45611534551051
v 36.77612021759924 -55.41078428401432 -83.45649007226368
v 27.20674222350015 -63.69810871578895 -83.45667743564026
v 22.42205324295873 -55.41078430307629 -83.45592798213393
v 36.77612022860465 -47.12345986494766 -83.45592798213393
v 41.56080920914609 -55.41078427766033 -83.45667743564026
v 36.13216990347841 -53.01337607010501 -158.114636241506
v 23.70118324628551 -60.19040956292796 -158.1146362415059
v -35.30962967511623 -53.50257010017732 0.0145991493985616
v -35.30962967511623 -57.33032133815579 0.0143395310847535
v -40.28127486669725 -60.19983665032543 -19.12404347060068
v -40.28127486669726 -50.63045868190567 -19.12339442482474
v -27.80201930123657 -57.83547036129464 -17.90595807950606
v -27.80201930123656 -52.99499018315729 -17.90562977256453
v -27.80389832908612 -52.99311115524723 -83.45386653489314
v -27.80389832908612 -57.82845773371386 -83.45419449364681
v -30.97705374407463 -56.0039839560685 0.01424693892196425
v -30.97705374407463 -54.82890745750156 0.01432663881889763
v -23.70410679427779 -60.19547329658895 -83.456302708888
v -23.70410679427778 -50.62609532816918 -83.45565366311206
v -28.67977004203647 -57.33032135576448 0.01459914939775576
v -28.67977004203647 -53.50257011778601 0.01485876771156386
v -40.27875565782702 -50.62609528414745 -83.45630270888599
v -40.27875565782702 -60.19547325256723 -83.45695175466193
v -36.18597691565672 -52.99499016088972 -17.90595807950504
v -36.18597691565672 -57.83547033902714 -17.90628638644657
v -36.17896428810678 -57.82845771151015 -83.45452245239947
v -36.17896428810678 -52.99311113296314 -83.45419449364579
v -33.01234594549382 -54.82890745209581 0.01424693892221164
v -33.01234594549382 -56.00398395066292 0.01416723902527825
v -23.70662600314804 -50.63045872592738 -19.12274537905082
v -23.70662600314803 -60.19983669434713 -19.12339442482676
v -31.24808456804847 55.79564454853771 0.01425045632004956
v -31.53771146980449 56.11814917375825 0.01421724086818045
v -32.37389868783819 56.16306097866595 0.01418145050229769
v -31.01538156067027 55.2914263443867 -0.7068530230641954
v -32.58182283899128 56.39462337705147 -1.428135978436585
v -31.64771640357998 56.50329055033957 -1.428106770195146
v -32.97396165020227 55.541367239807 -0.7069466713079673
v -31.0464045640423 56.05005913448414 -0.7069056923765511
v -32.94293864771934 54.7827344506439 -0.7068940019957172
v -32.80482862881679 56.26760991823642 0.01415748467858666
v -33.16941111819077 55.4454726954839 0.01419896970304254
v -32.74131512151987 55.03724685962676 0.01424342152413917
v -32.45168821976385 54.71474223440629 0.01427663697600828
v -31.61550100173026 54.6698304294986 0.01431242734189103
v -31.18457945467132 54.56527352007059 0.01433639337745002
v -30.81998872134418 55.3874129272086 0.01429490852766209
v -31.40746389318536 54.43807238317157 -1.427957288151931
v -32.34157032859658 54.32940520988338 -1.42798649639337
v -53.50257010017732 35.30962967511623 0.0145991493985616
v -57.33032133815579 35.30962967511623 0.0143395310847535
v -60.19983665032543 40.28127486669725 -19.12404347060068
v -50.63045868190567 40.28127486669726 -19.12339442482474
v -57.83547036129464 27.80201930123657 -17.90595807950606
v -52.99499018315729 27.80201930123656 -17.90562977256453
v -52.99311115524723 27.80389832908612 -83.45386653489314
v -57.82845773371386 27.80389832908612 -83.45419449364681
v -56.0039839560685 30.97705374407463 0.01424693892196425
v -54.82890745750156 30.97705374407463 0.01432663881889763
v -60.19547329658895 23.70410679427779 -83.456302708888
v -50.62609532816918 23.70410679427778 -83.45565366311206
v -57.33032135576448 28.67977004203647 0.01459914939775576
v -53.50257011778601 28.67977004203647 0.01485876771156386
v -50.62609528414745 40.27875565782702 -83.45630270888599
v -60.19547325256723 40.27875565782702 -83.45695175466193
v -52.99499016088972 36.18597691565672 -17.90595807950504
v -57.83547033902714 36.18597691565672 -17.90628638644657
v -57.82845771151015 36.17896428810678 -83.45452245239947
v -52.99311113296314 36.17896428810678 -83.45419449364579
v -54.82890745209581 33.01234594549382 0.01424693892221164
v -56.00398395066292 33.01234594549382 0.01416723902527825
v -50.63045872592738 23.70662600314804 -19.12274537905082
v -60.19983669434713 23.70662600314803 -19.12339442482676
v 63.94448788358469 -0.8361872187343821 0.01425045632004955
v 64.36859853274166 -0.7466152768045382 0.01421724086818044
v 64.82558690573835 -0.0449118061213636 0.01418145050229769
v 63.39147060605019 -0.7856048325854531 -0.7068530230641964
v 65.13008790087791 0.01937459164473452 -1.428135978436585
v 64.75714321579723 -0.8439188979040081 -1.428106770195146
v 64.58721581569475 0.7856048325854963 -0.7069466713079673
v 64.06397737610445 -1.138054518612285 -0.7069056923765511
v 63.91470904689425 1.138054518915194 -0.7068940019957153
v 65.13159391383427 0.276010000232449 0.01415748467858666
v 64.60189343822074 1.002816309181327 0.01419896970304255
v 64.03431149555202 0.8361872187344275 0.01424342152413917
v 63.6102008463951 0.7466152768045632 0.01427663697600828
v 63.15321247339845 0.04491180612144106 0.01431242734189103
v 62.84720276016321 -0.275998745956106 0.01433639337745001
v 63.3769010055335 -1.002813286570488 0.01429490852766207
v 62.84848556347526 -0.01937459164474239 -1.427957288151931
v 63.2214302485559 0.8439188979040115 -1.42798649639337
v 43.30127018922198 24.99999999999992 -23.92344497607655
v 43.30127018922186 -25.00000000000012 -23.92344497607655
v 43.30127018922198 24.99999999999992 -164.5014961965625
v 43.30127018922186 -25.00000000000012 -164.5014961965625
v -44.54436885494128 -25.7177033492822 -164.5014961965625
v -44.5443688549412 25.71770334928235 -164.5014961965625
v -44.54436885494128 -25.7177033492822 -23.92344497607655
v -44.5443688549412 25.71770334928235 -23.92344497607655
v -43.30127018922199 -24.9999999999999 -23.92344497607655
v -43.30127018922189 25.00000000000008 -23.92344497607655
v 44.54436885494129 25.7177033492822 -23.92344497607655
v 44.5443688549412 -25.71770334928235 -23.92344497607655
v -43.30127018922199 -24.9999999999999 -164.5014961965625
v -43.30127018922189 25.00000000000008 -164.5014961965625
v 44.54436885494129 25.7177033492822 -164.5014961965625
v 44.5443688549412 -25.71770334928235 -164.5014961965625
v 53.50257010017732 -35.30962967511623 0.0145991493985616
v 57.33032133815579 -35.30962967511623 0.0143395310847535
v 60.19983665032543 -40.28127486669725 -19.12404347060068
v 50.63045868190567 -40.28127486669726 -19.12339442482474
v 57.83547036129464 -27.80201930123657 -17.90595807950606
v 52.99499018315729 -27.80201930123656 -17.90562977256453
v 52.99311115524723 -27.80389832908612 -83.45386653489314
v 57.82845773371386 -27.80389832908612 -83.45419449364681
v 56.00398395606852 -30.97705374407458 0.01424693892196425
v 54.82890745750155 -30.97705374407458 0.01432663881889763
v 60.19547329658895 -23.70410679427779 -83.456302708888
v 50.62609532816918 -23.70410679427778 -83.45565366311206
v 57.33032135576448 -28.67977004203647 0.01459914939775576
v 53.50257011778601 -28.67977004203647 0.01485876771156386
v 50.62609528414745 -40.27875565782702 -83.45630270888599
v 60.19547325256723 -40.27875565782702 -83.45695175466193
v 52.99499016088972 -36.18597691565672 -17.90595807950504
v 57.83547033902714 -36.18597691565672 -17.90628638644657
v 57.82845771151015 -36.17896428810678 -83.45452245239947
v 52.99311113296314 -36.17896428810678 -83.45419449364579
v 54.82890745209582 -33.01234594549378 0.01424693892221164
v 56.00398395066291 -33.01234594549378 0.01416723902527825
v 50.63045872592738 -23.70662600314804 -19.12274537905082
v 60.19983669434713 -23.70662600314803 -19.12339442482676
v 3.827751246782868 63.98939971206951 0.0145991493985616
v 1.91387562779364 67.30432952352619 0.0143395310847535
v 4.784689006220708 72.27522527620395 -19.12404347060068
v 9.569377990430594 63.98790085713732 -19.12339442482474
v -4.84048018927117 63.98799622332145 -17.90595807950606
v -2.420240100202511 59.7960174225395 -17.90562977256453
v -2.417673300395322 59.79532965055968 -83.45386653489314
v -4.835346589628653 63.98286262361396 -83.45419449364681
v -1.175076501269786 63.98939969112875 0.01424693892196425
v -0.5875382519862973 62.97175359197968 0.01432663881889763
v -9.56937799043059 63.98286246481268 -83.456302708888
v -4.784689006220706 55.69553804574603 -83.45565366311206
v -3.827751246782752 63.98939972223589 0.01459914939775576
v -1.913875627793523 60.67446991077921 0.01485876771156386
v 9.569377990430665 63.98286243939672 -83.45630270888599
v 4.784689006220777 72.27018685846338 -83.45695175466193
v 4.840480189271108 63.98799621046529 -17.90595807950504
v 2.4202401002024 68.17997501124734 -17.90628638644657
v 2.417673300355376 68.1703955838953 -83.45452245239947
v 4.835346589628869 63.98286261077143 -83.45419449364579
v 1.175076501269944 63.98939968800778 0.01424693892221164
v 0.587538251986407 65.00704578715694 0.01416723902527825
v -4.784689006220761 55.70057646348663 -19.12274537905082
v -9.569377990430642 63.98790088255326 -19.12339442482676
v 32.69640331553614 54.95945732980339 0.01425045632004955
v 32.83088706293707 55.37153389695373 0.01421724086818044
v 32.45168821790012 56.11814917254453 0.01418145050229769
v 32.37608904537993 54.5058215118013 -0.7068530230641954
v 32.54826506188668 56.41399796869619 -1.428135978436585
v 33.10942681221728 55.65937165243553 -1.428106770195146
v 31.61325416549252 56.32697207239249 -0.7069466713079663
v 33.0175728120621 54.9120046158718 -0.7069056923765491
v 30.9717703991749 55.92078896955915 -0.7068940019957192
v 32.32676528501761 56.54361991846853 0.01415748467858666
v 31.43248232003014 56.44828900466517 0.01419896970304253
v 31.29299637403215 55.87343407836121 0.01424342152413917
v 31.15851262663123 55.46135751121086 0.01427663697600828
v 31.53771147166818 54.71474223562005 0.01431242734189103
v 31.6626233054916 54.28927477411499 0.01433639337745003
v 32.55691228418906 54.38459964063819 0.01429490852766209
v 31.44102167028995 54.4186977915268 -1.427957288151931
v 30.87985991995934 55.1733241077874 -1.42798649639337
v -0.8361872187343821 -63.94448788358469 0.01425045632004955
v -0.7466152768045382 -64.36859853274166 0.01421724086818044
v -0.0449118061213636 -64.82558690573835 0.01418145050229769
v -0.7856048325854531 -63.39147060605019 -0.7068530230641964
v 0.01937459164473452 -65.13008790087791 -1.428135978436585
v -0.8439188979040081 -64.75714321579723 -1.428106770195146
v 0.7856048325854963 -64.58721581569475 -0.7069466713079673
v -1.138054518612285 -64.06397737610445 -0.7069056923765511
v 1.138054518915194 -63.91470904689425 -0.7068940019957153
v 0.276010000232449 -65.13159391383427 0.01415748467858666
v 1.002816309181327 -64.60189343822074 0.01419896970304255
v 0.8361872187344275 -64.03431149555202 0.01424342152413917
v 0.7466152768045632 -63.6102008463951 0.01427663697600828
v 0.04491180612144106 -63.15321247339845 0.01431242734189103
v -0.275998745956106 -62.84720276016321 0.01433639337745001
v -1.002813286570488 -63.3769010055335 0.01429490852766207
v -0.01937459164474239 -62.84848556347526 -1.427957288151931
v 0.8439188979040115 -63.2214302485559 -1.42798649639337
v -28.67977003695323 57.33032134696023 0.0145991493985616
v -31.99469984840992 59.24419696594946 0.01433953108475349
v -31.99395040950675 64.98452565654617 -19.12404347060068
v -23.70662599044011 60.19983667233628 -19.12339442482474
v -36.18597692208483 52.99499017202348 -17.90595807950606
v -31.99399812130288 50.57475008295481 -17.90562977256453
v -31.99143132147355 50.57543785485188 -83.45386653489314
v -36.17896429452784 52.99311114408522 -83.45419449364681
v -33.01234594705416 54.82890745479875 0.01424693892196425
v -31.99469984790508 54.24136920551526 0.01432663881889763
v -40.27875567053496 50.62609530615832 -83.456302708888
v -31.99143125146831 45.84140632194842 -83.45565366311206
v -35.30962968019936 53.50257010898176 0.01459914939775576
v -31.99469986874267 51.58869448999253 0.01485876771156387
v -23.70410678156974 60.19547327457807 -83.45630270888599
v -31.99143120063639 64.98016225878797 -83.45695175466193
v -27.80201929480853 57.83547035016088 -17.90595807950504
v -31.99399809559058 60.25571043922959 -17.90628638644657
v -31.99143129578851 60.24613101186551 -83.45452245239947
v -27.80389832266466 57.82845772259202 -83.45419449364579
v -30.97705374251401 56.00398395336579 0.01424693892221164
v -31.99469984166317 56.59152220264932 0.01416723902527825
v -31.99395046033865 45.84576971970664 -19.12274537905082
v -40.28127487940527 50.63045870391652 -19.12339442482676
v -55.79564454853771 -31.24808456804847 0.01425045632004956
v -56.11814917375825 -31.53771146980449 0.01421724086818045
v -56.16306097866595 -32.37389868783819 0.01418145050229769
v -55.2914263443867 -31.01538156067027 -0.7068530230641954
v -56.39462337705147 -32.58182283899128 -1.428135978436585
v -56.50329055033957 -31.64771640357998 -1.428106770195146
v -55.541367239807 -32.97396165020227 -0.7069466713079673
v -56.05005913448414 -31.0464045640423 -0.7069056923765511
v -54.7827344506439 -32.94293864771934 -0.7068940019957172
v -56.26760991823642 -32.80482862881679 0.01415748467858666
v -55.4454726954839 -33.16941111819077 0.01419896970304254
v -55.03724685962676 -32.74131512151987 0.01424342152413917
v -54.71474223440629 -32.45168821976385 0.01427663697600828
v -54.6698304294986 -31.61550100173026 0.01431242734189103
v -54.56527352007059 -31.18457945467132 0.01433639337745002
v -55.3874129272086 -30.81998872134418 0.01429490852766209
v -54.43807238317157 -31.40746389318536 -1.427957288151931
v -54.32940520988338 -32.34157032859658 -1.42798649639337
v 81.19886482524944 -81.19886482524943 -47.84688995215311
v 81.19886482524939 81.19886482524947 -47.84688995215311
v 91.13602204170738 52.61740685865173 -35.86837543130524
v 91.13602204170759 -52.61740685865136 -35.86837543130525
v -78.73237868886775 -45.45616002995735 -35.8683754313053
v -78.73237868886756 45.45616002995769 -35.86837543130529
v 78.73237868886773 45.4561600299574 -35.86837543130529
v 78.73237868886763 -45.45616002995757 -35.8683754313053
v -91.13602204170739 -52.6174068586517 -35.86837543130525
v -91.13602204170761 52.61740685865135 -35.86837543130524
v -57.41626794258374 99.44789325754313 -119.6172248803828
v 57.41626794258359 99.4478932575432 -119.6172248803828
v -81.19886482524944 81.19886482524943 -47.84688995215311
v -60.05332711034076 60.05332711034079 -44.42577659409545
v -60.05332711034082 -60.05332711034073 -44.42577659409545
v 57.41626794258375 -99.44789325754311 -119.6172248803828
v -57.41626794258362 -99.44789325754319 -119.6172248803828
v -64.59330143540565 -111.8788799147346 -119.6172248803828
v 64.59330143540612 -111.8788799147344 -119.6172248803828
v 64.59330143540565 111.8788799147346 -119.6172248803828
v -64.59330143540612 111.8788799147344 -119.6172248803828
v 60.05332711034076 -60.05332711034079 -44.42577659409545
v -42.46411483253586 -73.55000438839137 -119.6172248803828
v 42.46411483253592 -73.55000438839133 -119.6172248803828
v 91.34872292840434 -91.34872292840444 -47.84688995215311
v -91.34872292840424 -91.34872292840456 -47.84688995215311
v -38.87559808612458 -67.33451105979478 -119.6172248803828
v 38.87559808612427 -67.33451105979495 -119.6172248803828
v 38.87559808612461 67.33451105979475 -119.6172248803828
v -38.87559808612423 67.33451105979498 -119.6172248803828
v 42.46411483253593 73.55000438839132 -119.6172248803828
v -42.46411483253591 73.55000438839134 -119.6172248803828
v -54.97839805876261 -54.97839805876274 0
v -54.97839805876276 54.97839805876258 0
v -91.3487229284045 91.34872292840429 -47.8468899521531
v 54.97839805876257 54.97839805876277 0
v -81.19886482524934 -81.19886482524953 -47.84688995215311
v 60.0533271103408 60.05332711034075 -44.42577659409545
v 91.3487229284045 91.3487229284043 -47.8468899521531
v 54.9783980587627 -54.97839805876264 0
v 63.98939971206951 -3.827751246782868 0.0145991493985616
v 67.30432952352619 -1.91387562779364 0.0143395310847535
v 72.27522527620395 -4.784689006220708 -19.12404347060068
v 63.98790085713732 -9.569377990430594 -19.12339442482474
v 63.98799622332145 4.84048018927117 -17.90595807950606
v 59.7960174225395 2.420240100202511 -17.90562977256453
v 59.79532965055968 2.417673300395322 -83.45386653489314
v 63.98286262361396 4.835346589628653 -83.45419449364681
v 63.98939969112875 1.175076501269786 0.01424693892196425
v 62.97175359197968 0.5875382519862973 0.01432663881889763
v 63.98286246481268 9.56937799043059 -83.456302708888
v 55.69553804574603 4.784689006220706 -83.45565366311206
v 63.98939972223589 3.827751246782752 0.01459914939775576
v 60.67446991077921 1.913875627793523 0.01485876771156386
v 63.98286243939672 -9.569377990430665 -83.45630270888599
v 72.27018685846338 -4.784689006220777 -83.45695175466193
v 63.98799621046529 -4.840480189271108 -17.90595807950504
v 68.17997501124734 -2.4202401002024 -17.90628638644657
v 68.1703955838953 -2.417673300355376 -83.45452245239947
v 63.98286261077143 -4.835346589628869 -83.45419449364579
v 63.98939968800778 -1.175076501269944 0.01424693892221164
v 65.00704578715694 -0.587538251986407 0.01416723902527825
v 55.70057646348663 4.784689006220761 -19.12274537905082
v 63.98790088255326 9.569377990430642 -19.12339442482676
v 31.24808456804847 -55.79564454853771 0.01425045632004956
v 31.53771146980449 -56.11814917375825 0.01421724086818045
v 32.37389868783819 -56.16306097866595 0.01418145050229769
v 31.01538156067027 -55.2914263443867 -0.7068530230641954
v 32.58182283899128 -56.39462337705147 -1.428135978436585
v 31.64771640357998 -56.50329055033957 -1.428106770195146
v 32.97396165020227 -55.541367239807 -0.7069466713079673
v 31.0464045640423 -56.05005913448414 -0.7069056923765511
v 32.94293864771934 -54.7827344506439 -0.7068940019957172
v 32.80482862881679 -56.26760991823642 0.01415748467858666
v 33.16941111819077 -55.4454726954839 0.01419896970304254
v 32.74131512151987 -55.03724685962676 0.01424342152413917
v 32.45168821976385 -54.71474223440629 0.01427663697600828
v 31.61550100173026 -54.6698304294986 0.01431242734189103
v 31.18457945467132 -54.56527352007059 0.01433639337745002
v 30.81998872134418 -55.3874129272086 0.01429490852766209
v 31.40746389318536 -54.43807238317157 -1.427957288151931
v 32.34157032859658 -54.32940520988338 -1.42798649639337
v 35.30962967511623 53.50257010017732 0.0145991493985616
v 35.30962967511623 57.33032133815579 0.0143395310847535
v 40.28127486669725 60.19983665032543 -19.12404347060068
v 40.28127486669726 50.63045868190567 -19.12339442482474
v 27.80201930123657 57.83547036129464 -17.90595807950606
v 27.80201930123656 52.99499018315729 -17.90562977256453
v 27.80389832908612 52.99311115524723 -83.45386653489314
v 27.80389832908612 57.82845773371386 -83.45419449364681
v 30.97705374407458 56.00398395606852 0.01424693892196425
v 30.97705374407458 54.82890745750155 0.01432663881889763
v 23.70410679427779 60.19547329658895 -83.456302708888
v 23.70410679427778 50.62609532816918 -83.45565366311206
v 28.67977004203647 57.33032135576448 0.01459914939775576
v 28.67977004203647 53.50257011778601 0.01485876771156386
v 40.27875565782702 50.62609528414745 -83.45630270888599
v 40.27875565782702 60.19547325256723 -83.45695175466193
v 36.18597691565672 52.99499016088972 -17.90595807950504
v 36.18597691565672 57.83547033902714 -17.90628638644657
v 36.17896428810678 57.82845771151015 -83.45452245239947
v 36.17896428810678 52.99311113296314 -83.45419449364579
v 33.01234594549378 54.82890745209582 0.01424693892221164
v 33.01234594549378 56.00398395066291 0.01416723902527825
v 23.70662600314804 50.63045872592738 -19.12274537905082
v 23.70662600314803 60.19983669434713 -19.12339442482676
v -63.94448788358469 0.8361872187343821 0.01425045632004955
v -64.36859853274166 0.7466152768045382 0.01421724086818044
v -64.82558690573835 0.0449118061213636 0.01418145050229769
v -63.39147060605019 0.7856048325854531 -0.7068530230641964
v -65.13008790087791 -0.01937459164473452 -1.428135978436585
v -64.75714321579723 0.8439188979040081 -1.428106770195146
v -64.58721581569475 -0.7856048325854963 -0.7069466713079673
v -64.06397737610445 1.138054518612285 -0.7069056923765511
v -63.91470904689425 -1.138054518915194 -0.7068940019957153
v -65.13159391383427 -0.276010000232449 0.01415748467858666
v -64.60189343822074 -1.002816309181327 0.01419896970304255
v -64.03431149555202 -0.8361872187344275 0.01424342152413917
v -63.6102008463951 -0.7466152768045632 0.01427663697600828
v -63.15321247339845 -0.04491180612144106 0.01431242734189103
v -62.84720276016321 0.275998745956106 0.01433639337745001
v -63.3769010055335 1.002813286570488 0.01429490852766207
v -62.84848556347526 0.01937459164474239 -1.427957288151931
v -63.2214302485559 -0.8439188979040115 -1.42798649639337
v -40.49512164538207 -17.85913580620702 -192.3861245002488
v -57.79806506532033 -27.84484546534979 -158.114636241506
v -35.71401267910277 -26.14023307366337 -192.3863343468474
v -42.19801036065718 -13.34659211697434 -192.6258640294689
v -32.65749329213291 -29.87125299201828 -192.6258618777913
v -59.55444650307862 -29.59908672477627 -83.45649007226368
v -55.41078429672229 -27.20674223450557 -83.45611534551051
v -50.62103157249728 -40.27583212254271 -158.1146362415058
v -51.26712207765799 -34.38377572732853 -83.45611534551051
v -55.41078428401432 -36.77612021759924 -83.45649007226368
v -63.69810871578895 -27.20674222350015 -83.45667743564026
v -55.41078430307629 -22.42205324295873 -83.45592798213393
v -47.12345986494766 -36.77612022860465 -83.45592798213393
v -55.41078427766033 -41.56080920914609 -83.45667743564026
v -53.01337607010501 -36.13216990347841 -158.114636241506
v -60.19040956292796 -23.70118324628551 -158.1146362415059
v 4.781095524877818 43.99937197734569 -192.3861245001628
v 4.78468899521531 63.97701536882814 -158.114636241506
v -4.781099563084306 43.99935878801583 -192.3863343466917
v 9.540517353284049 43.21784501993 -192.6258640348026
v -9.540517287892943 43.21784531091508 -192.625861877784
v 4.1436622190643 66.37520694237551 -83.45649007226368
v 4.143662219064301 61.59051796183411 -83.45611534551051
v -9.569377990430638 63.97701536882816 -158.1146362415058
v -4.143662219064297 61.5905179618341 -83.45611534551051
v -4.1436622190643 66.37520694237551 -83.45649007226368
v 8.287324438128607 68.76755143264624 -83.45667743564026
v 8.287324438128621 59.19817347156341 -83.45592798213393
v -8.287324438128602 59.19817347156338 -83.45592798213393
v -8.287324438128621 68.76755143264621 -83.45667743564026
v -4.78468899521531 63.97701536882815 -158.114636241506
v 9.569377990430638 63.97701536882818 -158.1146362415058
v 40.49512164538216 17.85913580620736 -192.3861245002361
v 57.79806506532033 27.84484546534979 -158.114636241506
v 35.7140126791024 26.14023307366431 -192.3863343468988
v 42.19801036063276 13.34659211705115 -192.6258640274145
v 32.65749329213057 29.87125299201896 -192.6258618778392
v 59.55444650307862 29.59908672477632 -83.45649007226368
v 55.41078429672229 27.20674223450562 -83.45611534551051
v 50.62103157249728 40.27583212254271 -158.1146362415058
v 51.26712207765799 34.38377572732858 -83.45611534551051
v 55.41078428401432 36.77612021759929 -83.45649007226368
v 63.69810871578893 27.20674222350019 -83.45667743564026
v 55.41078430307628 22.42205324295878 -83.45592798213393
v 47.12345986494767 36.77612022860471 -83.45592798213393
v 55.41078427766033 41.56080920914613 -83.45667743564026
v 53.01337607010501 36.13216990347841 -158.114636241506
v 60.19040956292796 23.70118324628551 -158.1146362415059
v -57.33032134696023 -28.67977003695323 0.0145991493985616
v -59.24419696594946 -31.99469984840992 0.01433953108475349
v -64.98452565654617 -31.99395040950675 -19.12404347060068
v -60.19983667233628 -23.70662599044011 -19.12339442482474
v -52.99499017202348 -36.18597692208483 -17.90595807950606
v -50.57475008295481 -31.99399812130288 -17.90562977256453
v -50.57543785485188 -31.99143132147355 -83.45386653489314
v -52.99311114408522 -36.17896429452784 -83.45419449364681
v -54.82890745479875 -33.01234594705416 0.01424693892196425
v -54.24136920551526 -31.99469984790508 0.01432663881889763
v -50.62609530615832 -40.27875567053496 -83.456302708888
v -45.84140632194842 -31.99143125146831 -83.45565366311206
v -53.50257010898176 -35.30962968019936 0.01459914939775576
v -51.58869448999253 -31.99469986874267 0.01485876771156387
v -60.19547327457807 -23.70410678156974 -83.45630270888599
v -64.98016225878797 -31.99143120063639 -83.45695175466193
v -57.83547035016088 -27.80201929480853 -17.90595807950504
v -60.25571043922959 -31.99399809559058 -17.90628638644657
v -60.24613101186551 -31.99143129578851 -83.45452245239947
v -57.82845772259202 -27.80389832266466 -83.45419449364579
v -56.00398395336579 -30.97705374251401 0.01424693892221164
v -56.59152220264932 -31.99469984166317 0.01416723902527825
v -45.84576971970664 -31.99395046033865 -19.12274537905082
v -50.63045870391652 -40.28127487940527 -19.12339442482676
v -3.827751246782868 -63.98939971206951 0.0145991493985616
v -1.91387562779364 -67.30432952352619 0.0143395310847535
v -4.784689006220708 -72.27522527620395 -19.12404347060068
v -9.569377990430594 -63.98790085713732 -19.12339442482474
v 4.84048018927117 -63.98799622332145 -17.90595807950606
v 2.420240100202511 -59.7960174225395 -17.90562977256453
v 2.417673300395322 -59.79532965055968 -83.45386653489314
v 4.835346589628653 -63.98286262361396 -83.45419449364681
v 1.175076501269786 -63.98939969112875 0.01424693892196425
v 0.5875382519862973 -62.97175359197968 0.01432663881889763
v 9.56937799043059 -63.98286246481268 -83.456302708888
v 4.784689006220706 -55.69553804574603 -83.45565366311206
v 3.827751246782752 -63.98939972223589 0.01459914939775576
v 1.913875627793523 -60.67446991077921 0.01485876771156386
v -9.569377990430665 -63.98286243939672 -83.45630270888599
v -4.784689006220777 -72.27018685846338 -83.45695175466193
v -4.840480189271108 -63.98799621046529 -17.90595807950504
v -2.4202401002024 -68.17997501124734 -17.90628638644657
v -2.417673300355376 -68.1703955838953 -83.45452245239947
v -4.835346589628869 -63.98286261077143 -83.45419449364579
v -1.175076501269944 -63.98939968800778 0.01424693892221164
v -0.587538251986407 -65.00704578715694 0.01416723902527825
v 4.784689006220761 -55.70057646348663 -19.12274537905082
v 9.569377990430642 -63.98790088255326 -19.12339442482676
v 55.79564454853771 31.24808456804847 0.01425045632004956
v 56.11814917375825 31.53771146980449 0.01421724086818045
v 56.16306097866595 32.37389868783819 0.01418145050229769
v 55.2914263443867 31.01538156067027 -0.7068530230641954
v 56.39462337705147 32.58182283899128 -1.428135978436585
v 56.50329055033957 31.64771640357998 -1.428106770195146
v 55.541367239807 32.97396165020227 -0.7069466713079673
v 56.05005913448414 31.0464045640423 -0.7069056923765511
v 54.7827344506439 32.94293864771934 -0.7068940019957172
v 56.26760991823642 32.80482862881679 0.01415748467858666
v 55.4454726954839 33.16941111819077 0.01419896970304254
v 55.03724685962676 32.74131512151987 0.01424342152413917
v 54.71474223440629 32.45168821976385 0.01427663697600828
v 54.6698304294986 31.61550100173026 0.01431242734189103
v 54.56527352007059 31.18457945467132 0.01433639337745002
v 55.3874129272086 30.81998872134418 0.01429490852766209
v 54.43807238317157 31.40746389318536 -1.427957288151931
v 54.32940520988338 32.34157032859658 -1.42798649639337
v 26.1402361711375 35.71402612050382 -192.3861245001726
v 36.13216990347838 53.01337607010504 -158.114636241506
v 17.85912571436463 40.49511224218634 -192.3863343461298
v 29.87125290296818 32.65749300760793 -192.6258640283314
v 13.34659231891991 42.19801058001987 -192.6258618772092
v 36.77612021759924 55.41078428401432 -83.45649007226368
v 34.38377572732854 51.26712207765799 -83.45611534551051
v 23.70118324628547 60.19040956292798 -158.1146362415058
v 27.20674223450557 55.41078429672228 -83.45611534551051
v 29.59908672477627 59.55444650307862 -83.45649007226368
v 41.56080920914609 55.41078427766033 -83.45667743564026
v 36.77612022860468 47.12345986494767 -83.45592798213393
v 22.42205324295873 55.41078430307627 -83.45592798213393
v 27.20674222350014 63.69810871578895 -83.45667743564026
v 27.84484546534978 57.79806506532039 -158.114636241506
v 40.2758321225427 50.6210315724974 -158.1146362415058
v 28.67977003695323 -57.33032134696023 0.0145991493985616
v 31.99469984840992 -59.24419696594946 0.01433953108475349
v 31.99395040950675 -64.98452565654617 -19.12404347060068
v 23.70662599044011 -60.19983667233628 -19.12339442482474
v 36.18597692208483 -52.99499017202348 -17.90595807950606
v 31.99399812130288 -50.57475008295481 -17.90562977256453
v 31.99143132147355 -50.57543785485188 -83.45386653489314
v 36.17896429452784 -52.99311114408522 -83.45419449364681
v 33.01234594705416 -54.82890745479875 0.01424693892196425
v 31.99469984790508 -54.24136920551526 0.01432663881889763
v 40.27875567053496 -50.62609530615832 -83.456302708888
v 31.99143125146831 -45.84140632194842 -83.45565366311206
v 35.30962968019936 -53.50257010898176 0.01459914939775576
v 31.99469986874267 -51.58869448999253 0.01485876771156387
v 23.70410678156974 -60.19547327457807 -83.45630270888599
v 31.99143120063639 -64.98016225878797 -83.45695175466193
v 27.80201929480853 -57.83547035016088 -17.90595807950504
v 31.99399809559058 -60.25571043922959 -17.90628638644657
v 31.99143129578851 -60.24613101186551 -83.45452245239947
v 27.80389832266466 -57.82845772259202 -83.45419449364579
v 30.97705374251401 -56.00398395336579 0.01424693892221164
v 31.99469984166317 -56.59152220264932 0.01416723902527825
v 31.99395046033865 -45.84576971970664 -19.12274537905082
v 40.28127487940527 -50.63045870391652 -19.12339442482676
v -17.85913580620702 40.49512164538207 -192.3861245002488
v -27.84484546534979 57.79806506532033 -158.114636241506
v -26.14023307366337 35.71401267910277 -192.3863343468474
v -13.34659211697434 42.19801036065718 -192.6258640294689
v -29.87125299201828 32.65749329213291 -192.6258618777913
v -29.59908672477627 59.55444650307862 -83.45649007226368
v -27.20674223450557 55.41078429672229 -83.45611534551051
v -40.27583212254271 50.62103157249728 -158.1146362415058
v -34.38377572732853 51.26712207765799 -83.45611534551051
v -36.77612021759924 55.41078428401432 -83.45649007226368
v -27.20674222350015 63.69810871578895 -83.45667743564026
v -22.42205324295873 55.41078430307629 -83.45592798213393
v -36.77612022860465 47.12345986494766 -83.45592798213393
v -41.56080920914609 55.41078427766033 -83.45667743564026
v -36.13216990347841 53.01337607010501 -158.114636241506
v -23.70118324628551 60.19040956292796 -158.1146362415059
v -63.98939971206951 3.827751246782868 0.0145991493985616
v -67.30432952352619 1.91387562779364 0.0143395310847535
v -72.27522527620395 4.784689006220708 -19.12404347060068
v -63.98790085713732 9.569377990430594 -19.12339442482474
v -63.98799622332145 -4.84048018927117 -17.90595807950606
v -59.7960174225395 -2.420240100202511 -17.90562977256453
v -59.79532965055968 -2.417673300395322 -83.45386653489314
v -63.98286262361396 -4.835346589628653 -83.45419449364681
v -63.98939969112875 -1.175076501269786 0.01424693892196425
v -62.97175359197968 -0.5875382519862973 0.01432663881889763
v -63.98286246481268 -9.56937799043059 -83.456302708888
v -55.69553804574603 -4.784689006220706 -83.45565366311206
v -63.98939972223589 -3.827751246782752 0.01459914939775576
v -60.67446991077921 -1.913875627793523 0.01485876771156386
v -63.98286243939672 9.569377990430665 -83.45630270888599
v -72.27018685846338 4.784689006220777 -83.45695175466193
v -63.98799621046529 4.840480189271108 -17.90595807950504
v -68.17997501124734 2.4202401002024 -17.90628638644657
v -68.1703955838953 2.417673300355376 -83.45452245239947
v -63.98286261077143 4.835346589628869 -83.45419449364579
v -63.98939968800778 1.175076501269944 0.01424693892221164
v -65.00704578715694 0.587538251986407 0.01416723902527825
v -55.70057646348663 -4.784689006220761 -19.12274537905082
v -63.98790088255326 -9.569377990430642 -19.12339442482676
v 43.99937197734639 -4.781095524875425 -192.3861245000377
v 63.97701536882816 -4.784688995215325 -158.114636241506
v 43.99935878801432 4.781099563088394 -192.386334346906
v 43.21784501992995 -9.540517353285638 -192.6258640348433
v 43.21784531091742 9.540517287892834 -192.6258618777774
v 66.37520694237551 -4.143662219064312 -83.45649007226368
v 61.59051796183411 -4.143662219064312 -83.45611534551051
v 63.97701536882816 9.569377990430617 -158.1146362415058
v 61.5905179618341 4.143662219064286 -83.45611534551051
v 66.37520694237551 4.143662219064288 -83.45649007226368
v 68.76755143264623 -8.28732443812862 -83.45667743564026
v 59.19817347156341 -8.287324438128634 -83.45592798213393
v 59.19817347156338 8.287324438128589 -83.45592798213393
v 68.76755143264621 8.287324438128609 -83.45667743564026
v 63.97701536882816 4.784688995215307 -158.114636241506
v 63.97701536882818 -9.569377990430644 -158.1146362415058
v 57.33032134696023 28.67977003695323 0.0145991493985616
v 59.24419696594946 31.99469984840992 0.01433953108475349
v 64.98452565654617 31.99395040950675 -19.12404347060068
v 60.19983667233628 23.70662599044011 -19.12339442482474
v 52.99499017202348 36.18597692208483 -17.90595807950606
v 50.57475008295481 31.99399812130288 -17.90562977256453
v 50.57543785485188 31.99143132147355 -83.45386653489314
v 52.99311114408522 36.17896429452784 -83.45419449364681
v 54.82890745479875 33.01234594705416 0.01424693892196425
v 54.24136920551526 31.99469984790508 0.01432663881889763
v 50.62609530615832 40.27875567053496 -83.456302708888
v 45.84140632194842 31.99143125146831 -83.45565366311206
v 53.50257010898176 35.30962968019936 0.01459914939775576
v 51.58869448999253 31.99469986874267 0.01485876771156387
v 60.19547327457807 23.70410678156974 -83.45630270888599
v 64.98016225878797 31.99143120063639 -83.45695175466193
v 57.83547035016088 27.80201929480853 -17.90595807950504
v 60.25571043922959 31.99399809559058 -17.90628638644657
v 60.24613101186551 31.99143129578851 -83.45452245239947
v 57.82845772259202 27.80389832266466 -83.45419449364579
v 56.00398395336579 30.97705374251401 0.01424693892221164
v 56.59152220264932 31.99469984166317 0.01416723902527825
v 45.84576971970664 31.99395046033865 -19.12274537905082
v 50.63045870391652 40.28127487940527 -19.12339442482676
v -43.99937197734545 4.781095524878745 -192.3861245002112
v -63.97701536882814 4.784688995215321 -158.114636241506
v -43.9993587880147 -4.781099563088465 -192.3863343469088
v -43.21784501994447 9.540517353223972 -192.6258640332325
v -43.2178453109175 -9.540517287894607 -192.6258618778227
v -66.37520694237551 4.143662219064304 -83.45649007226368
v -61.59051796183411 4.143662219064304 -83.45611534551051
v -63.97701536882816 -9.56937799043062 -158.1146362415058
v -61.5905179618341 -4.143662219064294 -83.45611534551051
v -66.37520694237551 -4.143662219064296 -83.45649007226368
v -68.76755143264624 8.287324438128611 -83.45667743564026
v -59.19817347156341 8.287324438128625 -83.45592798213393
v -59.19817347156338 -8.287324438128598 -83.45592798213393
v -68.76755143264621 -8.287324438128618 -83.45667743564026
v -63.97701536882815 -4.784688995215308 -158.114636241506
v -63.97701536882818 9.56937799043064 -158.1146362415058
v 35.71402612050382 -26.1402361711375 -192.3861245001726
v 53.01337607010504 -36.13216990347838 -158.114636241506
v 40.49511224218634 -17.85912571436463 -192.3863343461298
v 32.65749300760793 -29.87125290296818 -192.6258640283314
v 42.19801058001987 -13.34659231891991 -192.6258618772092
v 55.41078428401432 -36.77612021759924 -83.45649007226368
v 51.26712207765799 -34.38377572732854 -83.45611534551051
v 60.19040956292798 -23.70118324628547 -158.1146362415058
v 55.41078429672228 -27.20674223450557 -83.45611534551051
v 59.55444650307862 -29.59908672477627 -83.45649007226368
v 55.41078427766033 -41.56080920914609 -83.45667743564026
v 47.12345986494767 -36.77612022860468 -83.45592798213393
v 55.41078430307627 -22.42205324295873 -83.45592798213393
v 63.69810871578895 -27.20674222350014 -83.45667743564026
v 57.79806506532039 -27.84484546534978 -158.114636241506
v 50.6210315724974 -40.2758321225427 -158.1146362415058
v -32.69640331553614 -54.95945732980339 0.01425045632004955
v -32.83088706293707 -55.37153389695373 0.01421724086818044
v -32.45168821790012 -56.11814917254453 0.01418145050229769
v -32.37608904537993 -54.5058215118013 -0.7068530230641954
v -32.54826506188668 -56.41399796869619 -1.428135978436585
v -33.10942681221728 -55.65937165243553 -1.428106770195146
v -31.61325416549252 -56.32697207239249 -0.7069466713079663
v -33.01757281206213 -54.9120046158718 -0.7069056923765511
v -30.9717703991749 -55.92078896955915 -0.7068940019957192
v -32.32676528501764 -56.54361991846855 0.01415748467858666
v -31.43248232003016 -56.44828900466514 0.01419896970304254
v -31.29299637403215 -55.87343407836121 0.01424342152413917
v -31.15851262663123 -55.46135751121086 0.01427663697600828
v -31.53771147166818 -54.71474223562005 0.01431242734189103
v -31.66262330549198 -54.28927477411489 0.01433639337745002
v -32.55691228418926 -54.38459964063826 0.01429490852766208
v -31.44102167028995 -54.4186977915268 -1.427957288151931
v -30.87985991995934 -55.1733241077874 -1.42798649639337
v -4.781095524876481 -43.99937197734618 -192.3861245000926
v -4.784688995215323 -63.97701536882814 -158.114636241506
v 4.781099563083265 -43.99935878801707 -192.3863343466361
v -9.540517353245631 -43.21784501993841 -192.6258640337999
v 9.54051728789366 -43.21784531091595 -192.6258618778011
v -4.143662219064308 -66.37520694237551 -83.45649007226368
v -4.143662219064309 -61.59051796183411 -83.45611534551051
v 9.569377990430619 -63.97701536882816 -158.1146362415058
v 4.143662219064289 -61.5905179618341 -83.45611534551051
v 4.143662219064292 -66.37520694237551 -83.45649007226368
v -8.287324438128614 -68.76755143264624 -83.45667743564026
v -8.287324438128628 -59.19817347156341 -83.45592798213393
v 8.287324438128595 -59.19817347156338 -83.45592798213393
v 8.287324438128614 -68.76755143264621 -83.45667743564026
v 4.784688995215307 -63.97701536882815 -158.114636241506
v -9.569377990430642 -63.97701536882818 -158.1146362415058
v -21.89159603441058 12.07302874452716 -69.91421356237255
v -0.4902484238250526 24.99519266744982 -69.91421356237255
v -0.4902484238251557 24.99519266744981 -10.08578643762671
v -21.89159603441064 12.07302874452705 -10.08578643762671
v 17.51327682752849 -9.658422995621681 -69.9999999999999
v 0.3921987390600226 -19.99615413395986 -69.9999999999999
v 17.51327682752849 -9.658422995621681 -9.999999999999897
v 0.3921987390600226 -19.99615413395986 -9.999999999999897
v -21.45376411372294 11.83156816963682 -69.9999999999999
v -0.4804434553486132 24.49528881410142 -69.9999999999999
v -21.45376401783681 11.83156811675654 -9.999999999999897
v -0.4804434532012714 24.49528870462145 -9.999999999999897
v 21.45376401783681 -11.83156811675653 -9.999999999999897
v 0.4804434532012767 -24.49528870462145 -9.999999999999897
v 0.4902484238251539 -24.99519266744982 -10.08578643762671
v 21.89159603441065 -12.07302874452703 -10.08578643762671
v 21.89159603441059 -12.07302874452714 -69.91421356237255
v 0.4902484238250278 -24.99519266744982 -69.91421356237255
v 21.45376411372294 -11.83156816963683 -69.9999999999999
v 0.4804434553486292 -24.49528881410142 -69.9999999999999
v -17.51327682752849 9.658422995621688 -9.999999999999897
v -0.3921987390600279 19.99615413395986 -9.999999999999897
v -17.51327682752849 9.658422995621688 -69.9999999999999
v -0.3921987390600279 19.99615413395986 -69.9999999999999
v 10.68964380329267 -16.90359474650459 -74.20435814370558
v 10.97754183549518 -16.19589210957614 -74.99999999999989
v 10.68966212519945 -16.90358316009296 -75.79562100268132
v 10.43134672057339 -15.27864541128175 -74.99996033994415
v -9.294120564103864 -17.70930046431063 -74.20435814370558
v -8.537283086097332 -17.60477615543332 -74.9999999999999
v -9.294101369023661 -17.70931053834153 -75.79562100268132
v -8.016021701297879 -16.6731339613409 -74.99996033994415
v -19.9837643673965 -0.8057057178058271 -74.20435814370556
v -19.51482492159249 -1.40888404585698 -74.99999999999989
v -19.98376349422308 -0.8057273782483573 -75.79562100268133
v -18.44736842187124 -1.394488550058959 -74.99996033994415
v -10.68964380329256 16.90359474650467 -74.20435814370558
v -10.97754183549507 16.19589210957621 -74.99999999999991
v -10.68966212519933 16.90358316009303 -75.79562100268133
v -10.43134672057327 15.27864541128181 -74.99996033994414
v 9.294120564103986 17.70930046431058 -74.20435814370558
v 8.537283086097455 17.60477615543326 -74.99999999999987
v 9.294101369023783 17.70931053834147 -75.79562100268134
v 8.016021701297994 16.67313396134083 -74.99996033994417
v 19.9837643673965 0.8057057178058271 -74.20435814370556
v 19.51482492159249 1.40888404585698 -74.99999999999989
v 19.98376349422308 0.8057273782483573 -75.79562100268133
v 18.44736842187124 1.394488550058959 -74.99996033994415
v -2.332899232714518 -10.65309999999999 -4.999999999999897
v -2.332899232714523 -13.3469 -4.999999999999897
v -2.332899232714518 -10.65309999999999 -9.999999999999897
v -2.332899232714523 -13.3469 -9.999999999999897
v -14.63545151656679 -12.55763226576824 -79.9999999999999
v -14.44228971388946 -13.13656473349728 -79.9999999999999
v -14.12376681607008 -13.65715809473917 -79.9999999999999
v -14.33289923271452 -10.65309999999999 -4.999999999999897
v -14.33289923271452 -13.3469 -4.999999999999897
v -13.65715809473917 -9.876233183929919 -9.999999999999897
v -14.33289923271452 1.346900000000004 -4.999999999999897
v -14.33289923271452 -1.346899999999996 -4.999999999999897
v -14.33289923271452 1.346900000000004 -9.999999999999897
v -14.33289923271452 -1.346899999999996 -9.999999999999897
v -2.332899232714564 1.34689999999996 -4.999999999999897
v -2.332899232714569 -1.346900000000042 -4.999999999999897
v -2.332899232714564 1.34689999999996 -9.999999999999897
v -2.332899232714569 -1.346900000000042 -9.999999999999897
v 9.667100767285008 1.346900000000949 -4.999999999999897
v 9.667100767285003 -1.346899999999648 -4.999999999999897
v 9.667100767285008 1.346900000000949 -9.999999999999897
v 9.667100767285003 -1.346899999999648 -9.999999999999897
v 9.478765617706372 12.94864937123429 -9.999999999999897
v 9.785047391451229 10.46685180693915 -9.999999999999897
v 9.667100767285049 13.34690000000028 -4.999999999999897
v 9.667100767285042 10.65309999999974 -4.999999999999897
v -2.332899232714518 13.34690000000001 -4.999999999999897
v -2.332899232714523 10.6531 -4.999999999999897
v -2.332899232714518 13.34690000000001 -9.999999999999897
v -2.332899232714523 10.6531 -9.999999999999897
v -13.65715809473916 9.876233183929916 -9.999999999999897
v -14.33289923271452 13.34690000000001 -4.999999999999897
v -14.33289923271452 10.6531 -4.999999999999897
v -13.18163149170789 14.4208067782878 -79.9999999999999
v -14.12376681607008 13.65715809473917 -79.9999999999999
v -14.63545151656679 12.55763226576824 -79.9999999999999
v 9.667100767285483 -10.65309999999999 -4.999999999999897
v 9.667100767285477 -13.3469 -4.999999999999897
v 9.785047391451547 -10.46685180693959 -9.999999999999897
v 9.478765617706955 -12.94864937123439 -9.999999999999897
v 19.98376413758677 -0.8057114206741354 -74.2043636342997
v 19.98376299444686 -0.805739773409533 -75.79560906316189
v 10.6896486272164 16.90359169604953 -74.20436363429971
v 10.68967260983557 16.90357652969363 -75.79560906316188
v 9.294115510370537 -17.70930311672354 -74.20436363429971
v 9.294090384611469 -17.70931630310302 -75.79560906316188
v 10.00000000000001 -17.32050807568877 -79.9999999999999
v 14.14213562373096 -14.14213562373094 -79.9999999999999
v 17.32050807568878 -9.999999999999982 -79.9999999999999
v 20 3.76331995080581e-14 -79.9999999999999
v 17.32050807568875 10.00000000000005 -79.9999999999999
v 14.14213562373092 14.14213562373098 -79.9999999999999
v 9.999999999999972 17.32050807568879 -79.9999999999999
v 17.32050807568878 -9.999999999999982 -9.999999999999897
v 17.32050807568875 10.00000000000005 -9.999999999999897
v 21.65063509461099 -12.49999999999996 -4.999999999999897
v 21.65063509461092 12.50000000000008 -4.999999999999897
v 21.65063509461099 -12.49999999999996 -9.999999999999897
v 21.65063509461092 12.50000000000008 -9.999999999999897
v 10.43134671924342 15.27864541427728 -75.00000699331294
v 5.996246494780618 17.50128646625244 -79.9999999999999
v -18.44736842380044 1.394488547409665 -75.00000699331295
v -18.5 3.174137385222875e-16 -9.999999999999897
v -17.50128646625233 5.996246494780938 -79.9999999999999
v -18.5 3.174137385222875e-16 -79.9999999999999
v 18.44736842380044 -1.394488547409665 -75.00000699331295
v 18.5 -3.800796347574672e-13 -9.999999999999897
v 17.50128646625227 -5.996246494781122 -79.9999999999999
v 18.5 -3.800796347574672e-13 -79.9999999999999
v -5.996246494780945 17.50128646625233 -79.9999999999999
v -8.016021704557076 16.67313396168689 -75.00000699331294
v 8.016021704557192 -16.67313396168684 -75.00000699331294
v -10.43134671924332 -15.27864541427736 -75.00000699331295
v -5.996246494780939 -17.50128646625233 -79.9999999999999
v -1.450174615807986e-15 -18.5 -79.9999999999999
v -1.450174615807986e-15 -18.5 -9.999999999999897
v -21.650635094611 12.49999999999995 -4.999999999999897
v -21.65063509461093 -12.50000000000006 -4.999999999999897
v -21.650635094611 12.49999999999995 -9.999999999999897
v -21.65063509461093 -12.50000000000006 -9.999999999999897
v 2.332899232714519 -13.3469 -4.999999999999897
v 2.332899232714521 -10.6531 -4.999999999999897
v -9.667100767285481 -13.3469 -4.999999999999897
v -9.667100767285479 -10.6531 -4.999999999999897
v -9.667100767285481 -1.346900000000003 -4.999999999999897
v -9.667100767285479 1.346899999999998 -4.999999999999897
v 2.332899232714473 -1.346900000000048 -4.999999999999897
v 2.332899232714476 1.346899999999953 -4.999999999999897
v 14.33289923271509 -1.346899999999659 -4.999999999999897
v 14.3328992327151 1.346900000000939 -4.999999999999897
v 14.33289923271505 10.65309999999972 -4.999999999999897
v 14.33289923271505 13.34690000000027 -4.999999999999897
v 2.332899232714519 10.6531 -4.999999999999897
v 2.332899232714521 13.3469 -4.999999999999897
v -9.667100767285481 10.6531 -4.999999999999897
v -9.667100767285479 13.3469 -4.999999999999897
v 14.33289923271452 -13.3469 -4.999999999999897
v 14.33289923271452 -10.6531 -4.999999999999897
v -17.32050807568878 9.999999999999989 -9.999999999999897
v -17.32050807568875 -10.00000000000005 -9.999999999999897
v -10.00000000000001 17.32050807568877 -79.9999999999999
v -14.14213562373096 14.14213562373095 -79.9999999999999
v -17.32050807568878 9.999999999999989 -79.9999999999999
v -20 -3.518398680041335e-14 -79.9999999999999
v -17.32050807568875 -10.00000000000005 -79.9999999999999
v -14.14213562373091 -14.14213562373099 -79.9999999999999
v -9.999999999999975 -17.32050807568879 -79.9999999999999
v -10.68964862721628 -16.9035916960496 -74.20436363429972
v -10.68967260983545 -16.90357652969371 -75.79560906316186
v -19.98376413758677 0.8057114206741354 -74.2043636342997
v -19.98376299444686 0.805739773409533 -75.79560906316189
v -9.294115510370419 17.7093031167236 -74.20436363429971
v -9.294090384611339 17.70931630310309 -75.79560906316186
v 13.18163149170789 -14.42080677828781 -79.9999999999999
v 14.12376681607008 -13.65715809473917 -79.9999999999999
v 14.63545151656679 -12.55763226576824 -79.9999999999999
v 14.63545151656745 12.557632265768 -79.9999999999999
v 14.44228971389014 13.13656473349724 -79.9999999999999
v 14.12376681607071 13.65715809473932 -79.9999999999999
v 2.332899232714519 -13.3469 -9.999999999999897
v 2.332899232714521 -10.6531 -9.999999999999897
v -9.667100767285481 -1.346900000000003 -9.999999999999897
v -9.667100767285479 1.346899999999998 -9.999999999999897
v 2.332899232714473 -1.346900000000048 -9.999999999999897
v 2.332899232714476 1.346899999999953 -9.999999999999897
v 14.33289923271509 -1.346899999999659 -9.999999999999897
v 14.3328992327151 1.346900000000939 -9.999999999999897
v 2.332899232714519 10.6531 -9.999999999999897
v 2.332899232714521 13.3469 -9.999999999999897
v -9.478765617706955 -12.94864937123439 -9.999999999999897
v -9.785047391451549 -10.46685180693959 -9.999999999999897
v -9.785047391451547 10.46685180693959 -9.999999999999897
v -9.478765617706955 12.94864937123439 -9.999999999999897
v 13.65715809473937 9.876233183929337 -9.999999999999897
v 13.65715809473917 -9.876233183929918 -9.999999999999897
v 19.51482494390219 -1.408884037704609 -74.99999999999989
v 10.97754183958964 16.19589213297324 -74.99999999999986
v -8.537283104312589 17.60477617067779 -74.99999999999989
v -19.51482494390219 1.408884037704609 -74.99999999999989
v -10.97754183958953 -16.19589213297333 -74.99999999999989
v 8.537283104312712 -17.60477617067774 -74.99999999999989
v -19.96089927867471 -1.249999997991294 -75.00003466983306
v -24.4680914669284 -1.250000002012705 -75.00002015233237
v 24.4680914665055 -1.249999998009327 -74.99996576242197
v 19.96089927867471 -1.249999997991294 -74.99996533016675
v 13.34690000000002 9.667100767284897 -84.9999999999999
v 10.65310000000008 9.667100767284895 -84.9999999999999
v 14.33289923271451 10.65309999999939 -79.9999999999999
v 13.34690000000002 9.667100767284897 -79.9999999999999
v 10.65310000000008 9.667100767284895 -79.9999999999999
v 1.346900000000004 9.667100767285483 -84.9999999999999
v -1.346899999999996 9.667100767285477 -84.9999999999999
v 1.346900000000004 9.667100767285483 -79.9999999999999
v -1.346899999999996 9.667100767285477 -79.9999999999999
v -10.65309999999999 9.667100767285483 -84.9999999999999
v -13.3469 9.667100767285477 -84.9999999999999
v -10.65309999999999 9.667100767285483 -79.9999999999999
v -13.3469 9.667100767285477 -79.9999999999999
v -14.33289923271452 10.6531 -79.9999999999999
v 13.34690000000001 -14.33289923271452 -84.9999999999999
v 10.6531 -14.33289923271452 -84.9999999999999
v 14.33289923271452 -13.3469 -79.9999999999999
v 13.34690000000001 -14.33289923271452 -79.9999999999999
v 12.00000000000001 -14.6938 -79.9999999999999
v 10.6531 -14.33289923271452 -79.9999999999999
v 13.34690000000001 -2.332899232714517 -84.9999999999999
v 10.6531 -2.332899232714523 -84.9999999999999
v 13.34690000000001 -2.332899232714517 -79.9999999999999
v 10.6531 -2.332899232714523 -79.9999999999999
v 1.34689999999996 -2.332899232714564 -84.9999999999999
v -1.346900000000043 -2.33289923271457 -84.9999999999999
v 1.34689999999996 -2.332899232714564 -79.9999999999999
v -1.346900000000043 -2.33289923271457 -79.9999999999999
v -10.65309999999999 -2.332899232714517 -84.9999999999999
v -13.3469 -2.332899232714523 -84.9999999999999
v -10.65309999999999 -2.332899232714517 -79.9999999999999
v -13.3469 -2.332899232714523 -79.9999999999999
v -10.65309999999999 -14.33289923271452 -84.9999999999999
v -13.3469 -14.33289923271452 -84.9999999999999
v -10.65309999999999 -14.33289923271452 -79.9999999999999
v -11.99999999999999 -14.6938 -79.9999999999999
v -12.69720674369716 -14.60201099085749 -79.9999999999999
v -13.3469 -14.33289923271452 -79.9999999999999
v 1.346900000000004 -14.33289923271452 -84.9999999999999
v -1.346899999999996 -14.33289923271452 -84.9999999999999
v 1.346900000000004 -14.33289923271452 -79.9999999999999
v -1.346899999999996 -14.33289923271452 -79.9999999999999
v 12.24999999999994 21.21762239271878 -69.9999999999999
v -12.25000000000003 21.21762239271873 -69.9999999999999
v 24.4680914669284 1.250000002012705 -75.00002015233235
v 12.24999999999994 21.21762239271878 -84.9999999999999
v -12.25000000000003 21.21762239271873 -84.9999999999999
v -24.46809146650551 1.249999998009327 -74.99996576242197
v 17.32050807568877 -10 -79.9999999999999
v 14.14213562373095 -14.14213562373095 -79.9999999999999
v 9.999999999999993 -17.32050807568878 -79.9999999999999
v -10.00000000000005 -17.32050807568875 -79.9999999999999
v -14.14213562373098 -14.14213562373092 -79.9999999999999
v -17.32050807568879 -9.999999999999979 -79.9999999999999
v -9.999999999999993 -17.32050807568878 -69.9999999999999
v 10.00000000000005 -17.32050807568875 -69.9999999999999
v 19.96089927916795 1.250000001992902 -75.00001950004393
v -17.32050807568877 10.00000000000001 -79.9999999999999
v -14.14213562373094 14.14213562373096 -79.9999999999999
v -9.999999999999986 17.32050807568878 -79.9999999999999
v 10.00000000000004 17.32050807568875 -79.9999999999999
v 14.14213562373097 14.14213562373093 -79.9999999999999
v 17.32050807568879 9.999999999999975 -79.9999999999999
v -19.96089927916795 1.250000001992901 -74.99998049995585
v 9.999999999999986 17.32050807568878 -69.9999999999999
v -10.00000000000004 17.32050807568875 -69.9999999999999
v -12.24999999999995 -21.21762239271877 -69.9999999999999
v 12.25000000000004 -21.21762239271872 -69.9999999999999
v 10.65310000000008 14.33289923271382 -84.9999999999999
v 13.34690000000002 14.33289923271382 -84.9999999999999
v -1.346900000000004 14.33289923271452 -84.9999999999999
v 1.346899999999997 14.33289923271452 -84.9999999999999
v -13.3469 14.33289923271452 -84.9999999999999
v -10.6531 14.33289923271452 -84.9999999999999
v 10.6531 -9.667100767285481 -84.9999999999999
v 13.3469 -9.667100767285479 -84.9999999999999
v 10.6531 2.332899232714519 -84.9999999999999
v 13.3469 2.332899232714522 -84.9999999999999
v -1.346900000000053 2.332899232714473 -84.9999999999999
v 1.34689999999995 2.332899232714479 -84.9999999999999
v -13.3469 2.332899232714519 -84.9999999999999
v -10.6531 2.332899232714522 -84.9999999999999
v -13.3469 -9.667100767285481 -84.9999999999999
v -10.6531 -9.667100767285479 -84.9999999999999
v -1.346900000000004 -9.667100767285481 -84.9999999999999
v 1.346899999999997 -9.667100767285479 -84.9999999999999
v -12.24999999999995 -21.21762239271877 -84.9999999999999
v 12.25000000000004 -21.21762239271872 -84.9999999999999
v 10.65310000000008 14.33289923271382 -79.9999999999999
v 12.00000000000005 14.69379999999929 -79.9999999999999
v 12.6972067436972 14.60201099085679 -79.9999999999999
v 13.34690000000002 14.33289923271382 -79.9999999999999
v -1.346900000000004 14.33289923271452 -79.9999999999999
v 1.346899999999997 14.33289923271452 -79.9999999999999
v -14.33289923271452 13.3469 -79.9999999999999
v -13.3469 14.33289923271452 -79.9999999999999
v -12 14.6938 -79.9999999999999
v -10.6531 14.33289923271452 -79.9999999999999
v 10.6531 -9.667100767285481 -79.9999999999999
v 13.3469 -9.667100767285479 -79.9999999999999
v 14.33289923271452 -10.6531 -79.9999999999999
v 10.6531 2.332899232714519 -79.9999999999999
v 13.3469 2.332899232714522 -79.9999999999999
v -1.346900000000053 2.332899232714473 -79.9999999999999
v 1.34689999999995 2.332899232714479 -79.9999999999999
v -13.3469 2.332899232714519 -79.9999999999999
v -10.6531 2.332899232714522 -79.9999999999999
v -14.33289923271452 -10.6531 -79.9999999999999
v -13.3469 -9.667100767285481 -79.9999999999999
v -10.6531 -9.667100767285479 -79.9999999999999
v -1.346900000000004 -9.667100767285481 -79.9999999999999
v 1.346899999999997 -9.667100767285479 -79.9999999999999
v -24.5 0.3659430473960577 -76.13601405627848
v -24.5 -0.8008455080954172 -75.88492300352247
v -24.1935 0.459920042810296 -76.42775122280499
v -24.1935 -1.00650880782834 -76.1121780521858
v -20.8 0.459920042810296 -76.42775122280499
v -20.8 -1.00650880782834 -76.1121780521858
v -19.8 0.2828967357954749 -75.87820952092343
v -19.8 -0.619103387067392 -75.68410052030825
v -19.8 -0.2828967357954744 -74.1217904790764
v -19.8 0.6191033870673917 -74.31589947969158
v -19.8 -0.1487626192702463 -75.69128118960936
v -19.8 0.1487626192702459 -74.30871881039047
v -20.8 -0.4599200428102962 -73.57224877719484
v -20.8 1.00650880782834 -73.88782194781403
v -19.43763170443069 -0.4233186838402632 -74.90890248839297
v -24.1935 -0.4599200428102962 -73.57224877719484
v -24.1935 1.00650880782834 -73.88782194781403
v -24.5 -0.3659430473960561 -73.86398594372135
v -24.5 0.8008455080954172 -74.11507699647736
v 24.5 -0.3659430473962282 -76.13601405627848
v 24.50000000000001 0.8008455080952467 -75.88492300352247
v 24.1935 -0.4599200428104643 -76.42775122280499
v 24.19350000000001 1.006508807828171 -76.1121780521858
v 20.8 -0.4599200428104407 -76.42775122280499
v 20.80000000000001 1.006508807828195 -76.1121780521858
v 19.8 -0.2828967357956126 -75.87820952092343
v 19.80000000000001 0.6191033870672543 -75.68410052030825
v 19.80000000000001 0.2828967357953366 -74.1217904790764
v 19.8 -0.6191033870675293 -74.31589947969158
v 19.8 0.1487626192701086 -75.69128118960936
v 19.8 -0.1487626192703836 -74.30871881039047
v 20.80000000000001 0.4599200428101515 -73.57224877719484
v 20.8 -1.006508807828484 -73.88782194781403
v 19.43763170443069 0.4233186838401279 -74.90890248839297
v 24.19350000000001 0.4599200428101279 -73.57224877719484
v 24.1935 -1.006508807828508 -73.88782194781403
v 24.50000000000001 0.3659430473958856 -73.86398594372135
v 24.5 -0.8008455080955877 -74.11507699647736
v -12.86130099770358 -12.82113372318698 -7.499569377990182
v -13.14177316303588 -11.66465831727736 -7.499569377990182
v -12.86130099770358 -12.82113372318698 -4.499569377990182
v -13.14177316303588 -11.66465831727736 -4.499569377990182
v -10.55243529797739 -10.61994332237475 -7.499569377990182
v -10.08105350750295 -12.56359946676066 -7.499569377990182
v -10.55243529797739 -10.61994332237475 -4.499569377990182
v -10.08105350750295 -12.56359946676066 -4.499569377990182
v -10.85486868060241 -12.33632798178941 0.0004306220098195744
v -11.13616576406805 -11.17645117762712 0.0004306220098195495
v -10.56079013062723 -12.42269960007049 -0.3060693779901805
v -10.91432647348307 -10.96495749178105 -0.3060693779901805
v -10.56079013062723 -12.42269960007049 -2.599569377990181
v -10.91432647348307 -10.96495749178105 -2.599569377990181
v -9.697264209003515 -12.6763193601128 -2.999569377990181
v -10.26292235757286 -10.34393198684971 -2.999569377990181
v -9.697264209003515 -12.6763193601128 -2.599569377990181
v -10.26292235757286 -10.34393198684971 -2.599569377990181
v -12.54283676325859 -12.51752125410943 0.0004306220098195785
v -12.71960493468651 -11.78865019996472 0.0004306220098195629
v -12.71960493468651 -11.78865019996472 -4.499569377990182
v -12.54283676325859 -12.51752125410943 -4.499569377990182
v -11.45716323674158 -11.48247874589051 0.0004306220098195562
v -11.28039506531366 -12.21134980003523 0.0004306220098195718
v -11.28039506531366 -12.21134980003523 -4.499569377990182
v -11.45716323674158 -11.48247874589051 -4.499569377990182
v -13.44756470202277 -13.38005667762519 -4.499569377990182
v -13.91894649249722 -11.43640053323928 -4.499569377990182
v -13.14513131939775 -11.66367201821054 0.0004306220098195603
v -12.86383423593212 -12.82354882237283 0.0004306220098195851
v -14.30273579099665 -11.32368063988715 -2.999569377990181
v -13.73707764242731 -13.65606801315024 -2.999569377990181
v -14.30273579099665 -11.32368063988715 -2.599569377990181
v -13.73707764242731 -13.65606801315024 -2.599569377990181
v -13.43920986937294 -11.57730039992946 -2.599569377990181
v -13.08567352651709 -13.03504250821889 -2.599569377990181
v -13.43920986937294 -11.57730039992946 -0.3060693779901805
v -13.08567352651709 -13.03504250821889 -0.3060693779901805
v -11.13869900229658 -11.17886627681296 -7.499569377990182
v -10.85822683696428 -12.33534168272258 -7.499569377990182
v -13.44756470202277 -13.38005667762519 -7.499569377990182
v -13.91894649249722 -11.43640053323928 -7.499569377990182
v -11.13869900229658 -11.17886627681296 -4.499569377990182
v -10.85822683696428 -12.33534168272258 -4.499569377990182
v -11.01164841567681 -0.662767791738443 -7.499569377990182
v -12.07979795229401 -1.187321475763698 -7.499569377990182
v -11.01164841567681 -0.6627677917384425 -4.499569377990182
v -12.07979795229401 -1.187321475763698 -4.499569377990182
v -13.66109509970283 1.113895448299901 -7.499569377990182
v -11.86588579446384 1.995498278594446 -7.499569377990182
v -13.66109509970283 1.113895448299902 -4.499569377990182
v -11.86588579446384 1.995498278594447 -4.499569377990182
v -11.9199673478463 1.190813597751237 0.0004306220098184852
v -12.99125850074767 0.6647171087729622 0.0004306220098184719
v -11.89941434584789 1.496623708945837 -0.3060693779901816
v -13.24582132477713 0.8354215862249234 -0.3060693779901816
v -11.89941434584789 1.496623708945836 -2.599569377990182
v -13.24582132477713 0.835421586224923 -2.599569377990182
v -11.83906295335662 2.394597934313337 -2.999569377990182
v -13.9933141196434 1.33667453795988 -2.999569377990182
v -11.83906295335662 2.394597934313337 -2.599569377990182
v -13.9933141196434 1.33667453795988 -2.599569377990182
v -11.37708933761144 -0.4177107931124623 0.0004306220098188433
v -12.05029282707606 -0.7483118544729181 0.000430622009818835
v -12.05029282707606 -0.7483118544729191 -4.499569377990182
v -11.37708933761144 -0.4177107931124626 -4.499569377990182
v -12.62291066238856 0.4177107931124621 0.0004306220098185566
v -11.94970717292394 0.748311854472918 0.000430622009818565
v -11.94970717292394 0.7483118544729173 -4.499569377990182
v -12.62291066238856 0.4177107931124603 -4.499569377990182
v -10.33890490029717 -1.113895448299904 -4.499569377990182
v -12.13411420553616 -1.995498278594449 -4.499569377990182
v -12.0800326521537 -1.190813597751237 0.0004306220098189147
v -11.00874149925233 -0.6647171087729624 0.000430622009818928
v -12.16093704664339 -2.394597934313338 -2.999569377990181
v -10.0066858803566 -1.336674537959882 -2.999569377990181
v -12.16093704664339 -2.394597934313338 -2.599569377990181
v -10.0066858803566 -1.336674537959882 -2.599569377990181
v -12.10058565415211 -1.496623708945837 -2.599569377990181
v -10.75417867522287 -0.8354215862249228 -2.599569377990181
v -12.10058565415211 -1.496623708945836 -0.3060693779901811
v -10.75417867522287 -0.8354215862249225 -0.3060693779901811
v -12.98835158432319 0.6627677917384395 -7.499569377990182
v -11.92020204770599 1.187321475763696 -7.499569377990182
v -10.33890490029717 -1.113895448299905 -7.499569377990182
v -12.13411420553616 -1.995498278594449 -7.499569377990182
v -12.98835158432319 0.66276779173844 -4.499569377990182
v -11.92020204770599 1.187321475763696 -4.499569377990182
v -12.59372769822318 10.96869625213391 -7.499569377990182
v -13.18999909378179 11.99853139565863 -7.499569377990182
v -12.59372769822317 10.96869625213391 -4.499569377990182
v -13.18999909378179 11.99853139565863 -4.499569377990182
v -11.00213832231421 13.73328360985906 -7.499569377990182
v -10.00000152305604 12.00246824259062 -7.499569377990182
v -11.00213832231421 13.73328360985906 -4.499569377990182
v -10.00000152305603 12.00246824259062 -4.499569377990182
v -10.80650090888372 12.00147292376597 0.0004306220098185388
v -11.40452604384105 13.03433699418341 0.0004306220098188038
v -10.50000114229205 12.00185118194298 -0.3060693779901816
v -11.25160374173568 13.29996270739431 -0.3060693779901812
v -10.50000114229205 12.00185118194298 -2.599569377990181
v -11.25160374173568 13.29996270739431 -2.599569377990181
v -9.600001827667224 12.00296189110875 -2.999569377990182
v -10.80256598677704 14.07994033183087 -2.999569377990181
v -9.600001827667224 12.00296189110875 -2.599569377990182
v -10.80256598677704 14.07994033183087 -2.599569377990181
v -12.37419812913228 11.3500186463029 0.0004306220098186348
v -12.7499994288541 11.99907440902856 0.0004306220098188013
v -12.7499994288541 11.99907440902856 -4.499569377990182
v -12.37419812913228 11.3500186463029 -4.499569377990182
v -11.62580187086788 12.64998135369717 0.0004306220098187652
v -11.25000057114606 12.00092559097151 0.0004306220098185987
v -11.25000057114606 12.00092559097151 -4.499569377990182
v -11.62580187086788 12.64998135369717 -4.499569377990182
v -12.99786167768595 10.26671639014101 -4.499569377990182
v -13.99999847694413 11.99753175740945 -4.499569377990182
v -13.19349909111644 11.99852707623409 0.0004306220098188611
v -12.59547395615912 10.96566300581666 0.0004306220098185962
v -14.39999817233294 11.99703810889132 -2.999569377990181
v -13.19743401322312 9.9200596681692 -2.999569377990181
v -14.39999817233294 11.99703810889132 -2.599569377990181
v -13.19743401322312 9.9200596681692 -2.599569377990181
v -13.49999885770812 11.99814881805709 -2.599569377990181
v -12.74839625826448 10.70003729260576 -2.599569377990181
v -13.49999885770812 11.99814881805709 -0.3060693779901811
v -12.74839625826448 10.70003729260576 -0.3060693779901815
v -11.40627230177699 13.03130374786616 -7.499569377990182
v -10.81000090621837 12.00146860434144 -7.499569377990182
v -12.99786167768595 10.26671639014101 -7.499569377990182
v -13.99999847694413 11.99753175740945 -7.499569377990182
v -11.40627230177699 13.03130374786616 -4.499569377990182
v -10.81000090621837 12.00146860434143 -4.499569377990182
v -0.4950126417887382 10.9178435951909 -7.499569377990182
v -1.18468125832715 11.88761532057889 -7.499569377990182
v -0.4950126417887378 10.9178435951909 -4.499569377990182
v -1.18468125832715 11.88761532057889 -4.499569377990182
v 0.831954019812789 13.81875026018344 -7.499569377990182
v 1.991060938364741 12.1888818141532 -7.499569377990182
v 0.8319540198127894 13.81875026018344 -4.499569377990182
v 1.991060938364742 12.1888818141532 -4.499569377990182
v 1.188165614969127 12.11271522259594 0.0004306220098193952
v 0.4964685613232444 13.08533921776448 0.0004306220098193952
v 1.493295703773536 12.14166136061492 -0.3060693779901807
v 0.6239655148595687 13.36406269513759 -0.3060693779901807
v 1.493295703773536 12.14166136061492 -2.599569377990181
v 0.6239655148595684 13.36406269513759 -2.599569377990181
v 2.389273126037705 12.22665817698384 -2.999569377990181
v 0.9983448237753612 14.18250031222012 -2.999569377990181
v 2.389273126037705 12.22665817698384 -2.599569377990181
v 0.9983448237753613 14.18250031222012 -2.599569377990181
v -0.3119827574299049 11.31796865243125 0.0004306220098196755
v -0.746647851886888 11.92916931969259 0.0004306220098196755
v -0.7466478518868888 11.92916931969259 -4.499569377990182
v -0.3119827574299049 11.31796865243125 -4.499569377990182
v 0.3119827574297449 12.68203134756881 0.0004306220098194592
v 0.7466478518867282 12.07083068030747 0.0004306220098194592
v 0.7466478518867274 12.07083068030747 -4.499569377990182
v 0.3119827574297433 12.68203134756881 -4.499569377990182
v -0.8319540198129516 10.18124973981663 -4.499569377990182
v -1.991060938364903 11.81111818584686 -4.499569377990182
v -1.188165614969287 11.88728477740412 0.0004306220098197394
v -0.4964685613234053 10.91466078223558 0.0004306220098197394
v -2.389273126037867 11.77334182301622 -2.99956937799018
v -0.9983448237755226 9.817499687779943 -2.99956937799018
v -2.389273126037867 11.77334182301622 -2.59956937799018
v -0.9983448237755225 9.817499687779943 -2.59956937799018
v -1.493295703773696 11.85833863938514 -2.599569377990181
v -0.623965514859728 10.63593730486247 -2.599569377990181
v -1.493295703773696 11.85833863938514 -0.3060693779901802
v -0.6239655148597276 10.63593730486247 -0.3060693779901802
v 0.4950126417885756 13.08215640480916 -7.499569377990182
v 1.184681258326988 12.11238467942117 -7.499569377990182
v -0.8319540198129519 10.18124973981663 -7.499569377990182
v -1.991060938364903 11.81111818584686 -7.499569377990182
v 0.495012641788576 13.08215640480916 -4.499569377990182
v 1.184681258326989 12.11238467942117 -4.499569377990182
v -0.4353674186579191 -1.107499530822112 -7.499569377990182
v -1.17680643770029 -0.1767105208733023 -7.499569377990182
v -0.4353674186579187 -1.107499530822112 -4.499569377990182
v -1.17680643770029 -0.1767105208733023 -4.499569377990182
v 0.7317099473240515 1.861343749280862 -7.499569377990182
v 1.97782594571459 0.2969924720559675 -7.499569377990182
v 0.7317099473240519 1.861343749280862 -4.499569377990182
v 1.977825945714591 0.2969924720559675 -4.499569377990182
v 1.180267633105155 0.1772302576994051 0.0004306220098193863
v 0.4366479110655969 1.110756882383356 0.0004306220098195188
v 1.483369459285926 0.222744354041982 -0.3060693779901807
v 0.5487824604930187 1.396007811960648 -0.3060693779901805
v 1.483369459285926 0.222744354041982 -2.599569377990181
v 0.5487824604930184 1.396007811960648 -2.599569377990181
v 2.373391134857522 0.3563909664671667 -2.999569377990181
v 0.8780519367888736 2.233612499137034 -2.999569377990181
v 2.373391134857522 0.3563909664671667 -2.599569377990181
v 0.8780519367888737 2.233612499137034 -2.599569377990181
v -0.2743912302466107 -0.6980039059803235 0.0004306220098195978
v -0.7416847296430639 -0.1113721770209901 0.0004306220098196811
v -0.7416847296430645 -0.1113721770209907 -4.499569377990182
v -0.2743912302466108 -0.6980039059803236 -4.499569377990182
v 0.2743912302464763 0.6980039059803237 0.0004306220098195369
v 0.7416847296429296 0.1113721770209898 0.0004306220098194536
v 0.7416847296429289 0.111372177020991 -4.499569377990182
v 0.2743912302464746 0.6980039059803241 -4.499569377990182
v -0.7317099473241886 -1.861343749280861 -4.499569377990182
v -1.977825945714727 -0.2969924720559671 -4.499569377990182
v -1.180267633105289 -0.1772302576994041 0.0004306220098197483
v -0.4366479110657315 -1.110756882383355 0.0004306220098196158
v -2.373391134857657 -0.3563909664671639 -2.99956937799018
v -0.8780519367890094 -2.233612499137034 -2.999569377990181
v -2.373391134857657 -0.3563909664671639 -2.59956937799018
v -0.8780519367890093 -2.233612499137034 -2.599569377990181
v -1.483369459286061 -0.2227443540419814 -2.59956937799018
v -0.5487824604931524 -1.396007811960648 -2.599569377990181
v -1.483369459286061 -0.2227443540419814 -0.3060693779901802
v -0.548782460493152 -1.396007811960648 -0.3060693779901804
v 0.4353674186577817 1.107499530822113 -7.499569377990182
v 1.176806437700154 0.1767105208733023 -7.499569377990182
v -0.731709947324189 -1.861343749280861 -7.499569377990182
v -1.977825945714727 -0.2969924720559671 -7.499569377990182
v 0.4353674186577822 1.107499530822113 -4.499569377990182
v 1.176806437700155 0.1767105208733023 -4.499569377990182
v -0.4245731949683038 -13.11168232967625 -7.499569377990182
v -1.175031735922118 -12.18814999222971 -7.499569377990182
v -0.4245731949683031 -13.11168232967625 -4.499569377990182
v -1.175031735922117 -12.18814999222971 -4.499569377990182
v 0.7135683949044894 -10.1316263366785 -7.499569377990182
v 1.974843253650395 -11.68378152566429 -7.499569377990182
v 0.7135683949044901 -10.1316263366785 -4.499569377990182
v 1.974843253650396 -11.68378152566429 -4.499569377990182
v 1.178487711615841 -11.81129662544015 0.0004306220098184459
v 0.4258219396592177 -10.88504801641288 0.0004306220098186098
v 1.481132440237776 -11.7628361442482 -0.3060693779901817
v 0.5351762961783438 -10.59871975250887 -0.3060693779901815
v 1.481132440237776 -11.7628361442482 -2.599569377990182
v 0.5351762961783434 -10.59871975250887 -2.599569377990181
v 2.369811904380491 -11.62053783079714 -2.999569377990182
v 0.8562820738854025 -9.757951604014202 -2.999569377990181
v 2.369811904380491 -11.62053783079714 -2.599569377990182
v 0.8562820738854026 -9.757951604014202 -2.599569377990181
v -0.2675881480892951 -12.70064012374553 0.0004306220098187566
v -0.7405662201190109 -12.11858192787586 0.0004306220098188596
v -0.7405662201190117 -12.11858192787586 -4.499569377990182
v -0.2675881480892955 -12.70064012374553 -4.499569377990182
v 0.2675881480891317 -11.29935987625442 0.0004306220098186433
v 0.7405662201188474 -11.88141807212409 0.0004306220098185403
v 0.7405662201188463 -11.88141807212409 -4.499569377990182
v 0.2675881480891296 -11.29935987625442 -4.499569377990182
v -0.7135683949046565 -13.86837366332145 -4.499569377990182
v -1.974843253650561 -12.31621847433567 -4.499569377990182
v -1.178487711616004 -12.1887033745598 0.0004306220098189541
v -0.4258219396593806 -13.11495198358707 0.0004306220098187901
v -2.369811904380656 -12.37946216920281 -2.999569377990181
v -0.856282073885568 -14.24204839598575 -2.999569377990181
v -2.369811904380656 -12.37946216920281 -2.599569377990181
v -0.8562820738855679 -14.24204839598575 -2.599569377990181
v -1.48113244023794 -12.23716385575175 -2.599569377990181
v -0.5351762961785068 -13.40128024749108 -2.599569377990181
v -1.48113244023794 -12.23716385575175 -0.306069377990181
v -0.5351762961785064 -13.40128024749108 -0.3060693779901812
v 0.4245731949681366 -10.8883176703237 -7.499569377990182
v 1.175031735921952 -11.81185000777024 -7.499569377990182
v -0.7135683949046572 -13.86837366332145 -7.499569377990182
v -1.974843253650562 -12.31621847433567 -7.499569377990182
v 0.4245731949681373 -10.8883176703237 -4.499569377990182
v 1.175031735921952 -11.81185000777024 -4.499569377990182
v 11.53049248871999 -13.09346362392705 -7.499569377990182
v 10.81827896792491 -12.14012637992748 -7.499569377990182
v 11.53049248871999 -13.09346362392705 -4.499569377990182
v 10.81827896792492 -12.14012637992748 -4.499569377990182
v 12.78908825425191 -10.16224601020658 -7.499569377990182
v 13.9860857681932 -11.76449347911342 -7.499569377990182
v 12.78908825425191 -10.16224601020658 -4.499569377990182
v 13.9860857681932 -11.76449347911342 -4.499569377990182
v 13.18519668216926 -11.85946148366092 0.0004306220098193411
v 12.47088841572479 -10.90332030659076 0.0004306220098195067
v 13.48956432614488 -11.82337010933505 -0.3060693779901807
v 12.59181619068891 -10.62168450765493 -0.3060693779901805
v 13.48956432614488 -11.82337010933505 -2.599569377990181
v 12.59181619068891 -10.62168450765493 -2.599569377990181
v 14.38330292183186 -11.7173921749361 -2.999569377990181
v 12.9469059051023 -9.7946952122479 -2.999569377990181
v 14.38330292183186 -11.7173921749361 -2.599569377990181
v 12.9469059051023 -9.7946952122479 -2.599569377990181
v 11.70409190465543 -12.6891577461725 0.0004306220098196054
v 11.25521783692744 -12.08831494533244 0.0004306220098197095
v 11.25521783692744 -12.08831494533244 -4.499569377990182
v 11.70409190465543 -12.6891577461725 -4.499569377990182
v 12.29590809534441 -11.31084225382745 0.0004306220098195292
v 12.7447821630724 -11.91168505466752 0.0004306220098194251
v 12.7447821630724 -11.91168505466751 -4.499569377990182
v 12.29590809534441 -11.31084225382745 -4.499569377990182
v 11.21091174574793 -13.83775398979337 -4.499569377990182
v 10.01391423180664 -12.23550652088654 -4.499569377990182
v 10.81480331783058 -12.14053851633904 0.0004306220098197936
v 11.52911158427505 -13.09667969340919 0.0004306220098196279
v 9.616697078167979 -12.28260782506385 -2.99956937799018
v 11.05309409489753 -14.20530478775205 -2.999569377990181
v 9.616697078167979 -12.28260782506385 -2.59956937799018
v 11.05309409489753 -14.20530478775205 -2.599569377990181
v 10.51043567385496 -12.1766298906649 -2.59956937799018
v 11.40818380931093 -13.37831549234503 -2.599569377990181
v 10.51043567385496 -12.1766298906649 -0.3060693779901802
v 11.40818380931093 -13.37831549234503 -0.3060693779901804
v 12.46950751127985 -10.90653637607291 -7.499569377990182
v 13.18172103207492 -11.85987362007247 -7.499569377990182
v 11.21091174574793 -13.83775398979337 -7.499569377990182
v 10.01391423180663 -12.23550652088654 -7.499569377990182
v 12.46950751127985 -10.90653637607291 -4.499569377990182
v 13.18172103207493 -11.85987362007247 -4.499569377990182
v 11.4302800049132 -1.044757927559459 -7.499569377990182
v 10.81035309638486 -0.02898697499067498 -7.499569377990182
v 11.4302800049132 -1.044757927559459 -4.499569377990182
v 10.81035309638486 -0.02898697499067505 -4.499569377990182
v 12.95751259678431 1.755895676570593 -7.499569377990182
v 13.99940656069749 0.04871760502641503 -7.499569377990182
v 12.95751259678431 1.755895676570593 -4.499569377990182
v 13.99940656069749 0.04871760502641497 -4.499569377990182
v 13.1931458650962 0.02907223079953125 0.0004306220098193576
v 12.571395642131 1.047830744993515 0.0004306220098194901
v 13.4995549205231 0.03653820376982465 -0.3060693779901807
v 12.71813444758821 1.316921757427953 -0.3060693779901806
v 13.4995549205231 0.0365382037698247 -2.599569377990181
v 12.71813444758821 1.316921757427953 -2.599569377990181
v 14.399287872837 0.05846112603169813 -2.999569377990181
v 13.14901511614119 2.107074811884707 -2.999569377990181
v 14.399287872837 0.05846112603169812 -2.599569377990181
v 13.14901511614119 2.107074811884707 -2.599569377990181
v 11.64093277620577 -0.6584608787139352 0.0004306220098196158
v 11.25022253973833 -0.01826910188487035 0.0004306220098196991
v 11.25022253973833 -0.01826910188487092 -4.499569377990182
v 11.64093277620577 -0.6584608787139353 -4.499569377990182
v 12.35906722379407 0.6584608787139903 0.0004306220098195188
v 12.74977746026151 0.01826910188492553 0.0004306220098194355
v 12.74977746026151 0.01826910188492602 -4.499569377990182
v 12.35906722379406 0.6584608787139908 -4.499569377990182
v 11.04248740321552 -1.755895676570537 -4.499569377990182
v 10.00059343930235 -0.04871760502636003 -4.499569377990182
v 10.80685413490364 -0.02907223079947618 0.000430622009819777
v 11.42860435786883 -1.047830744993461 0.0004306220098196445
v 9.600712127162833 -0.05846112603164115 -2.99956937799018
v 10.85098488385865 -2.107074811884652 -2.999569377990181
v 9.600712127162833 -0.05846112603164116 -2.59956937799018
v 10.85098488385865 -2.107074811884652 -2.599569377990181
v 10.50044507947674 -0.03653820376976918 -2.59956937799018
v 11.28186555241163 -1.316921757427899 -2.599569377990181
v 10.50044507947674 -0.03653820376976923 -0.3060693779901802
v 11.28186555241163 -1.316921757427899 -0.3060693779901804
v 12.56971999508663 1.044757927559515 -7.499569377990182
v 13.18964690361497 0.02898697499072972 -7.499569377990182
v 11.04248740321552 -1.755895676570537 -7.499569377990182
v 10.00059343930234 -0.04871760502635997 -7.499569377990182
v 12.56971999508663 1.044757927559515 -4.499569377990182
v 13.18964690361497 0.02898697499072965 -4.499569377990182
v 11.28940078565026 11.04545887644083 -7.499569377990182
v 10.81804353086588 12.13812640975649 -7.499569377990182
v 11.28940078565026 11.04545887644083 -4.499569377990182
v 10.81804353086589 12.13812640975649 -4.499569377990182
v 13.19428439386488 13.60427079589783 -7.499569377990182
v 13.98648146072938 11.76785477351857 -7.499569377990182
v 13.19428439386489 13.60427079589783 -4.499569377990182
v 13.98648146072938 11.76785477351857 -4.499569377990182
v 13.18543281169023 11.86146733609722 0.0004306220098185359
v 12.71268921203883 12.95734859745205 0.0004306220098185987
v 13.48986109554702 11.82589108013894 -0.3060693779901816
v 12.89571329539864 13.20320309692339 -0.3060693779901815
v 13.48986109554702 11.82589108013894 -2.599569377990181
v 12.89571329539864 13.20320309692339 -2.599569377990181
v 14.38377775287528 11.72142572822228 -2.999569377990182
v 13.43314127263788 13.9251249550774 -2.999569377990181
v 14.38377775287528 11.72142572822228 -2.599569377990182
v 13.43314127263788 13.9251249550774 -2.599569377990181
v 11.55214335230056 11.39839845153835 0.0004306220098187636
v 11.25506945222637 12.08705445993057 0.0004306220098188031
v 11.25506945222637 12.08705445993057 -4.499569377990182
v 11.55214335230056 11.39839845153835 -4.499569377990182
v 12.44785664769928 12.6016015484617 0.0004306220098186363
v 12.74493054777347 11.91294554006948 0.0004306220098185969
v 12.74493054777347 11.91294554006948 -4.499569377990182
v 12.44785664769928 12.60160154846171 -4.499569377990182
v 10.80571560613495 10.39572920410222 -4.499569377990182
v 10.01351853927045 12.23214522648149 -4.499569377990182
v 10.81456718830961 12.13853266390283 0.000430622009818864
v 11.287310787961 11.04265140254801 0.0004306220098188013
v 9.61622224712456 12.27857427177778 -2.999569377990181
v 10.56685872736196 10.07487504492266 -2.999569377990181
v 9.61622224712456 12.27857427177778 -2.599569377990181
v 10.56685872736196 10.07487504492266 -2.599569377990181
v 10.51013890445282 12.17410891986112 -2.599569377990181
v 11.1042867046012 10.79679690307667 -2.599569377990181
v 10.51013890445282 12.17410891986112 -0.3060693779901811
v 11.1042867046012 10.79679690307667 -0.3060693779901812
v 12.71059921434957 12.95454112355922 -7.499569377990182
v 13.18195646913395 11.86187359024356 -7.499569377990182
v 10.80571560613495 10.39572920410222 -7.499569377990182
v 10.01351853927045 12.23214522648149 -7.499569377990182
v 12.71059921434957 12.95454112355922 -4.499569377990182
v 13.18195646913395 11.86187359024356 -4.499569377990182
v -52.62831161516615 19.33527286370976 -173.1887414224898
v -43.05898235198923 35.90981283631616 -173.1891417435629
v -55.12700564767977 32.87143430188881 -0.401961488692156
v -56.33934240503749 32.20465228671027 -0.5132303558116565
v -55.58183817250847 32.91531242128292 -0.4599416339689862
v -55.19917078079429 33.01311169839354 -0.9624866679692069
v -56.09278991544672 32.74106825973522 -0.8019240632621532
v -54.78603096917662 32.65278292575786 -0.3444084495783968
v -54.87977270198608 32.81865799696133 -0.6883433863882698
v -56.46774509908493 32.08090516200365 -1.026189253490835
v -56.00580751781359 32.98245509838591 -0.4180847762536585
v -56.55623128388038 31.9607375709304 -0.7137387205794331
v -56.30821375853859 32.70430774014127 -0.7418541646993536
v -56.28039213741756 31.24863260552408 -0.6668981644110555
v -55.54329249601516 33.12729959430475 -0.7413082042434005
v -54.82702855063583 31.00690883305511 -0.4179286835738
v -54.27656123989875 32.0285998610309 -0.7135873220933884
v -54.52457788483354 31.28502925714645 -0.7416782399262065
v -54.55240594096436 32.74071261907695 -0.6668403063774493
v -55.28950060641966 30.86204053726228 -0.7412059372624835
v -55.70582930356143 31.11793279226258 -0.4019320822969225
v -54.49347746013927 31.78470609749497 -0.5130887148481146
v -55.25098891811536 31.0740501345386 -0.4598470921362688
v -55.63358813630412 30.97621149742612 -0.9624363695830235
v -54.73999078884505 31.24826751492411 -0.8017738527737099
v -56.04681178486159 31.336588673335 -0.3444424216052149
v -55.95302339879908 31.17068666686813 -0.688351647080527
v -54.36500518345078 31.90841304864511 -1.026039879950134
v -19.33527286370976 -52.62831161516615 -173.1887414224898
v -35.90981283631616 -43.05898235198923 -173.1891417435629
v -32.17542532385835 67.28361808405616 -2.683189116413016
v -30.38683373971853 67.15177092387334 -21.07768330945771
v -40.90382333677925 63.4824223290796 -16.32115338006989
v -43.56782320512623 51.73031573837631 -11.96172248803828
v -40.90382333677925 63.4824223290796 -6.771812468831006
v -35.96823077309156 66.66056832632711 -17.86309226154433
v -32.74212696566329 67.26936158065449 -16.16886286372687
v -35.91604979436962 66.67796958158226 -5.971074064397198
v -32.9002183652883 67.26058356792355 -7.369247644070938
v -38.01230917702797 65.75312475638465 -11.5337423730107
v -34.26275054156103 67.09700811499455 -13.40063626716913
v -31.96801623248283 67.28212135301241 -11.83062801663033
v -28.84185978014087 66.81476633165192 -14.40809439602721
v -34.55077867642471 67.04187335270326 -10.27911051589795
v -32.83522501444327 67.26444643022971 -19.00510961094479
v -33.76979085824469 67.17454708908551 -2.703576893272393
v -32.5860510869405 67.2759706038475 -5.034187679464267
v -29.80144966695964 67.04919738369672 -5.229608280915311
v -43.40936765908316 59.38273536717063 -11.13084247677231
v -30.91714663037882 67.21909282360417 -18.71706286746437
v -28.7198198237193 66.77884856538844 -20.64860043551646
v -60.98355497580951 42.46741399859975 -18.4421948803024
v -56.73519479676636 43.73003620442044 -5.16388775094086
v -66.04248278062337 37.50239201203653 -5.391662945886826
v -67.4553509776492 31.19364239209233 -15.70581465615822
v -67.46519044727695 31.4173090199139 -5.346780837240955
v -66.58947302924375 36.34137406029818 -16.14051562793981
v -63.33527261490269 40.87868840362125 -11.66243735128567
v -57.86129387924259 43.55963779977834 -13.7623933890184
v -62.09005796609005 41.82085130934703 -5.283047012291032
v -56.89939464565486 43.71199104783931 -18.99383976997684
v -51.85808799436497 43.22158391646869 -14.66959956821159
v -66.54866532061055 36.44034324022365 -10.79796100487435
v -59.00444719442997 43.27126715681011 -9.032114144702263
v -55.06824400244161 43.78469967797803 -9.442169925433976
v -73.72532318386973 6.760424228124093 -2.702345321300553
v -73.72532318386975 6.760424228124087 -21.221099654776
v -75.71256941876614 -2.564706404607743 -7.54809565097192
v -62.75263361906548 11.70891397634457 -7.810706474537511
v -68.40455117875688 10.92826764034125 -7.870579027227706
v -71.59500152198274 9.043533142301317 -2.702345321297314
v -71.59500152198123 9.043533142302554 -21.22109965477584
v -72.47339218993368 8.243432239228147 -18.03417656557652
v -74.94554274082626 4.611409923337305 -18.67235017105462
v -69.59358469522888 10.3788531668745 -18.07740636033332
v -74.02699672927517 6.317072430637777 -14.31241320431078
v -75.82808848862769 1.521078646232203 -14.74008171470018
v -75.33409477000697 3.602856820212045 -9.705714343141448
v -72.73498378503375 7.971793014530193 -5.79207626168749
v -63.97017282640687 11.77298628522055 -19.20825028689818
v -67.38967135614187 11.27947704150118 -13.4440582950301
v -73.00015570974108 7.678006260668436 -10.11185998178632
v -74.81339970373695 4.902389397797675 -5.720615357361602
v -71.47295049782582 9.142742600957025 -14.2428355119316
v -75.71274410491355 -2.563844321045288 -20.00597661670189
v -75.93853557680247 0.3554057417081096 -4.301507585113954
v -75.21663700734381 -4.315143210570226 -13.90343831993886
v -75.19214382635833 4.003742545396908 -2.702345321300557
v -69.13941169293324 10.60748552146607 -4.314942793130587
v -67.27646937012955 -32.57188637067659 -18.57666413883561
v -61.66212666477903 -22.01483844546857 -5.413969135963347
v -67.220281771277 -30.92859924688348 -5.346780837241485
v -61.65759465410432 -22.01200702446939 -18.57666413883561
v -53.54220117878521 -20.32944890399564 -12.22493933891252
v -65.55161220922859 -25.95836063397972 -5.374794842041863
v -64.0676966318487 -23.99752085065842 -10.69356167448286
v -66.94871803529514 -29.34732350134903 -10.7991532470771
v -67.02505519822168 -34.63172774749665 -10.60567459234575
v -65.86262053241661 -26.50328568223414 -16.86683192846335
v -55.73575966574658 -20.20347380960626 -5.346780837240956
v -55.73575966574658 -20.20347380960625 -18.5766641388356
v -58.75609208730249 -20.69988560808483 -12.79908696350191
v -42.71736071384858 -60.46779066538703 -21.22109965477601
v -42.71736071384858 -60.46779066538703 -2.702345321300544
v -42.09290309912409 -49.36413090910117 -7.766431331610233
v -43.61771840730939 -53.47105672238767 -7.776600796769483
v -31.79725335087135 -43.54895488370224 -11.80582996127547
v -43.62943020218911 -57.48132353087286 -2.702345321298171
v -43.62943020218962 -57.48132353086987 -21.22109965477593
v -43.53049472196811 -58.00229189860232 -17.97244921465887
v -43.78514285227476 -55.08038570305422 -18.07740636033356
v -43.70368934707436 -56.96866306846126 -14.07822199679793
v -43.39681361461026 -52.45801212328193 -14.0729891775854
v -43.08725921753018 -59.55822679665772 -8.945751056384029
v -42.43879623041138 -61.03881780572478 -14.32159861129934
v -43.65063088443408 -57.34990185801218 -5.883595540141773
v -38.62471737530997 -45.66530610199293 -15.31763308138721
v -42.41687358628351 -49.94057704906623 -19.07090810692554
v -43.76232226587641 -56.36513651907136 -10.33568140488458
v -43.76019697877268 -54.62694818743349 -4.374673077158441
v -11.71154895823437 -62.77825444825496 -18.54874775550118
v -11.76584005557862 -64.40304681893258 -5.34678083724094
v 0.02678363777272716 -52.02856910487253 -12.77566482235371
v -10.37115826905922 -58.37032067456377 -18.57666413883569
v -11.46561089440236 -61.29487707648063 -12.40117655486913
v -11.49157558716688 -66.56862841248241 -13.02316352862605
v -10.37115826905917 -58.37032067456369 -5.346780837240946
v -7.679496879078422 -54.97953662489991 -11.93334213814544
v 23.41224654788908 -47.16139414572785 -11.86299666105139
v 20.20978969951658 -55.88957054750178 -11.93562945395109
v 31.8980629386986 -43.36301115455355 -11.93562945395109
v 43.56889393928041 -32.52236310148672 -11.69115858496129
v 55.02986991877166 -19.87910308208496 -12.61778913918634
v 46.50421254876034 -23.95923171879363 -10.79267480390607
v 63.5753439622473 12.14328220987534 -18.57666413883561
v 61.95819588550437 11.97675933171754 -5.374697220575403
v 52.04600461909169 -0.4768606807251431 -11.14778015372308
v 57.65350897388939 10.33474899501209 -5.34678083724101
v 60.49537751071517 11.62882778570262 -11.52226842120751
v 65.7547076970029 12.01943412314676 -10.90028144745059
v 57.65350897388956 10.33474899501219 -18.57666413883562
v 54.4569831816478 7.415043467169421 -11.99010283793188
v 58.34343863086281 43.73184844360858 -2.367661217009911
v 58.78467684890902 43.60757809584265 -21.36920017750694
v 48.77601792059779 42.16973434059857 -7.675382942828113
v 53.61885223749658 43.99790002357786 -7.7312571740373
v 43.63545091667735 29.60665880940937 -12.12697934173173
v 55.63263063644786 44.11572102583748 -2.90700405122766
v 55.92534667005453 44.10452676792367 -20.60397432219849
v 57.37999919217966 43.94137345494374 -17.85011778421184
v 52.20866000923456 43.7075150323933 -17.70044766665974
v 56.91615260227069 44.01304189239404 -12.82405901130478
v 58.01622655151324 43.8123669138859 -5.792076261688776
v 48.00251172963185 41.61896722424358 -17.84894862793868
v 52.71015065469744 43.83114623324749 -11.94503700755802
v 55.2692962648389 44.11964172659266 -9.374862881268671
v 53.13108677155648 43.91741869258467 -4.266042834562247
v 43.93170362574403 35.81125869477013 -13.08958783292489
v 29.78184161891298 67.29549661191876 -18.57666413883561
v 21.27128110204956 61.12950403057751 -5.346780837240948
v 31.41730901991307 67.46519044727894 -5.34678083724094
v 21.34976101141876 61.27457507473193 -18.35370616755892
v 20.15704800601063 52.90335035620609 -12.67024152118254
v 25.49547403155533 65.65665723241581 -18.57666413883561
v 28.33734256838095 66.95073602310623 -13.22988330159466
v 33.50280656758223 67.354969909646 -13.33493368804732
v 25.4427136405399 65.62351971570928 -7.452306126262084
v 21.97406941128643 62.28710045886627 -11.46460858911383
v 19.87659931553011 55.09677788620862 -5.346780837240946
v 19.87950411994363 56.00125737197804 -18.62134048705573
v 20.08210306560517 57.75617056333866 -13.88588363347191
v 24.41446642252084 64.8954817166657 -14.23263652307209
v -2.2380399064922 75.77406268795775 -5.346780837240511
v -10.74860042335378 69.60807010661682 -18.57666413883561
v -0.6025725054902742 75.94375652331824 -18.57666413883562
v -10.6704277851778 69.75258236073809 -5.573657118144428
v -11.83807226025489 61.27342259202135 -11.97056776621635
v -6.524407493853052 74.13522330845197 -5.346780837239168
v -3.682538957026694 75.42930209914422 -10.69356167448093
v 1.482925042175085 75.83353598568584 -10.58851128803117
v -6.577167884863447 74.10208579174858 -16.47113884981557
v -10.34439359227773 70.30941062792733 -12.5165071058606
v -12.14328220987324 63.57534396224793 -18.57666413883561
v -12.14328220987324 63.57534396224793 -5.346780837240944
v -11.96484771606018 66.08815853107559 -10.10374570881114
v -11.90704642403794 66.38995692503114 -14.35971591730517
v -7.573633562155881 73.39907703010198 -9.815591068658051
v 11.26225055297235 48.71510764108066 -10.25837517449111
v -47.72921769741698 -14.89703923578703 -11.96172248803828
v -36.76582326807496 33.88619541082591 -11.96172248803828
v -7.475471070035155 -77.39099326469834 -11.98023139081273
v 12.80951240608109 -76.68875340057348 -11.94321358526386
v -45.16944448425514 -63.28483065632164 -11.9802313908127
v -27.25088701051964 -72.8192121857646 -11.97962526713431
v 32.2214258220589 -70.76035771679699 -11.96172245619764
v 49.43773985404485 -60.00965242641637 -11.98023139081269
v 63.2848306563216 -45.16944448425522 -11.97936462172197
v 72.81916975458721 -27.25100039389616 -11.98003094221637
v 77.39099326469834 -7.475471070035155 -11.98023139081274
v 76.68875340057343 12.80951240608132 -11.979364621722
v 70.76029590648417 32.22156156120176 -11.98003094221639
v 60.00965242641625 49.43773985404502 -11.98023139081272
v -62.89740268927972 -17.07135637595881 -23.92344497607655
v 62.89740268928015 17.07135637596143 -23.92344497607655
v -43.87194106285459 -44.60754002173245 -23.92344497607655
v 16.1733780097415 -59.65555181399554 -23.92344497607655
v -16.17337800974007 59.6555518139983 -23.92344497607655
v 43.87194106285609 44.60754002173514 -23.92344497607655
v -54.78261484366143 -47.73612747123946 -23.92344497607655
v 54.78261484366295 47.7361274712422 -23.92344497607655
v -47.92181965457016 50.50763558372913 -23.92344497607655
v 47.92181965457159 -50.50763558372635 -23.92344497607655
v -48.96672490401108 -48.76491747339885 -23.92344497607655
v 48.96672490401258 48.76491747340161 -23.92344497607655
v 16.71758140897369 64.57446969336272 -23.92344497607655
v -16.71758140897227 -64.57446969336 -23.92344497607655
v -60.36463610350142 15.48938828398632 -23.92344497607655
v 60.36463610350297 -15.48938828398353 -23.92344497607655
v -68.03180322273815 -16.91125119321955 -23.92344497607655
v 68.03180322273913 16.91125119322173 -23.92344497607655
v 56.3409527764092 15.14267966691852 -23.92344497607655
v -56.3409527764079 -15.1426796669158 -23.92344497607655
v -48.19155645885724 45.64423543715247 -23.92344497607655
v 48.19155645885865 -45.64423543714972 -23.92344497607655
v -15.48158108399108 -69.93751375531268 -23.92344497607655
v 15.48158108399197 69.93751375531437 -23.92344497607655
v 16.07754883383637 59.56206373288492 -23.92344497607655
v 15.22801149639731 55.24624844374846 -23.92344497607655
v -16.0775488338349 -59.56206373288221 -23.92344497607655
v -15.22801149639583 -55.24624844374576 -23.92344497607655
v -68.73773369497282 18.18646408245517 -23.92344497607655
v 68.73773369497307 -18.18646408245204 -23.92344497607655
v -20.28097683835549 -68.05512814798783 -23.92344497607655
v 20.28097683835665 68.05512814798998 -23.92344497607655
v -52.46746826597551 47.87260484912751 -23.92344497607655
v 52.46746826597682 -47.87260484912495 -23.92344497607655
v -16.66447304600062 -63.00642674895523 6.227205924454422e-18
v -62.89740268927972 -17.07135637595881 6.00555719703641e-18
v 16.66447304600148 63.00642674895705 -6.22720592445463e-18
v 62.89740268928015 17.07135637596143 -6.005557197036649e-18
v -43.87194106285459 -44.60754002173245 6.781140367621598e-18
v 16.1733780097415 -59.65555181399554 3.53268267478224e-18
v -16.17337800974007 59.6555518139983 -3.532682674782564e-18
v 43.87194106285609 44.60754002173513 -6.781140367621923e-18
v -54.78261484366143 -47.73612747123946 7.836169792012829e-18
v 54.78261484366295 47.7361274712422 -7.836169792013159e-18
v -47.92181965457016 50.50763558372913 -4.592005327468784e-19
v 47.92181965457159 -50.50763558372635 4.592005327465518e-19
v -48.96672490401107 -48.76491747339883 7.487543192257832e-18
v 48.96672490401258 48.76491747340161 -7.487543192258163e-18
v -60.36463610350142 15.48938828398632 3.237087950794273e-18
v 60.36463610350297 -15.48938828398353 -3.237087950794611e-18
v -68.03180322273815 -16.91125119321955 6.372638227886569e-18
v -19.37032846825983 -67.37289545276505 6.77348339940838e-18
v 19.37032846826088 67.37289545276701 -6.773483399408613e-18
v 68.03180322273913 16.91125119322173 -6.372638227886813e-18
v 56.3409527764092 15.14267966691852 -5.367712113890414e-18
v 15.0565311152846 56.36403621124904 -5.581721991406112e-18
v -15.05653111528326 -56.36403621124651 5.581721991405812e-18
v -56.3409527764079 -15.1426796669158 5.367712113890103e-18
v -48.19155645885724 45.64423543715247 -5.372145160439675e-20
v 48.19155645885864 -45.64423543714971 5.372145160407396e-20
v -68.73773369497282 18.18646408245517 3.642614772718087e-18
v 68.73773369497307 -18.18646408245204 -3.642614772718355e-18
v -52.46746826597551 47.87260484912751 8.590650012784127e-20
v 52.46746826597682 -47.87260484912496 -8.590650012813941e-20
v 7.475471070035084 77.39099326469835 -11.9802313908127
v -12.80951240608111 76.68875340057348 -11.9802313908127
v 27.25101354652846 72.81916483249749 -11.9802313908127
v 45.16944448425513 63.28483065632166 -11.98023139081272
v -32.22154878044309 70.76030172635673 -11.9802313908127
v -63.28483065632158 45.16944448425524 -11.94321358526385
v -77.39099326469835 7.47547107003512 -11.94321358526385
v -76.68875340057346 -12.80951240608117 -11.9802313908127
v -49.43773985404491 60.00965242641632 -11.94321358526385
v -72.81921218576464 27.25088701051952 -11.94381970894226
v -70.76030172635669 -32.22154878044319 -11.9802313908127
v -60.00965242641624 -49.43773985404503 -11.9802313908127
v 47.81964604175543 14.60415873788097 -10.25837517449114
v -11.26225055297224 -48.71510764108068 -10.25837517449103
v 36.55739548878319 -34.11094890319963 -10.25837517449114
v 11.76584005558005 64.40304681893528 -5.346780837240941
v 11.7115489582358 62.77825444825768 -18.54874775550124
v -0.0267836377690103 52.02856910487526 -12.77566482235396
v 10.37115826906069 58.37032067456656 -18.57666413883591
v 11.46561089440375 61.29487707648317 -12.40117655486923
v 11.49157558716833 66.56862841248503 -13.02316352862602
v 10.37115826906063 58.37032067456644 -5.34678083724098
v 7.679496879081277 54.97953662490386 -11.93334213814626
v 42.71736071385009 60.46779066538972 -21.221099654776
v 42.7173607138501 60.46779066538972 -2.702345321300548
v 42.09290309912571 49.36413090910406 -7.766431331610384
v 43.6177184073108 53.47105672238977 -7.776600796769518
v 31.79725335087367 43.54895488370492 -11.80582996127557
v 43.62943020219133 57.48132353087136 -2.702345321295208
v 43.62943020219102 57.48132353087318 -21.22109965477567
v 43.53049472196943 58.00229189860592 -17.97244921465869
v 43.78514285227635 55.0803857030592 -18.0774063603328
v 43.70368934707561 56.96866306846606 -14.07822199679804
v 43.39681361461287 52.45801212328875 -14.07298917758537
v 43.08725921753192 59.55822679665978 -8.945751056384299
v 42.43879623041222 61.03881780572875 -14.32159861130053
v 43.65063088443605 57.3499018580119 -5.883595540140785
v 38.62471737531416 45.66530610199746 -15.31763308138831
v 42.41687358628582 49.94057704907043 -19.07090810692491
v 43.76232226587786 56.36513651907494 -10.33568140488159
v 43.76019697877391 54.62694818743228 -4.374673077159287
v 66.3111757799236 27.43375682184202 -18.4421948803024
v 67.27702305535286 31.76049932064857 -5.163364821461959
v 61.70788804083385 22.04358652282053 -5.391662945888806
v 55.5119480609433 20.19782216219206 -15.70581465615829
v 55.73575966573696 20.20347380960861 -5.34678083723706
v 60.58747646754384 21.41761613790409 -16.14051562793976
v 64.88888559072295 24.97780171479138 -11.66243735128397
v 67.18486624851913 30.62407532508048 -13.7623933890195
v 65.74255613845466 26.28496911576963 -5.282906947511587
v 67.27033506548428 31.59420765063916 -18.99383976997777
v 66.43247278674829 36.58953133471864 -14.66959956821498
v 60.68338667326593 21.46517031854878 -10.79796100487287
v 66.97624020895748 29.46371662823903 -9.032114144707281
v 67.2181473134505 33.40795523035182 -9.408673058329219
v 73.72532318387127 -6.760424228121329 -21.22109965477601
v 73.72532318387125 -6.760424228121338 -2.702345321300545
v 75.7125694187675 2.564706404611262 -7.548095650971849
v 62.75263361906692 -11.70891397634181 -7.810706474537591
v 68.40455117875798 -10.92826764033866 -7.870579027227922
v 71.59500152197973 -9.043533142302284 -2.702345321293941
v 71.59500152198326 -9.043533142299372 -21.22109965477557
v 72.47339218993517 -8.24343223922542 -18.03417656557649
v 74.94554274082837 -4.611409923333192 -18.67235017105538
v 69.59358469523259 -10.37885316687059 -18.07740636033254
v 74.0269967292777 -6.317072430633457 -14.31241320431131
v 75.82808848863004 -1.521078646223701 -14.74008171470095
v 75.33409477000936 -3.602856820206663 -9.705714343141743
v 72.73498378503099 -7.971793014532023 -5.792076261686955
v 63.97017282641061 -11.7729862852178 -19.20825028689648
v 67.38967135614617 -11.2794770414976 -13.44405829503057
v 73.00015570974277 -7.67800626066548 -10.11185998178996
v 74.81339970373642 -4.902389397799253 -5.72061535736628
v 71.47295049783125 -9.142742600951122 -14.24283551193302
v 75.71274410491486 2.563844321049085 -20.00597661670379
v 75.93853557680389 -0.3554057417073578 -4.301507585116935
v 75.21663700734295 4.315143210579421 -13.90343831993973
v 75.19214382635984 -4.003742545394166 -2.702345321300552
v 69.13941169293031 -10.60748552146543 -4.314942793131745
v 66.04248278062428 -37.50239201203469 -18.53178203018924
v 56.73396358942714 -43.73016284899206 -18.76008015461557
v 60.98355497581286 -42.46741399859599 -5.481250095774088
v 67.4553509776506 -31.19364239208939 -8.217630319918287
v 67.46519044727823 -31.41730901990755 -18.57666413883638
v 66.58947302924514 -36.34137406029545 -7.782929348136714
v 63.33527261490172 -40.87868840362054 -12.26100762479164
v 57.86129387923867 -43.55963779977666 -10.16105158705549
v 62.09026981259326 -41.82071177938916 -18.64053802856802
v 56.89939464565493 -43.7119910478367 -4.929605206097659
v 51.85808799436232 -43.22158391646464 -9.253845407857991
v 66.5486653206118 -36.44034324022127 -13.12548397120263
v 59.00444719442752 -43.27126715680854 -14.89133083137102
v 55.0863802312853 -43.78535710031736 -14.51477191774794
v 30.69923349971347 -67.19434283321472 -2.62949018013738
v 31.00796247002193 -67.22821489350963 -21.221099654776
v 40.9038233367807 -63.48242232907678 -7.602291596006668
v 43.5678232051276 -51.73031573837329 -11.96172248803828
v 40.9038233367807 -63.48242232907678 -17.15163250724554
v 35.96823077312347 -66.66056832631406 -6.060352714531781
v 31.71961875391668 -67.27559369949185 -7.5672266835042
v 36.39212589166402 -66.509190244827 -17.57685042818449
v 31.84862161595124 -67.27962826566414 -16.35756032229698
v 38.01230917703926 -65.75312475637631 -12.38970260306596
v 34.09104408614662 -67.1264107906986 -10.43157496625999
v 31.08714369383396 -67.23559770854104 -11.79316765078666
v 29.55743634860808 -66.99751065591346 -7.521487666053185
v 34.29591906924549 -67.09103124384345 -13.66267145132821
v 33.26637376966285 -67.23217229512477 -4.971467376723352
v 33.06321653200031 -67.24933256835361 -18.92096994428807
v 29.90397500557957 -67.06933428238561 -18.95869360064428
v 28.37235206942106 -66.66877609009912 -14.09752448130408
v 33.60344462767347 -67.19598065264249 -2.403211186908192
v 43.44463787602187 -59.28365016465233 -12.33074557440165
v 10.7205745432232 -69.66042695436415 -18.53178203019124
v 1.412055352026027 -75.88819779132608 -18.7600801546163
v 5.661646738409195 -74.62544894093027 -5.481250095774083
v 12.13344274024691 -63.35167733442367 -8.217630319918271
v 12.14328220987455 -63.57534396224185 -18.57666413883638
v 11.26756479184146 -68.4994090026297 -7.782929348136687
v 8.013364377498069 -73.03672334595481 -12.26100762479163
v 2.539385641835011 -75.71767274211093 -10.16105158705549
v 6.768361575189437 -73.97874672172352 -18.64053802857054
v 1.577486408251265 -75.87002599017099 -4.929605206097663
v -3.463820243041339 -75.37961885879892 -9.253845407858007
v 11.22675708320824 -68.59837818255525 -13.12548397120253
v 3.682538957032808 -75.42930209914007 -14.89133083137338
v -0.2355280061155324 -75.94339204265174 -14.51477191774656
v -21.27128110204806 -61.12950403057481 -18.57666413883561
v -29.78184161890656 -67.29549661191521 -5.346780837243013
v -21.34945374022158 -61.2740162846916 -5.573657118148362
v -31.41730901991156 -67.46519044727624 -18.57666413883561
v -20.18180926514707 -52.79485651597888 -11.97056776621634
v -25.49547403153825 -65.65665723240339 -5.346780837248363
v -28.3373425683768 -66.95073602310273 -10.69356167448542
v -33.5028065675789 -67.35496990964357 -10.58851128803155
v -25.44271364053703 -65.62351971570573 -16.47113884981746
v -21.67548793312533 -61.83084455188728 -12.5165071058605
v -19.8765993155286 -55.09677788620597 -18.57666413883562
v -19.87659931552861 -55.09677788620596 -5.346780837240932
v -20.05503380934169 -57.60959245503373 -10.10374570881097
v -20.112835101364 -57.91139084898958 -14.35971591730596
v -24.44624796324862 -64.92051095406207 -9.815591068669816
v -59.51437185994574 -43.36098337810175 -2.702345321300546
v -59.51437185994574 -43.36098337810175 -21.221099654776
v -48.4804787873088 -41.97015234686012 -16.15701364446704
v -52.47212456551579 -43.77532971798039 -16.14684417930737
v -43.3912153673454 -31.29700502345672 -12.11761501479676
v -56.47198070971304 -44.06434159844063 -21.22109965477607
v -56.47198070971519 -44.06434159844042 -2.70234532130023
v -56.99854369497623 -44.00167029737692 -5.950995761417406
v -54.0660225885216 -44.05364573446018 -5.846038615741845
v -55.95541222073491 -44.1029701696141 -9.84522297927877
v -51.47678180369203 -43.4848971552151 -9.85045579849424
v -58.58140536593797 -43.66709586622728 -14.97769391968775
v -60.10329593472869 -43.12257490389547 -9.601846364778936
v -56.33940754238765 -44.07640312112299 -18.03984943593323
v -45.03034987654051 -38.25447910149686 -8.605811894670479
v -49.03314086458325 -42.33321109861638 -4.852536869143235
v -55.34927580622477 -44.11972612280641 -13.58776357120093
v -53.61539574082092 -43.99740232323001 -19.54877189891744
v -63.5753439622458 -12.14328220987258 -5.346780837240943
v -63.5753439622458 -12.14328220987258 -18.57666413883561
v -52.20247369532319 1.849905067879083 -10.26220721404336
v -56.58311005401859 -9.581947619089348 -17.23237584616306
v -57.65350897388411 -10.33474899500697 -5.346780837239792
v -58.99379315677781 -11.05742667640061 -11.26374631178273
v -65.78287084960066 -12.01519702007085 -12.34978500922317
v -53.02432475382862 -4.969350408095992 -10.67970617006832
v -46.76484092010391 23.67064635658349 -11.86299666105139
v -43.56238407173188 32.39882275835727 -11.93562945395109
v -55.25065731091323 19.87226336540871 -11.93562945395109
v -20.20073061027813 55.64698975248907 -11.30362003700128
v -31.80547123485915 43.36538266711442 -13.39481951088313
v -23.71302394371248 46.85050964484604 -13.11727500125141
v 0.9039943404270324 64.17710447640331 -0.4019614886921719
v -0.2796242021830649 64.89362789862747 -0.5132303558116563
v 0.7145776440782247 64.59294005706944 -0.4599416339689782
v 0.9906079983848911 64.31044001320032 -0.9624866679692164
v 0.3082019022476724 64.94831516578803 -0.801924063262155
v 0.8851240333768089 63.77248605470687 -0.3444084495784107
v 0.9819051924888116 63.93660631231637 -0.6883433863883017
v -0.4509937028480027 64.94295433123364 -1.026189253490837
v 0.5607402354748213 64.99367961908111 -0.4180847762536129
v -0.5993049818271767 64.95950181961354 -0.7137387205778714
v 0.1686544368768413 65.11649742668951 -0.7418541646992104
v -1.078086398798252 64.3645656287155 -0.6668981644098837
v 0.9174367594381816 64.66555210853117 -0.741308204243307
v -0.5607435330640108 62.98505395539281 -0.4179286835737861
v 0.5993005073503892 63.01918079432968 -0.7135873220926465
v -0.1686588475884062 62.86218420746221 -0.741678239926129
v 1.078085895644238 63.61412569197476 -0.6668403063768983
v -0.9174391853154582 63.31313235634556 -0.7412059372623983
v -0.904459376318099 63.80259924198003 -0.4031735781855875
v 0.2796242021831513 63.08508886978277 -0.5130887148481005
v -0.7147237918320206 63.38590227943741 -0.4600194804422583
v -0.9906079983814 63.66820637843293 -0.9624363695829935
v -0.3082164206734379 63.03035574143802 -0.8017977306842498
v -0.8808340040725825 64.21463718976243 -0.3342126551311403
v -1.011528015923865 64.05297091499305 -0.8313311586030148
v 0.4509937028481663 63.03568209006355 -1.026039879950104
v 55.12700564767978 -32.87143430188881 -0.40196148869216
v 56.34103536944748 -32.199559919513 -0.515791727076193
v 55.58183817250849 -32.91531242128291 -0.4599416339689782
v 55.1991707807943 -33.01311169839352 -0.9624866679692087
v 56.0955618514999 -32.73933639168943 -0.8046815344750893
v 54.78603096917661 -32.65278292575786 -0.3444084495783948
v 54.8797727019861 -32.81865799696133 -0.6883433863882737
v 56.45709362443862 -32.11959617453737 -0.9946619787406868
v 56.00580751781364 -32.98245509838587 -0.418084776253579
v 56.55623128388038 -31.96073757093036 -0.7137387205793617
v 56.30821375853861 -32.70430774014122 -0.741854164699296
v 56.28039213741753 -31.24863260552405 -0.6668981644110514
v 55.54329249601515 -33.12729959430472 -0.7413082042434105
v 54.82702855063594 -31.00690883305504 -0.4179286835738478
v 54.27656123989876 -32.02859986103072 -0.7135873220933764
v 54.52457788483364 -31.28502925714633 -0.7416782399262266
v 54.55240594096434 -32.74071261907689 -0.6668403063774513
v 55.28950060641979 -30.86204053726226 -0.7412059372626051
v 55.70582930356141 -31.11793279226255 -0.4019320822969145
v 54.49347746013927 -31.78470609749495 -0.5130887148481084
v 55.25098891811535 -31.07405013453858 -0.4598470921362668
v 55.63358813630411 -30.97621149742609 -0.9624363695830233
v 54.73999078884506 -31.24826751492411 -0.8017738527737081
v 56.04681178486156 -31.33658867333495 -0.3444424216051968
v 55.95302339879906 -31.1706866668681 -0.6883516470804952
v 54.36500518345074 -31.90841304864511 -1.02603987995013
v 35.81280677543741 -42.89392398438921 -173.2448012353802
v 19.33526615977034 -52.62830133738879 -173.1891417435673
v -36.72204498103836 -55.41624231293233 -2.984504243180311
v -39.06338022950678 -55.41571291922695 -10.78975471163621
v -28.60095703683216 -55.41571014711931 -10.83063158473704
v -29.85642792880286 -55.41644571843548 0.01445856024615371
v -30.73354933464171 -57.24034210827769 0.01431102014786907
v -30.73354933464175 -53.59254932536018 0.01455843272840096
v -41.38754170565593 -53.59131338109806 -33.59322238289498
v -41.4249838698631 -57.02144404620449 -69.72382885063571
v -35.38759329430809 -55.41571012909426 -10.8308973422572
v -34.15083757633766 -55.48329688493924 0.0142883712057201
v -33.25296526526698 -57.24381312972159 0.01421228882362188
v -33.20292026817314 -53.5561163506899 0.0144643113050464
v -34.03661535984458 -54.2475812051046 0.01440263104339107
v -22.5992259368987 -53.59131343099922 -33.59248665225905
v -22.5589541181218 -57.02144409631205 -69.72309007680218
v -27.26711986715829 -55.4162423380443 -2.984133998281834
v -24.92517333531126 -55.41571295715544 -10.78920107369309
v -31.30567017451447 56.03099998810675 -0.4019614886921759
v -32.69298794570257 56.05615456570125 -0.515791727076197
v -31.67762763578652 56.29641581658671 -0.4599416339690002
v -31.29732831480683 56.18977877917917 -0.9624866679692126
v -32.21051340711542 56.40087794399738 -0.8046815344750914
v -31.11970312894899 55.67115500255331 -0.3444084495784046
v -31.11794831535501 55.86167789447477 -0.6883433863883215
v -32.83347921533162 56.04493305866619 -0.9946619787406846
v -32.01122452069519 56.56654775328857 -0.4180847762536128
v -32.99876424868302 55.95692630205423 -0.7137387205822406
v -32.41218968654815 56.47686819541571 -0.7418541646995966
v -33.1159330231915 55.20230573861944 -0.6668981644131805
v -31.53825251422633 56.46072925545342 -0.7413082042434221
v -31.97814512233784 54.2662850175717 -0.4179286835738318
v -30.99058093329889 54.87586174724854 -0.7135873220946578
v -31.57715495031596 54.35591903724494 -0.7416782399263222
v -30.87341307289779 55.63049183660848 -0.6668403063784422
v -32.45109181908344 54.37206142110409 -0.7412059372625155
v -32.68458441757255 54.80244208287345 -0.4031735781855835
v -31.30038277228784 54.77310166232237 -0.5130887148481045
v -32.31192010013443 54.53643971987473 -0.4600194804422523
v -32.69199488100686 54.64298013792267 -0.9624363695830017
v -31.78210112088572 54.43178107131889 -0.8017977306842379
v -32.87014321892523 55.17109009909898 -0.3342126551311324
v -32.90249441592628 54.96573599228787 -0.8313311586030208
v -31.12726904141844 54.81599888629889 -1.026039879950164
v -55.41624231293233 36.72204498103836 -2.984504243180311
v -55.41571291922694 39.06338022950678 -10.78975471163621
v -55.41571014711931 28.60095703683216 -10.83063158473704
v -55.41644571843548 29.85642792880286 0.01445856024615371
v -53.59254932536018 30.73354933464175 0.01455843272840096
v -57.24034210827769 30.73354933464171 0.01431102014786907
v -53.59131338109806 41.38754170565593 -33.59322238289498
v -57.02144404620449 41.4249838698631 -69.72382885063571
v -55.41571012909426 35.38759329430809 -10.8308973422572
v -55.48329688493924 34.15083757633766 0.0142883712057201
v -57.24381312972159 33.25296526526698 0.01421228882362188
v -53.5561163506899 33.20292026817314 0.0144643113050464
v -54.2475812051046 34.03661535984458 0.01440263104339107
v -53.59131343099922 22.5992259368987 -33.59248665225904
v -57.02144409631205 22.5589541181218 -69.72309007680217
v -55.4162423380443 27.26711986715829 -2.984133998281834
v -55.41571295715544 24.92517333531126 -10.78920107369309
v 64.17710447640331 -0.9039943404270322 -0.4019614886921719
v 64.89254786521559 0.2848808037462457 -0.515791727076181
v 64.59294005706944 -0.7145776440782245 -0.4599416339689802
v 64.31044001320032 -0.9906079983848909 -0.9624866679692164
v 64.94984979880489 -0.3053160924974657 -0.8046815344750854
v 63.77248605470689 -0.885124033376809 -0.3444084495784087
v 63.93660631231636 -0.9819051924888131 -0.6883433863883075
v 64.95307538986904 0.4121605657724601 -0.9946619787406711
v 64.99367961908111 -0.5607402354748163 -0.418084776253611
v 64.95950181961352 0.5993049818271786 -0.7137387205778734
v 65.11649742668952 -0.1686544368768373 -0.7418541646992105
v 64.3645656287155 1.078086398798253 -0.6668981644098837
v 64.66555210853117 -0.9174367594381855 -0.741308204243307
v 62.98505395539281 0.5607435330640108 -0.4179286835737861
v 63.01918079432968 -0.5993005073503892 -0.7135873220926465
v 62.86218420746221 0.1686588475884062 -0.741678239926129
v 63.61412569197476 -1.078085895644238 -0.6668403063768983
v 63.31313235634556 0.9174391853154582 -0.7412059372623983
v 63.80162971189505 0.9039943404244759 -0.4019320822969025
v 63.08508886978278 -0.2796242021831448 -0.5130887148481025
v 63.38578505456971 0.7145776440759668 -0.4598470921362608
v 63.66820637843297 0.9906079983814094 -0.9624363695829896
v 63.03035638352804 0.3082019022461968 -0.8017738527737079
v 64.20625714348265 0.8851240333790121 -0.3444424216052069
v 64.04208301533917 0.9819051924868454 -0.6883516470804776
v 63.03568209006355 -0.4509937028481663 -1.026039879950104
v 48.69734239238064 -11.33882021725575 -55.50352854561346
v 49.86449847860027 3.678558342295467 -125.292997839
v -51.4354066985646 1.008028151209949e-13 -120.4933788302992
v -51.4354066985646 1.008028151209949e-13 -56.56131444360827
v 51.4354066985646 -8.310912844302141e-14 -67.93156234233984
v 51.4354066985646 -4.884626476439815e-14 -131.8636267290308
v -48.69734239238064 11.33882021725573 -55.50352854561345
v -49.86449847860027 -3.67855834229545 -125.2929978389999
v 55.41624231293233 -36.72204498103836 -2.984504243180311
v 55.41571291922694 -39.06338022950678 -10.78975471163621
v 55.41571014711928 -28.60095703683216 -10.83063158473704
v 55.41644571843548 -29.8564279288028 0.01445856024615372
v 53.59254932536015 -30.73354933464175 0.01455843272840097
v 57.24034210827772 -30.7335493346417 0.01431102014786907
v 57.23461854749538 -41.38615572407635 -68.98721048145367
v 53.80448788218253 -41.42642754285325 -32.85660705691058
v 55.41571012909423 -35.38759329430809 -10.8308973422572
v 55.48329688493923 -34.15083757633762 0.0142883712057201
v 57.24381312972156 -33.25296526526698 0.01421228882362188
v 53.55611635068986 -33.20292026817316 0.01446431130504641
v 54.24758120510458 -34.03661535984454 0.01440263104339107
v 53.59131343099922 -22.5992259368987 -33.59248665225904
v 57.02144409631205 -22.5589541181218 -69.72309007680217
v 55.4162423380443 -27.26711986715829 -2.984133998281834
v 55.41571295715544 -24.92517333531126 -10.78920107369309
v 4.193438540472549 66.41021776034113 -3.366837427472678
v 6.130513208355868 67.52800443440384 -10.82243194061076
v -2.938699707115693 62.29189127457653 -10.83063158473704
v -1.833844459154506 62.85343602332187 0.01446630376598115
v -0.1760061060226674 61.77772038837996 0.01455871694507748
v -1.976514256721102 64.99638197901062 0.01430658184706128
v -2.352782957908651 63.98070830622768 0.01440399242694042
v 8.287324444482573 68.77197448024039 -26.98096663161567
v 8.287324444482625 68.76911204025195 -63.5299585422019
v 2.938699707115536 65.68520938770435 -10.8308973422572
v 1.833844459154966 65.12536337624017 0.0142883712057201
v 0.176006106022013 66.20107901246155 0.01421228882362188
v 1.976514256722201 62.98241742181914 0.01446431130504639
v 2.352782957912703 63.99809109740209 0.01440263104339107
v -9.047005826736919 60.86555365891825 -68.98647475081773
v -7.364366359559772 57.87625228253248 -32.85586828307701
v -4.193438540472391 61.56805204969763 -3.366458199263203
v -6.130513207993319 60.44909757624035 -10.82187753488364
v 32.8714343018888 55.12700564767976 -0.4019614886921559
v 32.19955991951304 56.34103536944747 -0.515791727076195
v 32.91531242128292 55.58183817250848 -0.4599416339689842
v 33.01311169839354 55.19917078079429 -0.9624866679692069
v 32.73933639168946 56.09556185149989 -0.8046815344750871
v 32.65278292575786 54.78603096917661 -0.3444084495784007
v 32.81865799696131 54.87977270198606 -0.6883433863882777
v 32.11959617453741 56.45709362443863 -0.994661978740683
v 32.98245509838586 56.00580751781361 -0.4180847762536148
v 31.96073757093038 56.55623128388036 -0.7137387205794111
v 32.70430774014123 56.30821375853859 -0.7418541646993296
v 31.24863260552407 56.28039213741754 -0.6668981644110474
v 33.12729959430472 55.54329249601513 -0.7413082042434004
v 31.00690883305502 54.82702855063595 -0.4179286835738517
v 32.02859986103071 54.27656123989876 -0.7135873220933925
v 31.28502925714632 54.52457788483364 -0.7416782399262266
v 32.7407126190769 54.55240594096435 -0.6668403063774752
v 30.86204053726225 55.28950060641979 -0.7412059372626111
v 31.11793279226258 55.70582930356143 -0.4019320822969225
v 31.78470609749496 54.49347746013928 -0.5130887148481145
v 31.0740501345386 55.25098891811538 -0.459847092136261
v 30.97621149742612 55.63358813630412 -0.9624363695830235
v 31.2482675149241 54.73999078884507 -0.8017738527737099
v 31.336588673335 56.04681178486159 -0.3444424216052149
v 31.17068666686813 55.95302339879908 -0.688351647080527
v 31.90841304864511 54.36500518345078 -1.026039879950134
v -0.9039943404270324 -64.17710447640331 -0.4019614886921719
v 0.2796242021830649 -64.89362789862747 -0.5132303558116563
v -0.7145776440782247 -64.59294005706944 -0.4599416339689782
v -0.9906079983848911 -64.31044001320032 -0.9624866679692164
v -0.3082019022476724 -64.94831516578803 -0.801924063262155
v -0.8851240333768089 -63.77248605470687 -0.3444084495784107
v -0.9819051924888116 -63.93660631231637 -0.6883433863883017
v 0.4509937028480027 -64.94295433123364 -1.026189253490837
v -0.5607402354748213 -64.99367961908111 -0.4180847762536129
v 0.5993049818271767 -64.95950181961354 -0.7137387205778714
v -0.1686544368768413 -65.11649742668951 -0.7418541646992104
v 1.078086398798252 -64.3645656287155 -0.6668981644098837
v -0.9174367594381816 -64.66555210853117 -0.741308204243307
v 0.5607435330640108 -62.98505395539281 -0.4179286835737861
v -0.5993005073503892 -63.01918079432968 -0.7135873220926465
v 0.1686588475884062 -62.86218420746221 -0.741678239926129
v -1.078085895644238 -63.61412569197476 -0.6668403063768983
v 0.9174391853154582 -63.31313235634556 -0.7412059372623983
v 0.9039943404244747 -63.80162971189505 -0.4019320822968986
v -0.2796242021831505 -63.08508886978277 -0.5130887148481025
v 0.7145776440759628 -63.38578505456968 -0.4598470921362548
v 0.9906079983814094 -63.66820637843297 -0.9624363695829896
v 0.3082019022461943 -63.03035638352804 -0.8017738527737079
v 0.885124033379012 -64.20625714348266 -0.344442421605207
v 0.9819051924868454 -64.04208301533917 -0.6883516470804776
v -0.4509937028481663 -63.03568209006355 -1.026039879950104
v -29.57348457491263 59.60965492154817 -3.366837427472651
v -28.45482204052971 61.54622391123985 -10.82243194061074
v -33.69093423774433 52.47701044000362 -10.83063158473704
v -33.06383581520509 53.5646479118202 0.01445856024615372
v -31.04573450201156 53.41230913494219 0.01455843272840097
v -34.20481571975976 55.23620552640095 0.01431102014786907
v -28.87355577600481 64.45877149577655 -68.98721048145369
v -25.88283957215543 62.77858258123753 -32.85660705691058
v -30.2976160933962 58.3544098362098 -10.8308973422572
v -30.92556388437906 57.26824351369262 0.01429109529829947
v -32.94366519839717 57.42058229199701 0.01421224949889231
v -29.78458398064698 55.596685900537 0.01445966207942437
v -35.11182588497017 46.36716048271806 -33.59248665225905
v -38.10254208881956 48.04734939725708 -69.72309007680217
v -34.39926843963106 51.25116695080795 -3.257222713268542
v -35.53232883807529 49.28762388939062 -10.81254140311492
v -56.03099998810675 -31.30567017451447 -0.4019614886921759
v -56.05615456570125 -32.69298794570257 -0.515791727076195
v -56.29641581658671 -31.67762763578652 -0.4599416339690002
v -56.18977877917917 -31.29732831480683 -0.9624866679692126
v -56.40087794399735 -32.21051340711541 -0.8046815344750931
v -55.67115500255331 -31.11970312894899 -0.3444084495784046
v -55.86167789447477 -31.11794831535501 -0.6883433863883215
v -56.04493305866619 -32.83347921533162 -0.9946619787406846
v -56.56654775328858 -32.0112245206952 -0.4180847762536068
v -55.95692630205423 -32.99876424868302 -0.7137387205822466
v -56.4768681954157 -32.41218968654815 -0.7418541646995965
v -55.20230573861944 -33.1159330231915 -0.6668981644131785
v -56.46072925545342 -31.53825251422631 -0.7413082042434223
v -54.26628501757172 -31.97814512233785 -0.4179286835738339
v -54.87586174724854 -30.99058093329889 -0.7135873220946597
v -54.35591903724494 -31.57715495031593 -0.7416782399263261
v -55.63049183660848 -30.87341307289779 -0.6668403063784439
v -54.37206142110408 -32.45109181908344 -0.7412059372625155
v -54.80244208287345 -32.68458441757255 -0.4031735781855835
v -54.77310166232237 -31.30038277228784 -0.5130887148481045
v -54.53643971987473 -32.31192010013443 -0.4600194804422523
v -54.64298013792267 -32.69199488100686 -0.9624363695830017
v -54.43178107131889 -31.78210112088572 -0.8017977306842379
v -55.17109009909898 -32.87014321892523 -0.3342126551311324
v -54.96573599228787 -32.90249441592628 -0.8313311586030208
v -54.81599888629889 -31.12726904141844 -1.026039879950164
v 99.99326206732077 56.46112679494069 -86.6042636448833
v -99.91549440656729 56.59863315760796 -87.32016337262792
v 76.47649840304146 -36.93439299694498 -83.50139359889924
v -76.52233317685646 -36.83933657401221 -83.0850842749777
v 112.3083023178354 -63.8437435602462 -86.58100385267619
v -112.3083023178353 -63.84374356024644 -86.58100385267619
v -92.50445697863003 -38.31660066050713 -20.81386656158562
v -38.31660066050712 92.50445697863002 -20.81386656158557
v -92.50445697863023 38.31660066050706 -20.81386656158575
v -38.31660066050698 -92.50445697862999 -20.81386656158556
v 63.66550850085714 44.63128424707052 -53.90987511178671
v -63.09607269823817 45.43274277736445 -51.05717254848116
v 25.98971814874084 73.27880359807008 -57.68907060358694
v -30.88977012399447 71.35173864666717 -48.29240287084299
v -99.99326206732073 -56.46112679494075 -86.60426364488319
v 99.9932620673208 -56.46112679494062 -86.60426364488319
v 76.52233317685648 36.83933657401219 -83.08508427497767
v -76.52233317685648 36.83933657401219 -83.08508427497769
v -112.1635132455463 64.09777420251784 -87.55847836275359
v 112.3083023178353 63.84374356024648 -86.58100385267619
v 92.50445697863013 -38.31660066050707 -20.81386656158568
v 38.31660066050699 92.5044569786301 -20.81386656158561
v 38.31660066050709 -92.50445697862997 -20.81386656158557
v 92.5044569786299 38.3166006605071 -20.81386656158549
v -63.66550850085724 -44.63128424707038 -53.90987511178669
v 63.09607269823775 -45.43274277736504 -51.05717254848126
v -25.98971814874179 -73.27880359806974 -57.68907060358677
v 30.88977012399476 -71.35173864666704 -48.29240287084388
v 66.41021776034113 -4.193438540472549 -3.366837427472678
v 67.52800443440384 -6.130513208355868 -10.82243194061076
v 62.29189127457653 2.938699707115693 -10.83063158473704
v 62.85343602332187 1.833844459154505 0.01446630376598115
v 61.77772038837996 0.1760061060226674 0.01455871694507748
v 64.99638197901062 1.976514256721102 0.01430658184706128
v 63.98070830622768 2.352782957908651 0.01440399242694042
v 68.77197448024039 -8.287324444482573 -26.98096663161567
v 68.76911204025195 -8.287324444482625 -63.52995854220189
v 65.68520938770435 -2.938699707115536 -10.8308973422572
v 65.05853565516065 -1.851797806615483 0.01429109529829947
v 66.19951556416284 -0.1802401904172742 0.01421224949889231
v 63.04043434641258 -2.004136581877163 0.01445966207942437
v 60.86555365891825 9.047005826736919 -68.98647475081773
v 57.87625228253248 7.364366359559773 -32.85586828307701
v 61.56805204969763 4.193438540472392 -3.36645819926321
v 60.44909757624035 6.13051320799332 -10.82187753488364
v 31.30567017451447 -56.03099998810675 -0.4019614886921759
v 32.68897561191721 -56.05971820285445 -0.5132303558116644
v 31.67762763578651 -56.2964158165867 -0.4599416339689982
v 31.29732831480683 -56.18977877917917 -0.9624866679692126
v 32.20724690605283 -56.4009918176944 -0.8019240632621609
v 31.11970312894899 -55.67115500255331 -0.3444084495784046
v 31.11794831535501 -55.86167789447477 -0.6883433863883215
v 32.86204916922998 -56.01675139623698 -1.026189253490857
v 32.01122452069519 -56.56654775328857 -0.4180847762536128
v 32.99876424868302 -55.95692630205423 -0.7137387205822406
v 32.41218968654815 -56.47686819541571 -0.7418541646995966
v 33.1159330231915 -55.20230573861944 -0.6668981644131805
v 31.53825251422633 -56.46072925545342 -0.7413082042434221
v 31.97814512233784 -54.2662850175717 -0.4179286835738318
v 30.99058093329889 -54.87586174724854 -0.7135873220946578
v 31.57715495031596 -54.35591903724494 -0.7416782399263222
v 30.87341307289779 -55.63049183660848 -0.6668403063784422
v 32.45109181908344 -54.37206142110409 -0.7412059372625155
v 32.68458441757255 -54.80244208287345 -0.4031735781855835
v 31.30038277228784 -54.77310166232237 -0.5130887148481045
v 32.31192010013443 -54.53643971987473 -0.4600194804422523
v 32.69199488100686 -54.64298013792267 -0.9624363695830017
v 31.78210112088572 -54.43178107131889 -0.8017977306842379
v 32.87014321892523 -55.17109009909898 -0.3342126551311324
v 32.90249441592628 -54.96573599228787 -0.8313311586030208
v 31.12726904141844 -54.81599888629889 -1.026039879950164
v 36.72204498103836 55.41624231293233 -2.984504243180311
v 39.06338022950678 55.41571291922694 -10.78975471163621
v 28.60095703683216 55.41571014711927 -10.83063158473704
v 29.8564279288028 55.41644571843548 0.01445856024615372
v 30.7335493346417 57.24034210827772 0.01431102014786907
v 30.73354933464175 53.59254932536014 0.01455843272840097
v 41.38615572407635 57.23461854749538 -68.98721048145367
v 41.42642754285325 53.80448788218253 -32.85660705691058
v 35.38759329430809 55.41571012909423 -10.8308973422572
v 34.13297177078164 55.4164457070771 0.01429109529829947
v 33.25585036576569 57.24034210157975 0.01421224949889231
v 33.2558503657656 53.59254931865979 0.01445966207942437
v 22.5992259368987 53.59131343099922 -33.59248665225905
v 22.5589541181218 57.02144409631205 -69.72309007680218
v 27.26711986715829 55.4162423380443 -2.984133998281834
v 24.92517333531126 55.41571295715544 -10.78920107369309
v -64.17710447640331 0.9039943404270322 -0.4019614886921719
v -64.8936278986275 -0.2796242021830619 -0.5132303558116527
v -64.59294005706944 0.7145776440782245 -0.4599416339689802
v -64.31044001320032 0.9906079983848909 -0.9624866679692164
v -64.94831516578803 0.3082019022476736 -0.8019240632621571
v -63.77248605470689 0.885124033376809 -0.3444084495784087
v -63.93660631231636 0.9819051924888131 -0.6883433863883075
v -64.94295433123364 -0.4509937028480027 -1.026189253490837
v -64.99367961908111 0.5607402354748163 -0.418084776253611
v -64.95950181961352 -0.5993049818271786 -0.7137387205778734
v -65.11649742668952 0.1686544368768373 -0.7418541646992105
v -64.3645656287155 -1.078086398798253 -0.6668981644098837
v -64.66555210853117 0.9174367594381855 -0.741308204243307
v -62.98505395539281 -0.5607435330640108 -0.4179286835737861
v -63.01918079432968 0.5993005073503892 -0.7135873220926465
v -62.86218420746221 -0.1686588475884062 -0.741678239926129
v -63.61412569197476 1.078085895644238 -0.6668403063768983
v -63.31313235634556 -0.9174391853154582 -0.7412059372623983
v -63.80162971189503 -0.9039943404244698 -0.4019320822968966
v -63.08508886978277 0.2796242021831513 -0.5130887148481046
v -63.38578505456969 -0.7145776440759548 -0.4598470921362729
v -63.66820637843293 -0.9906079983814 -0.9624363695829935
v -63.03035638352804 -0.3082019022461869 -0.8017738527737081
v -64.20625714348265 -0.8851240333790129 -0.3444424216052069
v -64.04208301533917 -0.9819051924868447 -0.6883516470804735
v -63.03568209006355 0.4509937028481663 -1.026039879950104
v -42.89392398438921 -35.81280677543741 -173.2448012353802
v -52.6283013373888 -19.33526615977034 -173.1891417435673
v -9.567838456157398 55.05363122619918 -173.2448012353502
v 9.569318985400695 55.2450789960685 -173.1891417441632
v 42.89392398438842 35.81280677543717 -173.2448012354029
v 52.62830133739483 19.33526615977429 -173.1891417433276
v -59.60965492154817 -29.57348457491263 -3.366837427472651
v -61.54622391123985 -28.45482204052971 -10.82243194061074
v -52.47701044000362 -33.69093423774433 -10.83063158473704
v -53.51575008175949 -33.01487389987808 0.01446630376598115
v -53.41307219121761 -31.04128595322682 0.01455871694507748
v -55.30026081953976 -34.20990254676791 0.01430658184706128
v -54.23252726636091 -34.02792396425382 0.01440399242694042
v -64.46117208629083 -28.87494175758454 -33.59346965392239
v -62.776082066269 -25.88139589916517 -69.72361049007299
v -58.3544098362098 -30.2976160933962 -10.8308973422572
v -57.31714134409423 -30.97452579990259 0.0142883712057201
v -57.41981923574357 -32.94811374719458 0.01421228882362188
v -55.53263060741213 -29.77949715364605 0.01446431130504639
v -56.60036416301735 -29.96147573755757 0.01440263104339107
v -46.36716048271806 -35.11182588497017 -33.59248665225905
v -48.04734939725708 -38.10254208881956 -69.72309007680217
v -51.32213966201657 -34.35831371344204 -2.98413399828183
v -49.2936897806877 -35.52882852206744 -10.78920107369309
v -4.193438540472549 -66.41021776034113 -3.366837427472678
v -6.130513208355868 -67.52800443440384 -10.82243194061076
v 2.938699707115693 -62.29189127457653 -10.83063158473704
v 1.833844459154506 -62.85343602332187 0.01446630376598115
v 0.1760061060226674 -61.77772038837996 0.01455871694507748
v 1.976514256721102 -64.99638197901062 0.01430658184706128
v 2.352782957908651 -63.98070830622768 0.01440399242694042
v -8.287324444482573 -68.77197448024039 -26.98096663161567
v -8.287324444482625 -68.76911204025195 -63.5299585422019
v -2.938699707115536 -65.68520938770435 -10.8308973422572
v -1.833844459154967 -65.12536337624017 0.0142883712057201
v -0.1760061060220146 -66.20107901246155 0.01421228882362188
v -1.976514256722201 -62.98241742181914 0.01446431130504639
v -2.352782957912704 -63.99809109740209 0.01440263104339107
v 9.047005826736919 -60.86555365891825 -68.98647475081773
v 7.364366359559773 -57.87625228253248 -32.85586828307701
v 4.193438540472391 -61.56805204969763 -3.366458199263203
v 6.130513207993319 -60.44909757624035 -10.82187753488364
v 56.03099998810675 31.30567017451447 -0.4019614886921759
v 56.05615456570123 32.69298794570256 -0.5157917270761889
v 56.2964158165867 31.67762763578651 -0.4599416339689982
v 56.18977877917917 31.29732831480683 -0.9624866679692126
v 56.40087794399737 32.21051340711541 -0.8046815344750933
v 55.67115500255331 31.11970312894899 -0.3444084495784046
v 55.86167789447477 31.11794831535501 -0.6883433863883215
v 56.04493305866619 32.83347921533162 -0.9946619787406809
v 56.56654775328858 32.0112245206952 -0.4180847762536068
v 55.95692630205423 32.99876424868302 -0.7137387205822466
v 56.4768681954157 32.41218968654815 -0.7418541646995965
v 55.20230573861944 33.1159330231915 -0.6668981644131785
v 56.46072925545342 31.53825251422631 -0.7413082042434223
v 54.26628501757172 31.97814512233785 -0.4179286835738339
v 54.87586174724854 30.99058093329889 -0.7135873220946597
v 54.35591903724494 31.57715495031593 -0.7416782399263261
v 55.63049183660848 30.87341307289779 -0.6668403063784439
v 54.37206142110408 32.45109181908344 -0.7412059372625155
v 54.8018349631369 32.6836969196325 -0.4019320822968945
v 54.77310166232237 31.30038277228784 -0.5130887148481045
v 54.53641127403935 32.3117349200311 -0.4598470921362608
v 54.64298013792267 32.69199488100686 -0.9624363695830017
v 54.4317888865988 31.78208886860393 -0.8017738527737039
v 55.16168775148255 32.86966847014769 -0.344442421605189
v 54.97111820631218 32.87139634847102 -0.6883516470804912
v 54.81599888629889 31.12726904141844 -1.026039879950164
v 19.33527286370989 52.62831161516634 -173.1887414224778
v 35.90981283631805 43.05898235199297 -173.1891417434238
v 29.57348457491263 -59.60965492154817 -3.366837427472651
v 28.45482204052971 -61.54622391123985 -10.82243194061074
v 33.69093423774433 -52.47701044000362 -10.83063158473704
v 33.01487389987808 -53.51575008175949 0.01446630376598115
v 31.04128595322681 -53.41307219121761 0.01455871694507748
v 34.20990254676791 -55.30026081953976 0.01430658184706128
v 34.02792396425382 -54.23252726636091 0.01440399242694042
v 28.87355577600481 -64.45877149577655 -68.98721048145369
v 25.88283957215543 -62.77858258123753 -32.85660705691058
v 30.2976160933962 -58.3544098362098 -10.8308973422572
v 30.97452579990259 -57.31714134409423 0.0142883712057201
v 32.94811374719458 -57.41981923574357 0.01421228882362188
v 29.77949715364605 -55.53263060741213 0.01446431130504639
v 29.96147573755757 -56.60036416301735 0.01440263104339107
v 35.11182588497017 -46.36716048271806 -33.59248665225905
v 38.10254208881956 -48.04734939725708 -69.72309007680217
v 34.39926843963106 -51.25116695080795 -3.257222713268542
v 35.53232883807529 -49.28762388939062 -10.81254140311492
v -35.81280677543741 42.89392398438921 -173.2448012353802
v -19.33526615977034 52.62830133738879 -173.1891417435673
v -66.41021776034113 4.193438540472549 -3.366837427472678
v -67.52800443440384 6.130513208355868 -10.82243194061076
v -62.29189127457653 -2.938699707115693 -10.83063158473704
v -62.9202637440079 -1.851797806615285 0.01445856024615372
v -61.77928383665331 -0.180240190417943 0.01455843272840096
v -64.93836505440146 -2.004136581876803 0.01431102014786907
v -68.77197448024039 8.287324444482573 -26.98096663161567
v -68.76911204025195 8.287324444482625 -63.52995854220189
v -65.68520938770435 2.938699707115536 -10.8308973422572
v -65.05853565516065 1.851797806615483 0.01429109529829947
v -66.19951556416284 0.1802401904172742 0.01421224949889231
v -63.04043434641258 2.004136581877163 0.01445966207942437
v -60.86555365891825 -9.047005826736919 -68.98647475081773
v -57.87625228253248 -7.364366359559771 -32.85586828307701
v -61.56805204969763 -4.193438540472392 -3.36645819926321
v -60.44909757624035 -6.13051320799332 -10.82187753488364
v 55.05363122619885 9.567838456157562 -173.24480123537
v 55.24507899606834 -9.569318985400715 -173.1891417441691
v 59.60965492154817 29.57348457491263 -3.366837427472651
v 61.54622391123985 28.45482204052971 -10.82243194061074
v 52.47701044000362 33.69093423774433 -10.83063158473704
v 53.5646479118202 33.06383581520509 0.01445856024615372
v 53.41230913494219 31.04573450201157 0.01455843272840097
v 55.23620552640095 34.20481571975976 0.01431102014786907
v 64.46117208629083 28.87494175758454 -33.59346965392239
v 62.776082066269 25.88139589916517 -69.72361049007299
v 58.3544098362098 30.2976160933962 -10.8308973422572
v 57.26824351369262 30.92556388437906 0.01429109529829947
v 57.42058229199701 32.94366519839717 0.01421224949889231
v 55.596685900537 29.78458398064698 0.01445966207942437
v 46.36716048271806 35.11182588497017 -33.59248665225905
v 48.04734939725708 38.10254208881956 -69.72309007680217
v 51.32213966201657 34.35831371344204 -2.98413399828183
v 49.2936897806877 35.52882852206744 -10.78920107369309
v -55.24509124887098 -9.569318318506616 -173.1887414225379
v -55.24507899607426 9.569318985400386 -173.1891417439755
v 52.62831161516634 -19.33527286370989 -173.1887414224778
v 43.05898235199297 -35.90981283631805 -173.1891417434238
v -32.8714343018888 -55.12700564767974 -0.401961488692152
v -32.20465228671027 -56.33934240503749 -0.5132303558116567
v -32.91531242128292 -55.58183817250845 -0.4599416339689782
v -33.01311169839353 -55.19917078079428 -0.9624866679692026
v -32.74106825973521 -56.09278991544671 -0.801924063262155
v -32.65278292575785 -54.78603096917661 -0.3444084495784007
v -32.81865799696131 -54.87977270198606 -0.6883433863882756
v -32.08090516200365 -56.46774509908493 -1.026189253490835
v -32.98245509838592 -56.00580751781359 -0.4180847762536646
v -31.96073757093042 -56.55623128388038 -0.7137387205794351
v -32.70430774014128 -56.30821375853859 -0.7418541646993577
v -31.24863260552408 -56.28039213741756 -0.6668981644110634
v -33.12729959430475 -55.54329249601516 -0.7413082042433964
v -31.00690883305511 -54.82702855063582 -0.417928683573806
v -32.02859986103091 -54.27656123989878 -0.7135873220933828
v -31.28502925714645 -54.52457788483354 -0.7416782399262065
v -32.74071261907694 -54.55240594096434 -0.6668403063774532
v -30.86204053726228 -55.28950060641968 -0.7412059372624877
v -31.11801482440754 -55.70690145919161 -0.4031735781856074
v -31.78470609749496 -54.49347746013927 -0.5130887148481105
v -31.07398217930301 -55.25116351170683 -0.4600194804422404
v -30.97621149742613 -55.63358813630414 -0.9624363695830214
v -31.24825462055226 -54.73999749199239 -0.8017977306842576
v -31.34449397083726 -56.05192410317157 -0.3342126551311662
v -31.15047649906685 -55.97726400821175 -0.8313311586030386
v -31.90841304864511 -54.36500518345076 -1.026039879950136
v 9.567838456157695 -55.05363122619825 -173.2448012353856
v -9.569318985400507 -55.245078996072 -173.1891417440464
v -12.92216392292267 21.40134761058555 -48.52422163318877
v -24.79071821540867 3.228047453834108 -33.81124829947986
v 8.681138400976238 23.44435616652963 -33.80128796938629
v -12.92216392292277 21.40134761058549 -26.74274352456202
v -21.67824354861789 12.45205832972232 -52.38662449704707
v 0.3873202183639073 24.99699948090664 -51.71984798568617
v 10.33773113833815 -17.12107808846843 -27.11199354334692
v 10.33773113833815 -17.12107808846843 -55.8553086716289
v -12.91681786959217 15.26944059629509 -24.46183921607177
v -9.037158565071955 17.84179825773587 -54.12146123484665
v 12.92216392292278 -21.40134761058549 -31.47577836681049
v -8.687250262465339 -23.44209211818126 -46.18875170051876
v 24.78987579162519 -3.234510509458172 -46.19871203061295
v 12.92216392292266 -21.40134761058555 -53.25725647543725
v 0.9250255218786503 -24.98288069426489 -27.61337550295913
v 22.30184060986409 -11.2972521177593 -28.28015201431313
v 10.15060950701807 -15.85332868433273 -73.78949549666055
v 10.01393428351521 -15.81733060458417 -76.25694422920726
v 10.84480441324532 -15.96598345321571 -74.54958951671034
v 10.84480441324534 -15.96598345321573 -75.45041048328943
v 10.26355979260524 -16.63450567969987 -73.72149768878528
v 10.19110709368985 -16.62414624127232 -76.32044888514507
v 10.52091805950381 -15.56643958008278 -75.64738379872179
v 10.52839495658904 -15.59161836871122 -74.33076983963809
v 10.88843788082001 -16.54835306719059 -75.5598469433633
v 10.95057551435288 -16.3074350981071 -74.64756888871599
v 10.7432402767088 -16.3773349512274 -74.16429560036815
v 10.56469532379536 -16.29035012173354 -76.04378368135498
v 10.57119061644725 -15.89206863814165 -74.11329761595964
v -8.65408062166768 -16.71735003913985 -73.78949549666055
v -8.691242981869404 -16.58098678364415 -76.25694422920728
v -8.40454506026418 -17.37486784755189 -74.54958951671036
v -8.404545060264184 -17.37486784755189 -75.45041048328945
v -9.274124601714039 -17.2057563535066 -73.72149768878528
v -9.301379414324533 -17.13783075645934 -76.32044888514507
v -8.220473093075379 -16.89460210070613 -75.64738379872179
v -8.238540115121525 -16.91366667783768 -74.33076983963811
v -8.887075206571222 -17.7038403459142 -75.5598469433633
v -8.647365308350329 -17.63719413054298 -74.64756888871602
v -8.811567975695349 -17.49258647420367 -74.16429560036816
v -8.825509380066524 -17.29446959451619 -76.04378368135498
v -8.477339851093056 -17.10095394116182 -74.11329761595964
v -18.80469012868573 -0.8640213548069036 -73.78949549666055
v -18.70517726538457 -0.7636561790597863 -76.25694422920726
v -19.24934947350948 -1.408884394335964 -74.54958951671034
v -19.2493494735095 -1.408884394335962 -75.45041048328945
v -19.53768439431925 -0.5712506738065209 -73.72149768878528
v -19.49248650801435 -0.5136845151868236 -76.32044888514507
v -18.74139115257917 -1.328162520623178 -75.64738379872179
v -18.76693507171055 -1.322048309126242 -74.33076983963809
v -19.77551308739121 -1.155487278723399 -75.5598469433633
v -19.59794082270318 -1.329759032435661 -74.64756888871599
v -19.55480825240412 -1.115251522976051 -74.16429560036813
v -19.39020470386186 -1.004119472782449 -76.04378368135498
v -19.04853046754028 -1.208885303019948 -74.11329761595962
v -10.15060950701799 15.85332868433282 -73.78949549666055
v -10.01393428351508 15.81733060458424 -76.25694422920728
v -10.84480441324523 15.9659834532158 -74.54958951671037
v -10.84480441324521 15.96598345321579 -75.45041048328946
v -10.26355979260513 16.63450567969995 -73.72149768878528
v -10.19110709368973 16.62414624127239 -76.32044888514507
v -10.52091805950368 15.56643958008283 -75.6473837987218
v -10.52839495658896 15.59161836871132 -74.33076983963811
v -10.88843788081989 16.54835306719067 -75.55984694336331
v -10.95057551435278 16.30743509810719 -74.64756888871604
v -10.74324027670871 16.37733495122748 -74.16429560036818
v -10.56469532379524 16.2903501217336 -76.04378368135499
v -10.57119061644717 15.89206863814175 -74.11329761595965
v 8.654080621667797 16.71735003913976 -73.78949549666054
v 8.691242981869514 16.5809867836441 -76.25694422920726
v 8.404545060264288 17.3748678475518 -74.54958951671034
v 8.404545060264313 17.37486784755185 -75.45041048328943
v 9.274124601714162 17.20575635350653 -73.72149768878528
v 9.301379414324646 17.13783075645928 -76.32044888514507
v 8.220473093075507 16.8946021007061 -75.64738379872179
v 8.238540115121635 16.91366667783759 -74.33076983963809
v 8.887075206571343 17.70384034591414 -75.55984694336328
v 8.647365308350436 17.63719413054289 -74.64756888871599
v 8.811567975695477 17.4925864742036 -74.16429560036815
v 8.825509380066654 17.29446959451614 -76.04378368135498
v 8.47733985109317 17.10095394116173 -74.11329761595962
v 18.80469012868573 0.8640213548069036 -73.78949549666055
v 18.70517726538457 0.7636561790597863 -76.25694422920726
v 19.24934947350948 1.408884394335964 -74.54958951671034
v 19.2493494735095 1.408884394335962 -75.45041048328945
v 19.53768439431925 0.5712506738065209 -73.72149768878528
v 19.49248650801435 0.5136845151868236 -76.32044888514507
v 18.74139115257917 1.328162520623178 -75.64738379872179
v 18.76693507171055 1.322048309126242 -74.33076983963809
v 19.77551308739121 1.155487278723399 -75.5598469433633
v 19.59794082270318 1.329759032435661 -74.64756888871599
v 19.55480825240412 1.115251522976051 -74.16429560036813
v 19.39020470386186 1.004119472782449 -76.04378368135498
v 19.04853046754028 1.208885303019948 -74.11329761595962
v -1.924481435047687 -10.11507834482258 -7.46323469074953
v -1.940899863085827 -13.86801128515687 -7.537538191723471
v -2.693793167761536 -11.99393293141035 -7.487403875117607
v -13.92448143504769 1.884921655177423 -7.536765309250299
v -13.94089986308583 -1.868011285156866 -7.462461808276316
v -14.69379316776153 0.006067068589651603 -7.512596124882208
v -1.924481435047732 1.884921655177379 -7.536765309250299
v -1.940899863085876 -1.868011285156911 -7.462461808276316
v -2.693793167761581 0.0060670685896065 -7.512596124882194
v 9.306199999999448 7.482434817845216e-13 -7.482003964874991
v 10.06215444230894 1.871179583723186 -7.495183721402611
v 10.06215444230885 -1.871179583721803 -7.495183721402626
v 10.10194230010553 10.08847301670259 -8.122726118309416
v -1.940899863085628 13.86801128515708 -7.5375381917233
v -1.923795746906984 10.11437852043879 -7.389816242655371
v -2.69377965741089 11.98953112617002 -7.467251027326654
v 10.10194230010581 -10.08847301670304 -8.122726118309529
v 19.99823410259078 -0.2657682787224545 -25.8173907067407
v 15.83959273437546 12.21095008625947 -75.44421203908098
v 15.98880533694349 -12.01491173073392 -75.43558472012484
v 13.44644453331195 -14.80517238712758 -44.9999999999999
v 13.44644681233836 14.80517031725592 -44.9999999999999
v 17.17936038693711 10.2405847828987 -25.94453227443508
v 14.74068244219966 -13.51711068010567 -25.98504809274603
v 19.30353622771951 -5.231967995422033 -35.42298281889698
v 19.43722524696193 -4.711079992832401 -46.27087314540937
v 17.74967010808047 -9.216789628407211 -55.97243286230039
v 19.98809958186227 0.6898370137629464 -56.67352381085058
v 19.33629780405533 -5.109558418580322 -63.73492352597864
v 19.64790018739371 3.736310777520293 -37.744672549375
v 19.28551545147609 5.298008472140911 -48.56772181932712
v 17.28335176562178 10.06408226048349 -57.92340401766543
v 19.51451910910072 4.379902275227484 -64.37465141165518
v 19.4772227820797 -4.542883742430098 -57.60351667386898
v 15.62325308540801 -12.48655128645573 -64.14372259628205
v 19.99746705399315 -0.3182945561245001 -62.1914457019316
v 19.99468880055627 0.460890191813324 -67.3663611511207
v 19.29064444190843 5.279302701670681 -68.42280559188256
v 19.50805283365985 -4.408613686765497 -68.76582890182226
v 19.82826274429607 -2.615338705246514 -65.9675186133254
v 19.9553334868618 -1.335913705346242 -69.99449166994111
v 19.54706801932536 -4.232272657552637 -72.10325387621135
v 19.98562228665829 -0.7582228003873542 -73.23382595136276
v 19.99544236432154 0.4269480707245893 -73.01721518062433
v 19.95269962311991 1.374691874403373 -73.14861062501186
v 19.9733148102622 1.032809513008381 -71.86059151798084
v 19.93406120798586 -1.622714933767869 -73.64794808783027
v 19.83791352549361 2.541099556301902 -72.12084824303817
v 19.81101926289515 2.742902799079362 -73.83611806360091
v 19.50824865377875 4.407747096004898 -72.57522593397664
v 19.4461621370811 4.674053715818137 -74.49758952737538
v 18.96324671698987 6.355727649181727 -73.10954850887433
v 18.80751707782132 6.802742194693227 -75.22464720494827
v 18.01306760298066 8.690764956575965 -73.91337976278432
v 18.25717082749978 8.165519785995931 -71.73757418616482
v 17.0013907901529 10.53340928666992 -72.41091845378531
v 17.53014178571739 9.627779025956348 -69.8348597297049
v 16.09636456212375 11.87042745157927 -70.37904751514215
v 16.55515403735268 11.22171443227483 -67.4595142110209
v 14.57311291682085 13.69760489697338 -68.17057541071171
v 14.45426831372512 13.82295654029347 -71.17437853719463
v 15.24130640693524 12.9500030505755 -64.75554466919706
v 12.42541560665636 15.67191905931947 -65.46342810003873
v 19.28132335334175 5.31324474722163 -77.25556449667302
v 15.71616478843858 12.36940436490954 -72.77027114331807
v 14.0268912060514 14.25644847406247 -73.59860582027005
v 12.7949248893183 15.37172394615201 -72.32179965127048
v 11.4061847204339 16.42860158757708 -74.30664423137802
v 11.64990886213662 16.25667935046732 -75.25870888392855
v 11.1329698238203 16.61496262114082 -73.42219039856245
v 13.30080043308731 14.93615438589145 -70.11381984735776
v 12.26555967678266 15.79734299859578 -74.31315844661449
v 12.67372514207954 15.4718030954062 -75.39253453232851
v 11.32673701592665 16.48347744173046 -71.29871848088554
v 19.81903774809982 2.684351456012128 -75.74456581841402
v 19.89381808125917 2.058155035405719 -70.41286931695049
v 18.18553039556609 8.323850324936299 -66.75939340828562
v 17.00061799501874 10.53465651017845 -74.59779890224662
v 17.87430446960429 8.972694117592777 -76.52767197529876
v 18.33226549309111 -7.995501353312432 -67.06518824606952
v 18.41227155408127 -7.809497821164284 -70.76286153792154
v 16.84207662921483 -10.78630867422473 -69.21818159375249
v 14.0947634249783 -14.18934966775764 -67.35219598200612
v 12.63724522348987 -15.50161388892725 -65.60050788315759
v 14.56524299777028 -13.70597301966934 -71.39600435234513
v 17.271827769934 -10.08384676032598 -72.51629286404666
v 18.34863312429749 -7.95786796007152 -73.68628468248423
v 17.35838558933405 -9.934105381563056 -75.24472764107465
v 18.10934262953755 -8.488327840394348 -76.70215509188367
v 19.28001941981242 -5.317974348533088 -74.75485156184081
v 19.35246462993861 -5.04798105651902 -77.8134823468435
v 19.93981178096955 -1.550453527039085 -72.45611859115731
v 19.77592294144545 -2.985443319510744 -76.16985812380322
v 19.93067824039614 1.663750245018669 -74.30663505385752
v 19.69136099247871 -3.500043180289067 -74.32478393096403
v 19.83103131091178 -2.594262350965447 -72.92980289208506
v 19.14249399255892 5.793524293972178 -70.92074296381303
v 19.8860280020406 -2.132109355088799 -74.6269053955366
v 15.15270780010382 13.05356067610186 -74.3878972657391
v 14.88849958668109 13.35412221216344 -76.36053763913297
v 16.32841289172636 11.54915288829897 -77.5090866664614
v 19.06016777305586 -6.058878152179879 -72.70315398365433
v 19.99917626982377 -0.1815172953685576 -71.69221561291948
v 18.04118160314713 8.632251523343466 -63.46798361900803
v 12.97948329548605 15.21620890308091 -73.65447908604612
v 13.40889315235086 14.83919082796762 -77.70523088555147
v 11.70232447819158 16.21898892678326 -76.89987673537441
v 13.87579081412794 14.40355613321108 -75.20724544381436
v 19.5895283113413 4.031176073946369 -70.82073505273664
v 18.52391549139129 7.540859027179466 -69.5034528880317
v 16.56668738489241 -11.20468067779028 -77.4553803129068
v 19.1756010047278 -5.682985668421323 -70.58359501531869
v 19.27867875008584 5.322832483836851 -58.90409608333612
v 11.59594820648306 16.29521356695157 -72.47390224465298
v 17.90071582490872 -8.919886375726003 -62.28579323040447
v 19.8409276490127 -2.517457055570802 -71.40940768976719
v 16.59084106816747 -11.16888502272306 -74.14516889637849
v 15.44639744300473 -12.70467654183832 -73.61211228350707
v 14.56766965887693 -13.70339376613825 -75.14974198525874
v 14.07138960382469 -14.21252949398433 -73.27839854803189
v 13.27083550245371 -14.96278466953308 -71.47958908699037
v 11.40618909793622 -16.42859854832788 -74.30663505385793
v 11.68363163767981 -16.23245981837033 -75.19957088951358
v 11.17539356591215 -16.58645768833627 -73.6405610928396
v 12.37164770637333 -15.71439890767024 -74.32207116462286
v 12.61612875572681 -15.51880456797247 -75.34074183156028
v 11.42660851884997 -16.41440275358641 -76.39671578226175
v 13.20156311741794 -15.02393860666471 -74.33512450503171
v 15.07883695034187 -13.13882324354067 -76.77651486105883
v 13.77656612221117 -14.49849046902275 -76.65880116632843
v 12.71815250948877 -15.43530358449047 -73.0805783175676
v 11.9661328506312 -16.02534444562876 -72.0177704548028
v 12.08611758906507 -15.9350482152798 -69.91949068102487
v 15.96409517827459 -12.04772447970943 -71.74589587191127
v 19.99653044639599 0.3725185986742315 -70.05347068417991
v 10.70871355281199 16.89152018155325 -73.49603846839489
v 10.94564188826474 16.73896423479853 -72.57178979331695
v 16.12640893674947 11.82957880926987 -74.03381371599842
v 19.94776812286806 -1.444488461805397 -74.36832033839025
v 12.07597689560004 15.94273445858439 -73.58526003825567
v 15.34629537025377 -12.82541299174915 -68.97009547110426
v 11.83741651681029 -16.12065663078111 -73.60478822002199
v 19.78637492353485 2.915367452879857 -68.21790091172615
v 15.91205544288282 -12.11637287238319 -58.97746798207729
v 13.85522637083777 -14.42333880253951 -69.60766040058957
v 19.9178777679407 1.810564890130586 -75.1503492775462
v -18.49968470276119 0.1080087886396293 -43.97334434413398
v 18.49968470276119 -0.1080087886397876 -43.97334434413396
v -3.03942431838101 -18.24861364084499 -75.69643519031271
v 3.948199594111468 -18.073785435405 -75.70851375659747
v -5.784489942400001 -17.5724123587592 -76.92540893823553
v -0.7719678203581665 -18.48388664984536 -77.24660637268734
v 0.5607011577384814 -18.49150113462156 -75.05700137778786
v 1.38135656009516 -18.44835640521621 -73.5268848798223
v -2.511491598838662 -18.32873181507555 -72.87010682202636
v 0.03824987317411651 -18.49996045799023 -63.25538588814922
v 4.745380672729509 -17.88103359067605 -73.89048636100844
v -3.324072765153533 -18.19891590870084 -74.15192488408984
v -5.602885875210352 -17.63115622610633 -74.11594683282792
v -6.693526263208071 -17.24664333033369 -75.02818672857074
v 5.230457254554836 9.584658832196268 -4.999999999999897
v -5.200696089489126 9.428505725638939 -4.999999999999897
v 5.273958286872144 -9.400577947082056 -4.999999999999897
v -5.070044704235089 -9.852838160612684 -4.999999999999897
v -16.5038852549309 0.9848548582864037 -4.999999999999897
v 16.77214452001371 4.461421843197481e-13 -4.999999999999897
v -14.63025514686646 -4.978408687929964 -4.999999999999897
v -13.55117506322699 3.864173144381891 -4.999999999999897
v 14.78752026468208 -5.494185714285578 -4.999999999999897
v 14.66635918676202 5.704042857143555 -4.999999999999897
v -9.812272616473532 -3.793189417079317 -4.999999999999897
v -9.571222930583964 3.747929015442002 -4.999999999999897
v 9.667100767285028 -3.795866666666678 -4.999999999999897
v 9.66710076728501 4.040700000001494 -4.999999999999897
v -2.332899232714562 4.040699999999955 -4.999999999999897
v -2.332899232714569 -4.040700000000042 -4.999999999999897
v 2.119209439861157 -4.090590603913254 -4.999999999999897
v 2.119209439861174 4.090590603913222 -4.999999999999897
v -7.29742070688774 -0.3953436640954873 -4.999999999999897
v 4.665798465428994 -5.327995733105553e-14 -4.999999999999897
v 7.334201534570012 2.693800000001251 -4.999999999999897
v 7.38616746459206 5.437832387069404 -4.999999999999897
v -4.838222385673756 -2.713545947864017 -4.999999999999897
v -4.657426127790225 -5.064842282803222 -4.999999999999897
v -4.777518956905404 2.813768870266299 -4.999999999999897
v -4.709854784903641 5.187654163587982 -4.999999999999897
v 7.334201534570023 -2.693799999999948 -4.999999999999897
v 7.334201534570059 -5.387600000000385 -4.999999999999897
v -9.837438788908903 -8.115334378708033 -4.999999999999897
v -9.561225869321108 8.101572141901242 -4.999999999999897
v 2.541634507028372 8.130718462499907 -4.999999999999897
v 2.54888467908129 -8.100038314980818 -4.999999999999897
v 9.572239971805201 -8.217879581860549 -4.999999999999897
v -2.45003473812096 8.249904830915526 -4.999999999999897
v -2.695910446199204 -8.270494520714806 -4.999999999999897
v -12 -6.612400000000006 -4.999999999999897
v -12.00000000000001 6.612400000000006 -4.999999999999897
v 12.00000000000003 -6.612399999999963 -4.999999999999897
v 9.693610716997354 6.467123423214988 -4.999999999999897
v -7.378968608205053 11.57141762093982 -4.999999999999897
v -5.772134343519414 14.8770875123408 -4.999999999999897
v -7.357193377329381 -11.64213969343545 -4.999999999999897
v -5.769912381185162 -14.88430405035056 -4.999999999999897
v 7.391178974435557 -11.56676299118034 -4.999999999999897
v 5.773380299257218 -14.87661255012044 -4.999999999999897
v 7.334201534570055 12.00000000000002 -4.999999999999897
v 5.767566274780815 14.92082040816349 -4.999999999999897
v 4.86830502465485 -6.679320136775915 -4.999999999999897
v 4.981249517331876 6.790838031625893 -4.999999999999897
v 11.52060137966474 5.250513256072384 -4.999999999999897
v 0.2382074918597281 -6.63148906280128 -4.999999999999897
v 0.2722968541490673 6.632930556761226 -4.999999999999897
v -4.652183661486534 -11.99999999999999 -4.999999999999897
v -4.652183661486533 12.00000000000001 -4.999999999999897
v 4.652183661486533 -12 -4.999999999999897
v -7.117095424468003 4.42459968705029 -4.999999999999897
v -6.814537456976016 7.13539356829038 -4.999999999999897
v -7.791701351327537 -2.724103106302944 -4.999999999999897
v -4.814339471113139 0.2109038666553125 -4.999999999999897
v 4.369852016338618 -2.553084966261179 -4.999999999999897
v 4.652183661486048 11.99999999999999 -4.999999999999897
v 4.369852016338649 2.553084966261425 -4.999999999999897
v 7.733680613827808 5.100365153466171e-13 -4.999999999999897
v -7.315384223460797 -5.073775582225063 -4.999999999999897
v 7.515369384097796 7.821767400743722 -4.999999999999897
v -7.752528829112756 9.30619999999999 -4.999999999999897
v -7.644997203586042 -9.108404996263294 -4.999999999999897
v 7.747979011052715 -9.344553707376408 -4.999999999999897
v -5.602748124196266 -7.215769941026504 -4.999999999999897
v -4.393055182442804 7.285700686877322 -4.999999999999897
v -7.20744970954062 2.024792962553069 -4.999999999999897
v -9.440002984771555 5.77916573544732 -4.999999999999897
v 5.00239748845326 4.605722396977829 -4.999999999999897
v 5.101161327801532 -4.600085787137075 -4.999999999999897
v 6.978200437651811 -7.456932546199394 -4.999999999999897
v 7.84124634426703 9.851409646800436 -4.999999999999897
v 2.98335756136475 6.050160010355616 -4.999999999999897
v 2.975153592651712 -6.020304781121669 -4.999999999999897
v -2.339601809458784 6.008331706356998 -4.999999999999897
v -0.424063772719806 4.653099999999982 -4.999999999999897
v -11.3124801957165 4.539493579054244 -4.999999999999897
v -14.8943296644363 6.893984008004928 -4.999999999999897
v -11.9116885498264 -4.769142586429899 -4.999999999999897
v -9.799905671269295 -5.925405124264966 -4.999999999999897
v -2.579140035293396 -5.979399301224313 -4.999999999999897
v -0.4240637727198379 -4.65310000000003 -4.999999999999897
v 9.662634414005382 -6.020629799121155 -4.999999999999897
v 11.85219757020184 -4.846154597153322 -4.999999999999897
v 9.954276554090566 8.650292982918359 -4.999999999999897
v 12.02795784503829 7.671878753224743 -4.999999999999897
v -8.04009480228426 -7.087738004497572 -4.999999999999897
v -19.99823410259081 0.2657682787199391 -25.81739070674129
v -15.83959273436415 -12.21095008627414 -75.44421203907774
v -15.98880533696379 12.01491173070689 -75.43558472012609
v -13.44644453331213 14.80517238712742 -44.9999999999999
v -13.44644681233779 -14.80517031725643 -44.9999999999999
v -17.17936038693727 -10.24058478289841 -25.94453227443587
v -14.74068244220061 13.51711068010463 -25.9850480927463
v -19.30353622771945 5.23196799542225 -35.42298281889731
v -19.43722524696188 4.711079992832619 -46.27087314540919
v -17.74967010807958 9.21678962840892 -55.97243286230326
v -19.98809958186225 -0.6898370137633879 -56.67352381085065
v -19.33629780405572 5.109558418578846 -63.73492352598009
v -19.64790018739381 -3.736310777519771 -37.74467254937551
v -19.28551545147729 -5.298008472136566 -48.56772181932868
v -17.28335176562143 -10.06408226048409 -57.92340401766321
v -19.51451910911814 -4.379902275149876 -64.37465141165541
v -19.47722278207956 4.54288374243068 -57.60351667387082
v -15.62325308539696 12.48655128646956 -64.14372259628244
v -19.99746705399245 0.3182945561685906 -62.19144570193549
v -19.99468880055626 -0.4608901918135746 -67.36636115112117
v -19.29064444192096 -5.279302701624919 -68.42280559187846
v -19.50805283366037 4.408613686763164 -68.76582890182101
v -19.82826274429654 2.615338705242933 -65.96751861332217
v -19.95533348686213 1.33591370534137 -69.99449166994344
v -19.54706801932563 4.232272657551385 -72.10325387620938
v -19.98562228665827 0.7582228003879734 -73.23382595136268
v -19.99544236432156 -0.4269480707235568 -73.01721518062433
v -19.95269962311995 -1.374691874402777 -73.14861062501221
v -19.9733148102622 -1.032809513008512 -71.86059151798142
v -19.93406120798581 1.622714933768562 -73.64794808783017
v -19.83791352549368 -2.541099556301341 -72.12084824303955
v -19.81101926289517 -2.742902799079236 -73.83611806360409
v -19.50824865377243 -4.407747096032883 -72.5752259339752
v -19.44616213707993 -4.674053715823014 -74.49758952737129
v -18.96324671698996 -6.35572764918143 -73.10954850884474
v -18.80751707781562 -6.802742194708976 -75.22464720491836
v -18.01306760297059 -8.690764956596833 -73.91337976271885
v -18.25717082751132 -8.16551978597013 -71.73757418609655
v -17.00139079019295 -10.53340928660528 -72.41091845369398
v -17.53014178573861 -9.627779025917718 -69.83485972960455
v -16.09636456213654 -11.87042745156192 -70.37904751500696
v -16.55515403738276 -11.22171443223046 -67.45951421087968
v -14.5731129168344 -13.69760489695897 -68.17057541052493
v -14.45426831372003 -13.82295654029879 -71.17437853704588
v -15.24130640698599 -12.95000305051577 -64.75554466897481
v -12.42541560665729 -15.67191905931872 -65.46342809977233
v -19.28132335333865 -5.313244747232875 -77.255564496673
v -15.71616478841808 -12.36940436493559 -72.77027114324252
v -14.02689120600736 -14.25644847410579 -73.59860582016061
v -12.79492488926393 -15.37172394619726 -72.32179965111838
v -11.40618472043385 -16.42860158757712 -74.30664423137799
v -11.64990886214734 -16.25667935045964 -75.25870888393675
v -11.13296982382059 -16.61496262114062 -73.42219039855823
v -13.30080043304868 -14.93615438592585 -70.11381984716934
v -12.26555967679929 -15.79734299858287 -74.31315844660337
v -12.67372514211505 -15.47180309537711 -75.39253453234777
v -11.32673701583998 -16.48347744179002 -71.29871848069823
v -19.81903774810018 -2.684351456009467 -75.74456581842081
v -19.8938180812591 -2.058155035406357 -70.41286931695203
v -18.18553039561006 -8.323850324840224 -66.75939340818159
v -17.00061799498853 -10.5346565102272 -74.59779890215755
v -17.87430446958464 -8.972694117631924 -76.52767197523505
v -18.33226549309153 7.995501353311477 -67.06518824607208
v -18.41227155408669 7.809497821151506 -70.76286153792586
v -16.84207662922195 10.7863086742136 -69.21818159376289
v -14.09476342498469 14.1893496677513 -67.35219598200726
v -12.63724522349692 15.50161388892151 -65.60050788315115
v -14.56524299777015 13.70597301966947 -71.39600435234649
v -17.27182776994696 10.08384676030379 -72.51629286405412
v -18.34863312430447 7.957867960055437 -73.68628468248586
v -17.35838558934098 9.934105381550944 -75.24472764109795
v -18.1093426295377 8.488327840394033 -76.70215509189293
v -19.28001941981591 5.317974348520448 -74.75485156183531
v -19.35246462994737 5.047981056485448 -77.81348234683198
v -19.93981178096949 1.550453527039813 -72.4561185911567
v -19.77592294144752 2.985443319497046 -76.16985812378663
v -19.93067824039615 -1.663750245018617 -74.30663505385755
v -19.69136099247972 3.500043180283347 -74.324783930957
v -19.8310313109119 2.59426235096453 -72.929802892084
v -19.14249399257112 -5.793524293931855 -70.92074296378755
v -19.88602800204136 2.132109355081679 -74.62690539553491
v -15.15270780008686 -13.05356067612155 -74.3878972657032
v -14.88849958669072 -13.35412221215271 -76.36053763912366
v -16.32841289171415 -11.54915288831623 -77.50908666643315
v -19.06016777305959 6.058878152168166 -72.70315398365612
v -19.99917626982376 0.1815172953694126 -71.69221561291926
v -18.04118160314797 -8.632251523341719 -63.46798361892337
v -12.97948329563482 -15.216208902954 -73.65447908599113
v -13.40889315236653 -14.83919082795345 -77.70523088556168
v -11.70232447821158 -16.21898892676884 -76.89987673538444
v -13.87579081415383 -14.40355613318614 -75.2072454437199
v -19.58952831133953 -4.03117607395497 -70.82073505274136
v -18.5239154914158 -7.540859027119251 -69.50345288795749
v -16.56668738489419 11.20468067778764 -77.45538031291323
v -19.17560100472901 5.682985668417251 -70.58359501531683
v -19.27867875010613 -5.32283248376336 -58.90409608337434
v -11.59594820692225 -16.29521356663903 -72.47390224456663
v -17.90071582490572 8.919886375732027 -62.28579323041487
v -19.84092764901236 2.517457055573527 -71.40940768976259
v -16.59084106817755 11.16888502270811 -74.14516889638973
v -15.44639744301863 12.70467654182142 -73.61211228349703
v -14.56766965887845 13.70339376613663 -75.14974198523412
v -14.07138960381321 14.21252949399569 -73.27839854799831
v -13.27083550247475 14.96278466951441 -71.47958908697048
v -11.40618909793496 16.42859854832875 -74.30663505385856
v -11.68363163769066 16.23245981836252 -75.19957088951494
v -11.17539356590431 16.58645768834155 -73.64056109283806
v -12.37164770636486 15.71439890767691 -74.32207116461888
v -12.61612875572984 15.51880456797 -75.34074183155703
v -11.42660851889492 16.41440275355512 -76.39671578226228
v -13.2015631174198 15.02393860666307 -74.33512450502388
v -15.07883695033061 13.1388232435536 -76.77651486104676
v -13.77656612214257 14.49849046908794 -76.65880116628158
v -12.71815250948487 15.43530358449368 -73.0805783175598
v -11.96613285064271 16.02534444562017 -72.01777045475183
v -12.08611758909766 15.93504821525508 -69.91949068097085
v -15.96409517827853 12.04772447970422 -71.74589587189979
v -19.99653044639593 -0.372518598677275 -70.05347068418612
v -10.70871355280956 -16.8915201815548 -73.49603846839339
v -10.94564188833692 -16.73896423475133 -72.57178979332262
v -16.12640893672095 -11.82957880930876 -74.03381371597547
v -19.94776812286809 1.444488461804912 -74.36832033839018
v -12.0759768956913 -15.94273445851526 -73.58526003825041
v -15.34629537025941 12.82541299174239 -68.97009547111897
v -11.83741651680816 16.12065663078267 -73.6047882200249
v -19.78637492353585 -2.915367452873115 -68.21790091172832
v -15.91205544287975 12.11637287238722 -58.97746798207581
v -13.8552263708699 14.42333880250864 -69.60766040059193
v -19.91787776794064 -1.810564890131291 -75.1503492775483
v -10.02300725712945 8.228174147715089 -9.999999999999897
v -10.02300725712945 -8.228174147715089 -9.999999999999897
v 10.02318883422442 -8.228661103853689 -9.999999999999897
v 10.02318883422412 8.228661103853026 -9.999999999999897
v -13.95603822372341 -5.075156267231126 -9.999999999999897
v -13.9560382237234 5.075156267231126 -9.999999999999897
v 13.95603822372356 -5.075156267231247 -9.999999999999897
v 13.95603822372348 5.075156267231326 -9.999999999999897
v 2.330074537951353 8.207104989034507 -9.999999999999897
v -2.177810135311991 4.032230314608757 -9.999999999999897
v 2.330069531666572 -8.21450326214033 -9.999999999999897
v -2.177810135311999 -4.032230314608822 -9.999999999999897
v 11.33963665346015 4.250714788190523 -9.999999999999897
v 11.33963665346053 -4.25071478819001 -9.999999999999897
v -11.29769781678042 -4.241556871276813 -9.999999999999897
v -11.29769781678042 4.241556871276812 -9.999999999999897
v -7.918615965941285 -9.086420491467754 -9.999999999999897
v -8.156057999748766 -6.639228498911651 -9.999999999999897
v -7.918615965941288 9.086420491467752 -9.999999999999897
v -8.15605799974877 6.639228498911645 -9.999999999999897
v 8.85636869086799 -4.062645017455697 -9.999999999999897
v 8.857278086114952 4.062890015448057 -9.999999999999897
v 7.991053838341339 -9.175812130487685 -9.999999999999897
v 7.988912292054785 9.174749237513327 -9.999999999999897
v -5.652430182711034 7.614054126813644 -9.999999999999897
v -5.652430182711034 -7.614054126813653 -9.999999999999897
v -5.128365303055747 -1.153173605724988e-14 -9.999999999999897
v 4.665798465428994 -4.991871042406607e-14 -9.999999999999897
v 4.665798465429039 2.693800000000022 -9.999999999999897
v 4.665798465429034 -2.69380000000012 -9.999999999999897
v 4.96992455482683 12.00016126817683 -9.999999999999897
v 4.653650226823038 14.67275863351191 -9.999999999999897
v 4.968306451114343 -12.00382112990162 -9.999999999999897
v 4.653650226823006 -14.67275863351188 -9.999999999999897
v -4.985442658341692 11.984142076389 -9.999999999999897
v -4.654973960666481 14.67505140778449 -9.999999999999897
v -4.985442658341691 -11.984142076389 -9.999999999999897
v -4.654973960666492 -14.67505140778448 -9.999999999999897
v -6.164667673158763 4.885102421745192 -9.999999999999897
v -6.164667673158758 -4.885102421745204 -9.999999999999897
v -12.45029278717544 6.477667477016552 -9.999999999999897
v -12.45029278717544 -6.477667477016554 -9.999999999999897
v 12.45628404955847 -6.478975750861548 -9.999999999999897
v 12.45628404955777 6.478975750861546 -9.999999999999897
v -2.502367421530808 -8.013049601922093 -9.999999999999897
v -2.502367421530806 8.013049601922088 -9.999999999999897
v 0.1000455040005848 5.018520628281887 -9.999999999999897
v 0.09957446132345373 -5.019782583674477 -9.999999999999897
v -8.82104229743404 -4.157376850592443 -9.999999999999897
v -7.077015106855016 -2.201243474588711 -9.999999999999897
v -8.821042297434037 4.157376850592438 -9.999999999999897
v -7.077015106855018 2.201243474588703 -9.999999999999897
v 4.599249802665113 -9.320775495471675 -9.999999999999897
v 4.450376374166992 -6.768020143354188 -9.999999999999897
v 4.665798465429035 9.306199999999997 -9.999999999999897
v 4.459399218536885 6.761946105768609 -9.999999999999897
v 2.350627496021293 -3.738000119299663 -9.999999999999897
v 2.349731801598737 3.735433001295593 -9.999999999999897
v 8.384533537467313 -6.65399047239532 -9.999999999999897
v 8.383232946690962 6.653799205847287 -9.999999999999897
v 6.867369039328317 -1.920639465579635 -9.999999999999897
v 6.985082894200779 1.346899999999951 -9.999999999999897
v -4.531832794863184 -2.943812411917099 -9.999999999999897
v -4.531832794863191 2.943812411917081 -9.999999999999897
v 7.562326118086925 -11.52636587733854 -9.999999999999897
v 7.562101958888088 11.52481580729111 -9.999999999999897
v -7.654262828817986 11.46368708384334 -9.999999999999897
v -7.65426282881799 -11.46368708384334 -9.999999999999897
v -10.66914376736026 6.057700612184798 -9.999999999999897
v -10.66914376736026 -6.0577006121848 -9.999999999999897
v 10.6691437673607 -6.05770061218502 -9.999999999999897
v 6.268780832193094 -4.914935060753688 -9.999999999999897
v 10.66914376735937 6.057700612183912 -9.999999999999897
v 6.284297380307233 4.830181929461029 -9.999999999999897
v -3.867642413605136 5.92160788008134 -9.999999999999897
v -3.867642413605169 -5.921607880081364 -9.999999999999897
v -4.344385679258433 9.700184818486631 -9.999999999999897
v -4.344385679258431 -9.700184818486631 -9.999999999999897
v 7.601626496312145 -13.15291420183139 -9.999999999999897
v 7.601905285214658 13.15187221547702 -9.999999999999897
v -7.623705826672522 13.13690118728434 -9.999999999999897
v -7.623705826672525 -13.13690118728434 -9.999999999999897
v -11.75992038128086 7.98919508416927 -9.999999999999897
v -11.75992038128087 -7.989195084169273 -9.999999999999897
v 11.76115494917656 -7.989554130166036 -9.999999999999897
v 11.76115494917614 7.989554130165454 -9.999999999999897
v -7.723319410267348 -4.750086892202468e-15 -9.999999999999897
v 6.29134641909362 7.896662746431706 -9.999999999999897
v 6.276875684832296 -7.915201828007874 -9.999999999999897
v 4.173969650659783 -4.749857383428508 -9.999999999999897
v 4.194821108202012 4.713675090588826 -9.999999999999897
v 2.1683347329283 5.963929969161566 -9.999999999999897
v 2.163425623519716 -5.972843915316199 -9.999999999999897
v 0.03510909279789809 7.08564506263965 -9.999999999999897
v 0.0342115664028106 -7.0885740917485 -9.999999999999897
v -1.811589499179516 -6.008703564613253 -9.999999999999897
v -1.811489749247118 6.008398099270543 -9.999999999999897
v -6.212928468367069 -10.1671070857496 -9.999999999999897
v -6.212928468367075 10.1671070857496 -9.999999999999897
v 6.052126082876555 10.47802133795361 -9.999999999999897
v 6.0485546676335 -10.48345797239873 -9.999999999999897
v -10.40973855910078 9.825689307024145 -7.735383452778606
v 1.940899863085436 10.13198871484273 -7.537538191723485
v 1.92379574690722 13.88562147956097 -7.389816242655584
v 2.693779657410889 12.01046887382988 -7.467251027326824
v 14.69380000000065 6.097115769351104e-13 -7.482003964874977
v 13.93784555769118 -1.871179583721876 -7.495183721402611
v 13.93784555769121 1.871179583723134 -7.495183721402611
v 1.924481435048327 -1.884921655176767 -7.463234690749587
v 1.940899863085487 1.86801128515713 -7.537538191723542
v 2.69379316776149 -0.006067068589471474 -7.48740387511765
v -10.07620425309288 -1.885621479561066 -7.389816242655655
v -10.05910013691445 1.868011285157158 -7.537538191723542
v -9.306220342589111 -0.01046887382989982 -7.467251027326867
v -10.10194230010581 -10.08847301670304 -8.122726118309529
v 1.924481435048371 -13.88492165517672 -7.536765309250228
v 1.940899863085532 -10.13198871484283 -7.462461808276259
v 2.693793167761535 -12.00606706858943 -7.512596124882165
v 18.80467539577281 -0.8640247739941889 -76.21049968562885
v 18.70518753757338 -0.7636554019681782 -73.7430528893215
v 19.24934948357095 -1.408884386183681 -75.45041050321971
v 19.24934948357091 -1.408884386183689 -74.5495894967801
v 19.49248578906917 -0.5136838774002682 -73.67955059859752
v 19.53768511151673 -0.5712574310018372 -76.27849899037041
v 18.74140294378248 -1.328153424186134 -74.35259282955901
v 18.76691747200137 -1.322055589186323 -75.66920964894631
v 19.59794084758217 -1.329759017185776 -75.35243112661306
v 19.76851270467885 -1.187005590100632 -74.49959421284609
v 19.55480868918066 -1.115260350104619 -75.83569232968478
v 19.34297534910803 -1.036808385578426 -73.97170224083747
v 19.0485076484434 -1.208886964340983 -75.88670136770435
v 10.15060510166445 15.85331421566238 -76.21049968562885
v 10.0139387466283 15.81733988910657 -73.7430528893215
v 10.84480441121576 15.96598346600551 -75.45041050321971
v 10.84480441121573 15.96598346600543 -74.5495894967801
v 10.19110618187766 16.62414593754094 -73.6795505985975
v 10.26356600310655 16.6345029222136 -76.27849899037041
v 10.52091607735967 15.56645433978303 -74.352592829559
v 10.52839246145122 15.59159948688609 -75.66920964894631
v 10.95057551358536 16.30743512727804 -75.35243112661304
v 10.91223334780067 16.52653140223702 -74.49959421284611
v 10.74324813961444 16.37733091592287 -75.83569232968475
v 10.56939007532163 16.23310384431453 -73.97170224083747
v 10.57118064564481 15.8920480455637 -75.88670136770435
v -8.654070294108401 16.7173389896565 -76.21049968562885
v -8.691248790945107 16.58099529107469 -73.7430528893215
v -8.404545072355237 17.37486785218911 -75.4504105032197
v -8.404545072355218 17.37486785218908 -74.5495894967801
v -9.301379607191539 17.13782981494115 -73.67955059859752
v -9.274119108410215 17.20576035321536 -76.27849899037041
v -8.220486866422835 16.89460776396912 -74.35259282955901
v -8.238525010550196 16.91365507607234 -75.66920964894629
v -8.647365333996852 17.63719414446373 -75.35243112661307
v -8.85627935687822 17.71353699233759 -74.49959421284611
v -8.811560549566284 17.4925912660274 -75.83569232968478
v -8.773585273786448 17.2699122298929 -73.97170224083747
v -8.477327002798626 17.10093500990461 -75.88670136770433
v -18.8046753957728 0.8640247739941906 -76.21049968562885
v -18.70518753757338 0.7636554019681784 -73.7430528893215
v -19.24934948357095 1.408884386183685 -75.4504105032197
v -19.24934948357091 1.408884386183689 -74.5495894967801
v -19.49248578906917 0.5136838774002658 -73.67955059859752
v -19.53768511151672 0.5712574310018362 -76.27849899037041
v -18.74140294378248 1.328153424186134 -74.35259282955901
v -18.76691747200137 1.322055589186325 -75.66920964894631
v -19.59794084758217 1.329759017185771 -75.35243112661308
v -19.76851270467885 1.187005590100632 -74.49959421284609
v -19.55480868918064 1.115260350104608 -75.8356923296848
v -19.34297534910803 1.036808385578426 -73.97170224083747
v -19.0485076484434 1.208886964340988 -75.88670136770433
v -10.15060510166434 -15.85331421566245 -76.21049968562885
v -10.01393874662821 -15.81733988910664 -73.7430528893215
v -10.84480441121564 -15.96598346600557 -75.45041050321971
v -10.84480441121563 -15.96598346600554 -74.5495894967801
v -10.19110618187755 -16.62414593754101 -73.6795505985975
v -10.26356600310644 -16.63450292221367 -76.27849899037041
v -10.52091607735958 -15.56645433978312 -74.35259282955901
v -10.5283924614511 -15.59159948688616 -75.66920964894631
v -10.95057551358524 -16.3074351272781 -75.35243112661306
v -10.91223334780056 -16.5265314022371 -74.49959421284609
v -10.74324813961432 -16.37733091592294 -75.83569232968476
v -10.56939007532152 -16.23310384431462 -73.97170224083747
v -10.57118064564469 -15.89204804556377 -75.88670136770435
v 8.654070294108525 -16.71733898965644 -76.21049968562885
v 8.691248790945227 -16.58099529107463 -73.7430528893215
v 8.404545072355361 -17.37486785218905 -75.45041050321971
v 8.404545072355337 -17.37486785218903 -74.54958949678011
v 9.301379607191667 -17.13782981494108 -73.6795505985975
v 9.274119108410339 -17.2057603532153 -76.27849899037041
v 8.220486866422961 -16.89460776396907 -74.352592829559
v 8.238525010550322 -16.91365507607229 -75.66920964894631
v 8.647365333996975 -17.63719414446368 -75.35243112661306
v 8.856279356878344 -17.71353699233753 -74.49959421284611
v 8.81156054956641 -17.49259126602735 -75.83569232968476
v 8.773585273786574 -17.26991222989285 -73.97170224083747
v 8.477327002798752 -17.10093500990455 -75.88670136770435
v -21.6811180760834 -0.9100936314139217 -74.14312802469682
v -22.7312187398568 -0.9783168324205684 -75.77807208882109
v -23.35760429649483 -1.164509799741755 -74.54566870424162
v -21.09653193330318 -1.179727965516662 -75.41320930214337
v 21.68111807608331 -0.9100936314139321 -75.85687197530297
v 22.73122148519523 -0.9783128403362147 -74.2219228917174
v 23.35760580465332 -1.164511783034598 -75.45432621228966
v 21.09653274355465 -1.17972755638117 -74.58678952976119
v 13.90480424716032 10.09519575283909 -81.20410402713834
v 11.46368291800705 9.360128331231696 -82.67264359637598
v 9.909941072247145 10.30052592884675 -82.53264744310323
v 14.20089513189904 10.44673921752175 -82.84311798508756
v 12.57870707280611 9.369095865698018 -81.26928151822598
v 13.12534052727937 9.552518204834715 -82.55491136524255
v 1.885621479561486 10.07620425309329 -82.38981624265557
v -1.868011285156745 10.05910013691405 -82.53753819172346
v 0.01046887383001781 9.306220342589111 -82.46725102732681
v -13.90480424716032 10.09519575283968 -81.20410402713837
v -11.48211415336746 9.35645074003572 -82.68720329343499
v -9.911726139892153 10.29833295701237 -82.53534155968963
v -14.20660670321438 10.45486398743367 -82.8511286658721
v -12.53290451033893 9.35943732835965 -81.3362643729868
v -13.13500341396285 9.556984304124782 -82.57380175092372
v 13.90480424716032 -13.90480424716032 -81.20410402713836
v 11.3614974214661 -14.61703513488176 -81.34726920584269
v 9.697544092824508 -13.39830441446513 -82.69223464186466
v 14.05812230314345 -13.73801352851567 -83.07673209731941
v 12.58789577544901 -14.6288661048462 -82.95833081440779
v 12.69720674369718 -14.60201099085749 -81.20410402713836
v 10.8707244979776 -14.44566867758739 -82.6926859085776
v 10.13868723589478 -13.94732463502596 -81.26298993619196
v 13.88492165517742 -1.924481435047686 -82.46323469074952
v 10.13198871484313 -1.940899863085827 -82.53753819172347
v 12.00606706858965 -2.693793167761535 -82.48740387511759
v 1.884921655177377 -1.924481435047734 -82.53676530925028
v -1.868011285156916 -1.940899863085873 -82.46246180827632
v 0.006067068589603475 -2.693793167761582 -82.51259612488221
v -10.111526325781 -1.920995997336219 -82.52326880589705
v -13.888473674219 -1.920995997336224 -82.52326880589705
v -11.99999999999999 -2.6938 -82.49431492378108
v -12.33958903382581 -14.67230943719197 -80.64221649536337
v -13.16457214012345 -14.42905952385862 -81.17939445525511
v -11.98017926496898 -14.69372707943155 -81.83447859855704
v -9.783807814545149 -13.53135581663076 -82.62387380482448
v -11.50819247937184 -14.64852483519668 -80.71964511511041
v -14.33289923271452 -13.3469 -83.10506633799216
v -10.49179640208424 -14.23201262255256 -81.29964255996067
v -10.98142413693159 -14.49380465377191 -83.01611017541474
v -12.56892587948876 -14.63303660886968 -83.52349061589365
v -13.41251950639024 -14.29376264771817 -82.32796997203744
v -13.86114191679042 -13.94748792180226 -81.31967790123925
v 1.885621479561486 -13.92379574690671 -82.38981624265557
v -1.868011285156745 -13.94089986308595 -82.53753819172346
v 0.01046887383001781 -14.69377965741089 -82.46725102732681
v -23.44238281249964 7.120722440330152 -80.62499999999989
v -6.678125663139162e-14 24.5 -76.9381672564494
v 23.5948005641227 6.598135065249499 -75.45081378126996
v 23.53869458029153 6.795576315203466 -80.62499999999989
v -23.91240129656704 5.333578932756014 -75.40308731683557
v -19.9242633486559 -1.738887579289494 -76.74069339725395
v -19.781929947919 -2.945377316342597 -75.10535178126872
v 19.92426065548828 -1.738918437466776 -76.74062778221959
v 19.78192057943426 -2.945440236867054 -75.10527803258945
v -19.61549629658244 -3.902858572733678 -77.64137323603354
v -18.81028197666834 -6.795093226603033 -75.70707231192026
v -15.86706680582473 -12.17522858017437 -75.48167862278541
v 19.61548737959921 -3.902903388604988 -77.64126255058389
v 18.81025482692264 -6.795168382478359 -75.70695856659935
v 16.0702756772287 -11.90572297921767 -75.2540300590119
v 1.740390928884684 -19.92413208686029 -74.99999999999984
v 10.02342715909819 -17.30696125800982 -75.28998034744042
v 19.92426247361836 1.738897605485538 -76.74068232777105
v 19.78192669399704 2.945399170456773 -75.10533472442025
v -19.92426095883891 1.738914961718213 -76.74064542254953
v -19.78192205174865 2.945430348614697 -75.10529410304179
v 19.61549230301949 3.902878644050185 -77.64135291029424
v 18.81027224587059 6.795120163487226 -75.70704487846763
v 15.86706680582472 12.17522858017439 -75.48167862278538
v -19.61548728462063 3.902903865955005 -77.64129067031875
v -18.81025730270335 6.795161529065768 -75.70698085859536
v -15.8670668058247 12.17522858017442 -75.48167862278538
v -1.898817474782488e-14 20 -75.62870925696089
v -9.436051713472882 -5.091997004332487 -84.9999999999999
v -9.436051713472891 5.091997004332478 -84.9999999999999
v 9.436051713472867 -5.091997004332494 -84.9999999999999
v 9.532989531982006 5.265375971359184 -84.9999999999999
v 0.9848548582864326 -16.38016734010455 -84.9999999999999
v -0.984854858286434 16.38016734010455 -84.9999999999999
v 4.692270345605968 14.504718280963 -84.9999999999999
v -4.692270345605939 -14.5047182809631 -84.9999999999999
v -3.914609388844212 13.7597965027441 -84.9999999999999
v 3.91460938884421 -13.75979650274409 -84.9999999999999
v 3.916230460228321 9.960458398505972 -84.9999999999999
v 3.747929015442 -9.571222930583966 -84.9999999999999
v -3.747929015442013 9.57122293058395 -84.9999999999999
v -3.9162304602283 -9.960458398506086 -84.9999999999999
v 4.04069999999995 2.33289923271448 -84.9999999999999
v 3.918283333333294 -2.403576528167854 -84.9999999999999
v -3.795866666666712 2.191544641807881 -84.9999999999999
v -4.040700000000043 -2.332899232714569 -84.9999999999999
v -1.820765760385257e-14 7.875777141166132 -84.9999999999999
v -1.749711486809247e-14 -7.875777141166141 -84.9999999999999
v -2.772963314710829 4.753959858420908 -84.9999999999999
v -2.813768870266375 -4.777518956905407 -84.9999999999999
v 2.81376887026629 4.777518956905352 -84.9999999999999
v 2.793366092488522 -4.789298506147619 -84.9999999999999
v 8.101572141901315 9.551146631087203 -84.9999999999999
v 8.101572141901242 -9.551146631087585 -84.9999999999999
v -8.101572141901258 -9.551146631087585 -84.9999999999999
v -8.10157214190126 9.55114663108756 -84.9999999999999
v 5.284582599023343 4.676828928842498 -84.9999999999999
v 5.147685236688639 -4.705777150513358 -84.9999999999999
v -5.123881995947977 4.523194137258953 -84.9999999999999
v -5.171488477429445 -4.692034343064112 -84.9999999999999
v -11.57267528557881 -7.350772855778762 -84.9999999999999
v -14.82619543730396 -5.769257225924896 -84.9999999999999
v 11.57267528557881 -7.350772855778762 -84.9999999999999
v 14.82619543730396 -5.769257225924894 -84.9999999999999
v -11.57267528557881 7.350772855778761 -84.9999999999999
v -14.82619543730396 5.769257225924894 -84.9999999999999
v 11.5888315886637 7.379669350282835 -84.9999999999999
v 14.82784403965956 5.772205847812762 -84.9999999999999
v 6.612400000000173 11.99999999999937 -84.9999999999999
v 8.357413476062572 -2.343420486635365 -84.9999999999999
v 6.459842437082086 2.485955898183874 -84.9999999999999
v -6.612400000000003 -11.99999999999999 -84.9999999999999
v -8.234996809395925 -2.414097782088651 -84.9999999999999
v -6.612400000000006 12 -84.9999999999999
v 6.612400000000003 -12 -84.9999999999999
v -6.823216055220753 -0.1150841724093188 -84.9999999999999
v 5.076587628402541 0.0137298950026448 -84.9999999999999
v -8.270132818599389 2.253562495780494 -84.9999999999999
v 4.468804667087229 7.176463693111446 -84.9999999999999
v 6.944339910635462 6.921871430773373 -84.9999999999999
v -4.407170066517738 7.082058800113103 -84.9999999999999
v -7.111015008677503 6.741984074714845 -84.9999999999999
v 0.005829365079328217 5.352222133099218 -84.9999999999999
v -11.99999999999999 -4.652183661486533 -84.9999999999999
v 12.00000000000001 -4.652183661486532 -84.9999999999999
v -12.00000000000001 4.652183661486534 -84.9999999999999
v 4.41453773627077 -7.118379076943325 -84.9999999999999
v 7.115467995890874 -6.773255973298384 -84.9999999999999
v -4.449955646821618 -7.1789979288151 -84.9999999999999
v -7.12392816036112 -6.779952551073022 -84.9999999999999
v -0.002914682539713783 -5.357270511345927 -84.9999999999999
v 11.99999999999999 4.652183661486253 -84.9999999999999
v 9.306199999999999 -7.692053399711634 -84.9999999999999
v -9.306199999999995 7.692053399711638 -84.9999999999999
v -9.306200000000004 -7.692053399711631 -84.9999999999999
v 9.306200000000112 7.692053399711356 -84.9999999999999
v 8.513148314467912 2.72104563419611 -84.9999999999999
v -2.044855505265211 7.383723605111465 -84.9999999999999
v -2.088294943309338 -7.469520617337357 -84.9999999999999
v 2.049969693610259 -7.396508155578744 -84.9999999999999
v 2.091922227110192 7.4682568483456 -84.9999999999999
v -5.772197705423086 9.420391443963279 -84.9999999999999
v 5.999999999999964 8.950711100449618 -84.9999999999999
v -6.040817281862459 -9.094111101896358 -84.9999999999999
v 5.77416781491748 -9.431656806532246 -84.9999999999999
v 7.33265718281528 -4.314227185470485 -84.9999999999999
v -7.346519845848549 4.250974842898785 -84.9999999999999
v -7.295629086386946 -4.32532004553421 -84.9999999999999
v 4.607695793799214 12.34394881987384 -84.9999999999999
v 6.196587809550383 -2.221534613844114 -84.9999999999999
v 7.339454303136064 0.3421271530206823 -84.9999999999999
v -4.548187221941864 11.35028217545827 -84.9999999999999
v -6.996253036495713 14.90840832444185 -84.9999999999999
v 4.548581243840739 -11.35253524797206 -84.9999999999999
v 6.996253036495713 -14.90840832444185 -84.9999999999999
v -4.607695793799086 -12.34394881987396 -84.9999999999999
v -4.7153562960697 -0.3615977721140421 -84.9999999999999
v -6.017091030399847 -2.617219037705905 -84.9999999999999
v -6.00325271060468 1.964783563790644 -84.9999999999999
v 7.346293872466487 4.635558737441025 -84.9999999999999
v 23.44238281251331 -7.120722440285166 -80.62499999999989
v 4.802117091560337e-14 -24.5 -76.9381672564494
v -23.59480056412494 -6.598135065241507 -75.45081378126886
v -23.5386945802886 -6.795576315213587 -80.62499999999989
v 23.91240129656645 -5.333578932758646 -75.4030873168393
v 8.005892787309456 9.687721341891407 -79.9999999999999
v 7.972362898849345 2.362333748109317 -79.9999999999999
v 3.915228861912399 -2.40534002806494 -79.9999999999999
v 4.044425682691377 -9.671526892047604 -79.9999999999999
v -4.040699999999997 9.669369901275889 -79.9999999999999
v -4.040700000000001 -9.667100767285485 -79.9999999999999
v -3.918283333333374 -2.403576528167858 -79.9999999999999
v -8.032892192062448 2.372164036987009 -79.9999999999999
v -11.92279260813677 7.888275030199887 -79.9999999999999
v 11.99528997542932 -4.400346142830053 -79.9999999999999
v 9.671851733199496 -4.333505246095069 -79.9999999999999
v -12 -7.896852399196644 -79.9999999999999
v -9.30756324141556 -7.894107331987447 -79.9999999999999
v 11.95563515634719 7.791680515984654 -79.9999999999999
v -9.742206471158743 7.580877702895199 -79.9999999999999
v -5.901026132491983e-14 4.665798465428996 -79.9999999999999
v 2.935198981155456 4.373077390645039 -79.9999999999999
v -2.644314973586647 4.569304153641299 -79.9999999999999
v 0.3980048660178734 -7.297340604588653 -79.9999999999999
v 9.328479879072749 4.767653642571728 -79.9999999999999
v -14.28277110496533 7.720340151357389 -79.9999999999999
v 14.46149534023188 -4.958074680107429 -79.9999999999999
v 14.26387349766992 8.167363321286995 -79.9999999999999
v -14.13256205384117 -8.254254328013904 -79.9999999999999
v 11.99999999999999 -7.896852399196645 -79.9999999999999
v 6.906194242154058 4.704885597538085 -79.9999999999999
v -2.793366092488597 -4.789298506147622 -79.9999999999999
v -5.136280988049667 -4.694344096509584 -79.9999999999999
v 2.63962999523411 -4.772364667816248 -79.9999999999999
v 5.47578523671498 -4.733211931055743 -79.9999999999999
v 7.032956112472843 12.70243783965321 -79.9999999999999
v 5.590126584291267 9.788800834014115 -79.9999999999999
v -6.108212244897961 -12.54290898731518 -79.9999999999999
v 6.10859241660116 -12.54336063269907 -79.9999999999999
v 6.734499999999995 -9.667100767285481 -79.9999999999999
v -6.048837244897957 12.21772587689314 -79.9999999999999
v -11.9974221295949 4.409125702478548 -79.9999999999999
v -14.22012012224195 4.595690818076267 -79.9999999999999
v 13.9825745366956 -7.492417564840062 -79.9999999999999
v -6.340275642349039 9.392951946683878 -79.9999999999999
v -5.341899899673952 7.349709330287139 -79.9999999999999
v -6.734499999999998 -9.66710076728549 -79.9999999999999
v 6.583331207191034 -2.054405542127648 -79.9999999999999
v 5.301101714511348 2.560385573000395 -79.9999999999999
v -16.04069999999999 -2.332899232714525 -79.9999999999999
v 15.95213032520059 1.961013444609722 -79.9999999999999
v -12.02469520034611 -4.486899194128705 -79.9999999999999
v -8.326550000000006 -2.262221937261216 -79.9999999999999
v -4.999947222222257 0.07082180254613632 -79.9999999999999
v 9.693364282997177 -7.790516791957712 -79.9999999999999
v 9.585756723855992 7.457487598584758 -79.9999999999999
v -9.394717818935584 5.048404686084471 -79.9999999999999
v -6.787135736247085 4.907073383436328 -79.9999999999999
v 12.93651943084493 5.698478448743465 -79.9999999999999
v -9.346307304524371 -4.926942396215908 -79.9999999999999
v 5.538050314395029 -7.291555280228609 -79.9999999999999
v 6.612400000000175 7.334638918195178 -79.9999999999999
v 3.820179544497845 7.531382712311039 -79.9999999999999
v 2.862608263310483 -7.400190650861964 -79.9999999999999
v -3.732271272236194 2.521201605398845 -79.9999999999999
v -2.653498058666635 7.199964489642376 -79.9999999999999
v -0.09852214108621112 7.503151125109611 -79.9999999999999
v -4.069437859465478 -6.928387147961037 -79.9999999999999
v -0.2169576729565269 -4.807892057909045 -79.9999999999999
v -6.718436502475948 -6.989408952397397 -79.9999999999999
v 15.05885034367472 -8.965660874788657 -79.9999999999999
v 6.767927294308439 0.4915682414897038 -79.9999999999999
v 15.72002025151848 5.213099830771041 -79.9999999999999
v -15.79973209304209 2.282696170746052 -79.9999999999999
v -16.32462627918763 4.919745428035942 -79.9999999999999
v 15.84800713664009 -2.355172943152286 -79.9999999999999
v 16.78827608516709 -4.865786733015493 -79.9999999999999
v -14.29300090960086 -5.614712903314079 -79.9999999999999
v 12.69999032598908 -6.210003519099597 -79.9999999999999
v 15.52234087629161 -7.256387970550328 -79.9999999999999
v 7.779041345808304 -7.992835975020919 -79.9999999999999
v 7.63860238659905 -4.053768987227143 -79.9999999999999
v -7.53044096684725 7.65229788067415 -79.9999999999999
v 10.71442783161695 -6.09741780801841 -79.9999999999999
v 8.770617065397918 -2.554915801632877 -79.9999999999999
v -4.708665437608142 5.325677100046447 -79.9999999999999
v -11.15873106100598 6.254760538933848 -79.9999999999999
v -2.066713221598042 -7.69625025488659 -79.9999999999999
v 1.778592155680649 6.688522639229681 -79.9999999999999
v 4.990296698293207 5.32113009528026 -79.9999999999999
v 11.00494169468926 5.985958788884146 -79.9999999999999
v 8.833241125761093 -9.423510860309918 -79.9999999999999
v 4.739452461634516 -0.05626383172957529 -79.9999999999999
v 3.326074037429632 1.92030974085461 -79.9999999999999
v -6.000000000000021 2.828507343444762 -79.9999999999999
v -7.105514959010005 -4.325976077563681 -79.9999999999999
v 11.21831728332547 4.214493738536124 -79.9999999999999
v -6.138912750435887 -2.198538844039401 -79.9999999999999
v 4.653100000000022 11.57593622727971 -79.9999999999999
v 3.530929446969924 10.10650708869994 -79.9999999999999
v -8.477665673916068 9.918032476603923 -79.9999999999999
v -9.000340810353888 -9.807077216639604 -79.9999999999999
v -7.238320252102101 0.2766445350802124 -79.9999999999999
v -11.04690618743298 -6.28132543231284 -79.9999999999999
v -12.69943287024422 -6.506808851393235 -79.9999999999999
v 8.073017590190139 -6.0418302885148 -79.9999999999999
v 8.108207711270744 6.066166439222438 -79.9999999999999
v -12.71636740518898 6.173638448209188 -79.9999999999999
v 4.080204421184526 -6.022304206096425 -79.9999999999999
v -1.868011285157276 -10.05910013691457 -82.46246180827632
v 1.885621479560965 -10.07620425309278 -82.61018375734422
v 0.01046887382988077 -9.306220342589111 -82.53274897267298
v -13.90480424716032 -10.09519575283968 -81.20410402713837
v -11.46368291801017 -9.360128331231627 -82.67264359637693
v -9.909941072247378 -10.30052592884694 -82.5326474431034
v -14.20089513189934 -10.44673921752276 -82.84311798508865
v -12.57870707281 -9.369095865699459 -81.2692815182274
v -13.12534052728144 -9.552518204836261 -82.55491136524493
v -13.88492165517672 1.924481435048372 -82.53676530925023
v -10.13198871484283 1.940899863085533 -82.46246180827626
v -12.00606706858943 2.693793167761536 -82.51259612488215
v -1.884921655176771 1.924481435048327 -82.53676530925023
v 1.868011285157127 1.940899863085491 -82.46246180827626
v -0.006067068589474207 2.693793167761492 -82.51259612488215
v 10.13198871484272 1.940899863085435 -82.46246180827632
v 13.88562147956097 1.92379574690722 -82.6101837573442
v 12.01046887382988 2.69377965741089 -82.53274897267298
v 13.90480424716032 -10.09519575283968 -81.20410402713837
v 11.48211415337116 -9.356450740034994 -82.68720329343613
v 9.911726139892584 -10.29833295701184 -82.53534155968984
v 14.20660670321493 -10.45486398743445 -82.85112866587329
v 12.53290451034265 -9.3594373283604 -81.33626437298877
v 13.13500341396549 -9.556984304126008 -82.57380175092631
v -13.90480424716032 13.90480424716032 -81.20410402713837
v -11.36149742144466 14.61703513487652 -81.34726920585797
v -9.697544092775146 13.39830441438385 -82.69223464187681
v -14.05812230314338 13.73801352851575 -83.07673209731945
v -12.5878957754487 14.62886610484627 -82.9583308144079
v -12.69720674369717 14.60201099085749 -81.20410402713836
v -10.87072449795854 14.44566867757859 -82.69268590858672
v -10.13868723587322 13.94732463500535 -81.26298993621266
v -1.884921655176723 13.92448143504837 -82.46323469074957
v 1.868011285157174 13.94089986308553 -82.53753819172354
v -0.00606706858942804 14.69379316776154 -82.48740387511765
v 12.33958903382587 14.67230943719126 -80.64221649536336
v 13.3219879285523 14.34710595345816 -81.16330961427542
v 11.99903856032329 14.69379982842637 -81.8424382099543
v 9.762739284776575 13.50040758866232 -81.81306770886989
v 11.59546383366692 14.66325157094194 -80.70078414232057
v 14.00972892848391 13.79375251191809 -83.17288744620983
v 10.84100543185099 14.43172573103907 -81.88355854366009
v 11.63707842113281 14.66924078486538 -83.4370959881131
v 12.92196422020383 14.53111446139056 -83.02893393140297
v 14.30434975471385 13.39518122405238 -81.48187613309098
v 10.3761596176963 14.14934893695661 -83.51096155657908
v 21.68112397589924 0.9100886781541736 -74.14312276381284
v 22.73121911539628 0.9783172101387076 -75.77807161389312
v 23.3576059892425 1.164509078949629 -74.54566685676262
v 21.09653337321669 1.17972993006231 -75.41320369324956
v -21.68112397589916 0.9100886781541762 -75.85687723618695
v -22.73122186073352 0.9783132180549585 -74.22192336664112
v -23.35760749739811 1.164511062250903 -75.45432805977087
v -21.09653418346716 1.179729520933644 -74.5867951386567
v -22.08339951575135 -0.3155731706191914 -76.46642885063855
v -22.82393207634717 1.11217805218588 -76.00650880782825
v -22.82393207634717 -1.427751222805074 -75.4599200428102
v -23.30711141771579 -0.3155731706191898 -76.46642885063855
v -21.61474867335309 0.7420815631850215 -76.30357775126022
v -21.61188593639233 -1.214551769508245 -75.88026359642112
v -20.23780451943357 -1.118801361624478 -75.36039833965154
v -20.23780451943357 0.8715147984322922 -75.78871123112951
v -20.23780451943357 -0.2472865631921864 -76.14910957078115
v -20.23780451943357 -0.8715147984322881 -74.21128876887032
v -20.23780451943357 0.2472865631921874 -73.85089042921868
v -20.23780451943357 1.118801361624477 -74.63960166034828
v -19.34897912823527 0.2627815129579294 -74.95510441226843
v -19.388804551178 0.06191401893593129 -75.34855018679697
v -19.38103432422839 0.01519976791216646 -74.66124656209139
v -22.08339951575135 0.3155731706191915 -73.53357114936128
v -22.82393207634717 -1.11217805218588 -73.99349119217158
v -22.82393207634717 1.427751222805073 -74.54007995718963
v -23.30711141771578 0.3155731706191903 -73.53357114936128
v -21.61188593639233 1.214551769508245 -74.11973640357871
v -21.61474867335309 -0.742081563185008 -73.69642224873959
v -23.90592201166181 0.1577865853095959 -74.2667855746806
v -23.90592201166181 -0.556089026092941 -74.49674559608574
v -23.90592201166181 -0.7138756114025362 -75.22996002140506
v -23.90592201166181 -0.1577865853095959 -75.73321442531923
v -23.90592201166181 0.556089026092941 -75.50325440391408
v -23.90592201166181 0.7138756114025362 -74.77003997859477
v 22.08339951575135 0.3155731706190371 -76.46642885063855
v 22.82393207634717 -1.112178052186039 -76.00650880782825
v 22.82393207634719 1.427751222804915 -75.4599200428102
v 23.30711141771579 0.3155731706190279 -76.46642885063855
v 21.61474867335308 -0.742081563185173 -76.30357775126022
v 21.61188593639234 1.214551769508094 -75.88026359642112
v 20.23780451943356 -0.8715147984324297 -75.78871123112951
v 20.23780451943357 0.2472865631920469 -76.14910957078115
v 20.23623882260233 1.117940945923064 -75.36012117482069
v 20.23780451943357 -1.118801361624618 -74.63960166034828
v 20.23780451943357 -0.2472865631923299 -73.85089042921868
v 20.23780451943358 0.8715147984321509 -74.21128876887032
v 19.34897912823527 -0.2627815129580638 -74.95510441226843
v 19.388804551178 -0.06191401893606591 -75.34855018679697
v 19.38103432422839 -0.01519976791230133 -74.66124656209139
v 22.91010048424866 -0.3155731706193497 -73.53357114936128
v 22.16956792365284 1.112178052185726 -73.99349119217158
v 22.16956792365282 -1.427751222805228 -74.54007995718963
v 21.68638858228422 -0.3155731706193411 -73.53357114936128
v 23.38161406360768 0.7449441402200101 -73.69805598125271
v 23.37875132664692 -1.212614622718506 -74.11706977808561
v 23.90592201166181 -0.1577865853097623 -74.2667855746806
v 23.90592201166182 0.5560890260927746 -74.49674559608574
v 23.90592201166181 0.7138756114023698 -75.22996002140506
v 23.90592201166181 0.1577865853094295 -75.73321442531923
v 23.90592201166181 -0.5560890260931074 -75.50325440391408
v 23.90592201166181 -0.7138756114027025 -74.77003997859477
v -13.1569847596322 -12.27836355001867 -5.594006904875316
v -12.43204784787321 -13.10879874510577 -6.307481964331237
v -12.89144654886653 -11.21169609254162 -6.30647463563192
v -13.15660687316537 -12.27992952853673 -6.63691101839137
v -12.66017837035869 -12.99008308707431 -5.225489572517566
v -13.0395035353382 -11.42074841388255 -5.224203821512614
v -10.32898809432372 -13.09896278876393 -5.994352577580694
v -10.0629972066671 -11.50198375667028 -5.982129751521825
v -11.02528129058967 -10.25359700025298 -6.005326218874398
v -10.54268288740753 -11.6447158414101 -1.450778857776069
v -11.21453706978358 -10.72209234087287 -1.450357356148307
v -10.71642751752578 -12.77617116812899 -1.45230150191387
v -12.7288710541448 -12.17676817142789 -1.600698299810494
v -12.7288710541448 -12.17676817142789 -3.853330263845886
v -11.27112894585537 -11.82323182857205 -1.600698299810494
v -11.27112894585537 -11.82323182857205 -3.853330263845885
v -13.45774210828951 -12.35353634285581 -1.458451436642017
v -12.78585823488303 -13.27766460178976 -1.456192866278673
v -13.28384985549143 -11.22428771535131 -1.456192866278673
v -9.570429819517695 -11.41077276190691 -3.749569377990181
v -11.29550066654923 -9.601316884378548 -3.749569377990182
v -13.72507084703161 -10.19054412247162 -3.74956937799018
v -14.42957018048247 -12.58922723809304 -3.749569377990181
v -12.70449933345093 -14.3986831156214 -3.749569377990181
v -10.27492915296855 -13.80945587752833 -3.749569377990181
v -13.66983706176413 -10.89925289591148 -6.014312773046288
v -13.93703892988776 -12.49787567132724 -6.017585451083001
v -12.97474152847279 -13.74639026356384 -5.993937081977156
v -10.84403779078052 -11.71742015136206 -6.405131851105258
v -11.10800985359762 -12.7876887575184 -5.691656791649131
v -11.56871715721423 -10.89090347150547 -5.692664120348498
v -10.84365631593112 -11.71898525961466 -5.362227737589045
v -10.9596086096516 -12.57765539458116 -6.773649183462847
v -11.34134206223397 -11.00890478710784 -6.774934934467936
v -11.4735000482237 -1.067191548307783 -6.405131851105544
v -12.5755432552389 -1.041561309452792 -5.691656791649176
v -10.82377525803916 -0.1805418411315334 -5.692664120348538
v -11.47494520934331 -1.067903304053536 -5.362227737589117
v -10.88966853538184 -0.4280934929181982 -6.774934934468089
v -12.33832928733167 -1.140891446779072 -6.773649183463004
v -11.28726878070688 1.868693182158307 -5.995257077424119
v -12.90605585313642 1.782992650292545 -6.016432542631436
v -13.91619206598127 0.5728943761902494 -5.993687985769025
v -13.41769114495896 0.4900528721525503 -1.455377760745143
v -12.5879306843819 1.379977358641159 -1.451296700341111
v -11.50176323956279 1.414835725640625 -1.450488770623729
v -11.66939893863954 -0.6732034894646197 -1.600698299810495
v -11.66939893863954 -0.6732034894646204 -3.857869620114555
v -12.33060106136046 0.6732034894646188 -2.898440456169868
v -12.33060106136046 0.6732034894646197 -0.6458084921344772
v -10.58233984039567 -0.4901425015958384 -1.446371461137053
v -11.41041816844317 -1.379272730063963 -1.449963578378249
v -12.49873488842306 -1.414660210463855 -1.452094587858775
v -13.10200353786819 2.244011631548731 -3.749569377990182
v -14.49437284824306 0.1676427569201882 -3.749569377990182
v -13.39236931037487 -2.076368874628543 -3.749569377990182
v -10.89799646213181 -2.244011631548732 -3.749569377990181
v -9.505627151756938 -0.1676427569201884 -3.749569377990181
v -10.60763068962513 2.076368874628542 -3.749569377990182
v -12.71050003481293 -1.86954264474786 -6.004786178399673
v -11.09375370743238 -1.782895862692896 -6.019927036857933
v -10.0838468615687 -0.5730245632430387 -6.013497796631113
v -12.52260567318288 1.069103975465933 -5.594006904875273
v -11.42373836301677 1.041164024417576 -6.306474635631897
v -13.176099915707 0.1813532141264228 -6.30748196433125
v -12.52405246191937 1.068395534039823 -6.63691101839136
v -11.65991998408077 1.140370809330183 -5.224203821512541
v -13.10967308622506 0.4297972099813503 -5.225489572517586
v -13.03092038088722 11.40560689079408 -5.594006904875317
v -13.0780855373292 12.50381700467712 -6.306474635631921
v -12.10061589153936 10.81426122507119 -6.307481964331238
v -13.03011479434983 11.40421185773654 -6.636911018391371
v -13.16093227232409 12.26141204845345 -5.224203821512615
v -12.35301610699693 10.86356714751785 -5.225489572517567
v -10.08630266567769 11.41882660710652 -5.994352577580694
v -10.28315219354913 13.02588186916654 -5.979211719122432
v -11.55916411489277 13.95081104220829 -5.985640959349251
v -11.60781141302818 13.44782185100553 -1.45926729484331
v -10.66338954886009 12.68078814759321 -1.452084064682383
v -10.55444429645384 11.59953938028202 -1.450688581710818
v -12.64905576272574 11.62419870027821 -1.600698299810495
v -12.64905576272575 11.62419870027822 -3.840431229072836
v -11.35094423727442 12.37580129972185 -1.600698299810495
v -11.35094423727442 12.37580129972185 -3.851514521338418
v -13.45086476911183 12.38077739133299 -1.45026099523522
v -12.39218858697198 10.55217814899454 -1.446371461137053
v -13.29811557667727 11.24840439757274 -1.449445739176875
v -9.836480790914539 13.25267099907276 -3.749569377990182
v -12.00308530323833 14.4999980961801 -3.749569377990181
v -14.16660451232387 13.24732709710737 -3.74956937799018
v -14.16351920908562 10.74732900092731 -3.749569377990182
v -11.99691469676184 9.500001903819973 -3.749569377990182
v -9.833395487676293 10.7526729028927 -3.749569377990182
v -13.91300221870632 12.58345737738507 -6.003881678556244
v -13.71690831053519 10.97421939323488 -5.979787904798753
v -12.44086026793213 10.04919446787776 -5.985765562691379
v -10.97125351598003 12.5981477005025 -6.405131851105258
v -11.90020211158948 13.18580790243145 -5.692664120348499
v -10.92156716218529 11.49692683005084 -5.69165679164913
v -10.97044473400702 12.59675451759161 -5.362227737589046
v -10.83866786003698 11.74037014676908 -6.773649183462847
v -11.64872859255203 13.13697334986777 -6.774934934467937
v -0.968512911053356 11.30856472383666 -6.405131851105544
v 0.01116840409549747 10.81005241008274 -5.692664120348537
v -1.120630196353621 12.40035979196299 -5.691656791649176
v -0.9694480334877177 11.30987645282391 -5.362227737589116
v -1.180476682326725 12.15024913471661 -6.773649183463003
v -0.2437622428113426 10.83523394238175 -6.774934934468088
v 1.62964417099224 13.15942221642973 -6.002403761601921
v 1.959110447344589 11.59764908959349 -5.99065592458904
v 0.2628540700623537 13.98265169352858 -6.009708455886186
v 0.255432949174852 13.47809133969315 -1.45026099523522
v 1.267329502337669 12.80241880119075 -1.454342055639251
v 1.476590653535361 11.7360302254201 -1.455149985356633
v -0.6112006672614156 11.56533490554305 -1.600698299810494
v -0.611200667261416 11.56533490554305 -3.853330263845886
v 0.6112006672612545 12.43466509445701 -2.898440456169867
v 0.6112006672612552 12.43466509445701 -0.6537251294670354
v -0.255432949175011 10.52190866030691 -1.455377760745141
v -1.266364320278233 11.19605882781984 -1.454887885241457
v -1.476498002498979 12.26448752072031 -1.453344357008041
v 2.037335557537704 13.44888364818997 -3.749569377990181
v -0.2361022676915561 14.48882617295606 -3.749569377990181
v -2.273437825229341 13.03994252476611 -3.74956937799018
v -2.037335557537865 10.55111635181008 -3.749569377990181
v 0.2361022676913962 9.511173827044001 -3.749569377990181
v 2.27343782522918 10.96005747523395 -3.749569377990181
v -1.959109395330751 12.40235603279573 -5.984825982934076
v -1.613890586626224 10.81874762459521 -5.981553304897364
v -0.256937847938406 10.01657292992742 -6.005201674003208
v 0.9710273171713115 12.68789966514527 -5.594006904875272
v 1.120353742416485 11.59886723911756 -6.306474635631897
v -0.01034751880893389 13.18995501127336 -6.307481964331249
v 0.9700952038039637 12.6892135340781 -6.636911018391359
v 1.180244677996781 11.84793915671654 -5.22420382151254
v 0.2455497273629105 13.1643905407517 -5.225489572517585
v -0.9294358876564572 -0.7431345307118895 -6.405131851105544
v 0.07593102982574267 -1.187575041296167 -5.692664120348537
v -1.140763493073595 0.3387604653301285 -5.691656791649176
v -0.9304410322187056 -0.7418756537074905 -5.362227737589116
v -0.1799924338825715 -1.176308940604063 -6.774934934468087
v -1.186905537222428 0.08576272914793631 -6.773649183463003
v 1.978422096745502 -0.2929948926327255 -6.004786178399671
v 1.547099563629784 1.267471080623271 -6.017009004458538
v 0.148555608029371 1.994475176913216 -5.993812537105967
v 1.172141892502134 0.9359932605747531 -1.454859898204292
v 0.1742111225023544 1.489849148335645 -1.455281399832054
v 1.491073823881379 -0.1633978327137873 -1.453337254066492
v -0.586631728959401 -0.4672934993964533 -2.898440456169868
v -0.5866317289594006 -0.4672934993964533 -0.6458084921344767
v 0.586631728959266 0.4672934993964536 -1.600698299810495
v 0.5866317289592652 0.4672934993964541 -3.851514521338418
v -0.1746830055463628 -1.489793894326766 -1.459267294843309
v -1.220725208444574 -0.8716822617606229 -1.455675177602114
v -1.488706613564952 0.1837188578458226 -1.453544168121587
v 1.955439096531043 1.557644997988178 -3.749569377990181
v -0.371240590070036 2.472282432143324 -3.749569377990181
v -2.326679686601146 0.9146374341551435 -3.74956937799018
v -1.955439096531179 -1.557644997988178 -3.749569377990181
v 0.3712405900699012 -2.472282432143323 -3.749569377990181
v 2.326679686601012 -0.9146374341551442 -3.749569377990181
v -1.978422096745586 0.2929948926330766 -6.004786178399671
v -1.547099563629934 -1.267471080623253 -6.017009004458537
v -0.1485556080295125 -1.994475176913215 -5.993812537105966
v 0.929435887656361 0.7431345307118395 -6.405131851105258
v 1.140763493073492 -0.3387604653300163 -5.69165679164913
v -0.07593102982574014 1.187575041296176 -5.692664120348498
v 0.9304410322185797 0.7418756537074784 -5.362227737589045
v 1.186905537222287 -0.08576272914799871 -6.773649183462847
v 0.1799924338823903 1.17630894060407 -6.774934934467936
v -0.9221627854443968 -12.75214080938449 -6.405131851105544
v 0.0874800254527439 -13.18678020085722 -5.692664120348537
v -1.144004937051307 -11.67235277507288 -5.691656791649178
v -0.9231801286517177 -12.7508917698728 -5.362227737589116
v -0.1685409240220344 -13.17800422619351 -6.774934934468089
v -1.18768366607706 -11.92578740447905 -6.773649183463004
v 1.980885174394362 -12.27585127490058 -6.014312773046289
v 1.534789617743738 -10.71765027029837 -6.017585451083002
v 0.1291726402224255 -10.00417575197162 -5.993937081977157
v 0.1601822026468101 -10.50857730272224 -1.446371461137053
v 1.213305202879947 -11.11801899982806 -1.446371461137053
v 1.490481116747293 -12.16871882117739 -1.449238838363774
v -0.5820581958697505 -12.47297807202969 -2.898440456169868
v -0.5820581958697499 -12.47297807202969 -0.6501662741524
v 0.582058195869586 -11.52702192797026 -1.600698299810496
v 0.5820581958695853 -11.52702192797026 -3.840431229072836
v -1.164116391739417 -12.94595614405941 -1.458451436642017
v -0.1601712091833419 -13.49142387795982 -1.456192866278674
v -1.492645911499084 -11.85164844832183 -1.456192866278674
v 1.940193986232144 -10.42340642656759 -3.749569377990182
v -0.3952730929197039 -9.531445932936878 -3.749569377990182
v -2.335467079151929 -11.10803950636927 -3.749569377990181
v -1.940193986232309 -13.57659357343236 -3.749569377990182
v 0.3952730929195387 -14.46855406706307 -3.749569377990182
v 2.335467079151765 -12.89196049363069 -3.749569377990182
v -1.981178703235104 -11.72626482533658 -6.004786178399671
v -1.534635226095017 -13.28253449186698 -6.019927036857933
v -0.1293128175723825 -13.99581517060358 -6.013497796631113
v 0.9248988205508284 -11.25122622124999 -5.594006904875273
v 1.143778638150667 -12.32843633615969 -6.306474635631898
v -0.08666130702433364 -10.81315973363518 -6.307481964331249
v 0.9238843429361429 -11.24997485317002 -6.636911018391359
v 1.187568359931181 -12.07603545548075 -5.224203821512541
v 0.1703488161282338 -10.82225585085565 -5.225489572517586
v 11.04536603960481 -12.71047449050639 -5.594006904875316
v 12.03824089493056 -13.18938540177474 -6.307481964331237
v 10.87055037042109 -11.62524203244726 -6.30647463563192
v 11.04632869794687 -12.71176614673669 -6.63691101839137
v 10.81651490933588 -11.87564952683674 -5.224203821512614
v 11.7818146660894 -13.169826978688 -5.225489572517566
v 13.96800344710628 -12.35631788079952 -6.014312773046289
v 13.58569654841995 -10.78116184161766 -6.020503274956551
v 12.21054091481325 -10.01111274246385 -6.01362241104783
v 12.22071172415023 -10.51632674256672 -1.455377760745142
v 13.24822335750905 -11.1681716224072 -1.458480049388956
v 13.48237080465075 -12.22929630943138 -1.456200125410132
v 11.39915719915986 -12.44887406772796 -1.600698299810495
v 11.39915719915986 -12.44887406772796 -3.853330263845886
v 12.60084280083998 -11.55112593227199 -1.600698299810495
v 12.60084280083998 -11.55112593227199 -3.853330263845886
v 11.77928827584961 -13.48367325743323 -1.45026099523522
v 10.75283057431211 -12.83340771752457 -1.450750870738903
v 10.51770737475246 -11.77019884000073 -1.45229439897232
v 14.00280933613346 -10.50375310757335 -3.749569377990181
v 11.70561684889171 -9.517392789758372 -3.749569377990181
v 9.70280751275817 -11.013639682185 -3.74956937799018
v 9.997190663866379 -13.4962468924266 -3.749569377990181
v 12.29438315110813 -14.48260721024158 -3.749569377990181
v 14.29719248724167 -12.98636031781496 -3.749569377990182
v 10.03199655289356 -11.64368211920043 -5.984825982934074
v 10.41430345157989 -13.2188381583823 -5.978635481023812
v 11.78945908518659 -13.9888872575361 -5.985516344932533
v 12.95463396039539 -11.28952550949405 -5.594006904875272
v 11.96175910506935 -10.81061459822522 -6.307481964331249
v 13.12944962957871 -12.37475796755283 -6.306474635631897
v 12.95367130205307 -11.28823385326339 -6.636911018391359
v 13.18348509066395 -12.12435047316333 -5.22420382151254
v 12.2181853339106 -10.83017302131198 -5.225489572517585
v 10.98536080541331 -0.6217775364297243 -6.405131851105544
v 11.927650641426 -1.187798623636969 -5.692664120348537
v 10.91022197429931 0.4779998480126533 -5.691656791649176
v 10.98452002232912 -0.6204034291891706 -5.362227737589116
v 11.67511507080757 -1.144792462756295 -6.774934934468089
v 10.83297447474294 0.2327045839657626 -6.773649183463004
v 13.92662522632364 -0.5367636698706749 -6.004786178399671
v 13.69266514049423 1.065309683686119 -6.019927036857932
v 12.39560543546776 1.960483700373049 -6.013497796631112
v 12.3585107011162 1.456526716948643 -1.45026099523522
v 13.32055190583522 0.7114370414835007 -1.447158706591405
v 13.4544270658434 -0.3669358392715374 -1.44943863057023
v 11.35980822317085 -0.3907102364674155 -1.600698299810495
v 11.35980822317085 -0.3907102364674154 -3.853330263845886
v 12.64019177682898 0.3907102364674703 -1.600698299810494
v 12.64019177682898 0.3907102364674705 -3.851514521338418
v 10.71961644634179 -0.7814204729348586 -1.470565445520628
v 11.64139721388333 -1.456504047982478 -1.459267294843309
v 10.54069578861768 0.3470320138576189 -1.459267294843309
v 14.13397258943013 1.302367454891502 -3.749569377990181
v 11.93910299371692 2.499258200871994 -3.749569377990181
v 9.805130404286709 1.196890745980517 -3.74956937799018
v 9.8660274105697 -1.302367454891447 -3.749569377990181
v 12.06089700628291 -2.499258200871938 -3.74956937799018
v 14.19486959571313 -1.196890745980463 -3.749569377990182
v 10.07394923329628 0.5388213470904556 -6.014312773046289
v 10.30720662043276 -1.06510589806533 -6.017585451083001
v 11.604532261016 -1.960511481073967 -5.993937081977156
v 13.01463919458655 0.6217775364297257 -6.405131851105258
v 13.08977802570057 -0.4779998480124921 -5.69165679164913
v 12.07234935857398 1.187798623637015 -5.6926641203485
v 13.01547997767073 0.6204034291892099 -5.362227737589045
v 13.16702552525689 -0.232704583965769 -6.773649183462847
v 12.32488492919222 1.144792462756363 -6.774934934467937
v 10.908193523486 11.52665169500436 -6.405131851105545
v 11.7617977874464 10.83408417716606 -5.692664120348538
v 10.98802150904791 12.62609866143486 -5.691656791649177
v 10.90755374274944 11.5281301291464 -5.362227737589117
v 11.51778846915002 10.91207902882822 -6.774934934468089
v 10.87713899520688 12.39405984813881 -6.773649183463004
v 13.83145856827037 11.19640836694954 -5.984825982934074
v 13.82542853445753 12.81719683405405 -5.981553304897365
v 12.66648706166085 13.88568157350033 -6.005201674003208
v 12.55930824998839 13.39182408424876 -1.446371461137053
v 13.39618451015782 11.45166724190952 -1.450260995235221
v 13.37731521930536 12.59414037623245 -1.449445739176875
v 11.31134399160769 11.70292609992584 -2.898440456169868
v 11.31134399160769 11.70292609992584 -0.6458084921344769
v 12.68865600839214 12.29707390007422 -1.600698299810495
v 12.68865600839214 12.29707390007422 -3.853330263845887
v 10.62340145336195 11.40420100588016 -1.45077885777607
v 11.44113262159066 10.60799883141217 -1.450357356148308
v 10.60398093851359 12.54875384278096 -1.45230150191387
v 14.295520027974 12.99024633358065 -3.749569377990182
v 12.29018153310174 14.48310182591186 -3.749569377990182
v 9.994661505127654 13.49285549233123 -3.749569377990181
v 9.704479972025837 11.0097536664194 -3.749569377990182
v 11.7098184668981 9.516898174088192 -3.749569377990182
v 14.00533849487218 10.50714450766882 -3.749569377990182
v 10.16854143172946 12.80359163305051 -5.984825982934076
v 10.1745714655423 11.182803165946 -5.981553304897365
v 11.33351293833899 10.11431842649972 -6.005201674003208
v 13.09180647651386 12.47334830499564 -6.405131851105258
v 13.01197849095199 11.37390133856529 -5.691656791649131
v 12.23820221255357 13.16591582283397 -5.6926641203485
v 13.0924462572504 12.47186987085364 -5.362227737589047
v 13.12286100479294 11.60594015186119 -6.773649183462847
v 12.48221153084977 13.08792097117185 -6.774934934467938
f 3 1 1159
f 3 1159 2
f 3 2 1160
f 1160 2 4
f 1162 5 2
f 2 5 1163
f 1 1163 6
f 6 1162 1
f 1 1162 1159
f 1163 1 1161
f 2 1159 1162
f 1163 1161 2
f 7 3 1160
f 1165 4 8
f 1160 4 1164
f 1164 4 1165
f 1160 1164 7
f 1163 2870 6
f 6 2870 10
f 5 2870 1163
f 10 2870 1166
f 9 2870 5
f 1166 2870 9
f 11 7 1164
f 1172 7 11
f 1168 7 1172
f 12 8 1167
f 1170 8 12
f 1165 8 1170
f 11 1164 1169
f 12 1167 1171
f 1169 1164 1165
f 1169 1165 1170
f 1171 1167 1168
f 1171 1168 1172
f 12 1171 9
f 1171 1166 9
f 1166 11 10
f 11 1166 1172
f 1171 1172 1166
f 1161 1 3
f 2 1161 3
f 2 3 1173
f 4 2 1173
f 1173 3 7
f 4 1167 8
f 4 1168 1167
f 1173 1168 4
f 1173 7 1168
f 6 2871 1162
f 10 2871 6
f 1162 2871 5
f 1174 2871 10
f 5 2871 9
f 9 2871 1174
f 1170 12 9
f 1170 9 1174
f 10 11 1174
f 1169 1174 11
f 1170 1174 1169
f 2875 2874 2876
f 16 1178 2878
f 1176 1177 2874
f 1178 16 15
f 1178 13 2877
f 1180 2875 2876
f 1180 16 2875
f 2872 2874 2875
f 2874 1177 2876
f 2875 16 2878
f 1179 1180 2876
f 17 1179 2879
f 1175 1176 2872
f 14 1181 2873
f 2872 2875 2878
f 13 1175 2877
f 1177 14 2873
f 1175 2872 2877
f 2876 2873 2879
f 2872 1176 2874
f 1177 2873 2876
f 1179 2876 2879
f 2873 1181 2879
f 1181 17 2879
f 1178 2877 2878
f 2877 2872 2878
f 18 2880 1184
f 17 2881 1179
f 16 1180 1182
f 2882 2884 1180
f 1180 2884 1182
f 1179 2882 1180
f 2881 2883 1185
f 2881 2882 1179
f 2880 2884 2882
f 18 2884 2880
f 17 2883 2881
f 1184 2881 1185
f 1182 2884 18
f 1183 2883 19
f 2880 2882 1184
f 1184 2882 2881
f 19 2883 17
f 20 2883 1183
f 1185 2883 20
f 13 1190 1175
f 1185 1186 14
f 20 1187 1186
f 1176 1175 18
f 14 1184 1185
f 1176 18 1177
f 1177 18 1184
f 1175 1190 18
f 1187 20 1188
f 1188 20 1189
f 1188 1189 13
f 1189 1190 13
f 1177 1184 14
f 1185 20 1186
f 20 2885 1189
f 15 2886 1191
f 1183 19 1192
f 2887 2889 1192
f 1192 2889 1183
f 1191 2887 1192
f 2886 2888 1190
f 2886 2887 1191
f 2885 2889 2887
f 20 2889 2885
f 15 2888 2886
f 1189 2886 1190
f 1183 2889 20
f 1182 2888 16
f 2885 2887 1189
f 1189 2887 2886
f 16 2888 15
f 18 2888 1182
f 1190 2888 18
f 2893 2892 2894
f 19 1181 2896
f 1187 1188 2892
f 17 1181 19
f 1181 14 2895
f 1192 2893 2894
f 1192 19 2893
f 2890 2892 2893
f 2892 1188 2894
f 2893 19 2896
f 1191 1192 2894
f 15 1191 2897
f 1186 1187 2890
f 13 1178 2891
f 2890 2893 2896
f 14 1186 2895
f 1188 13 2891
f 1186 2890 2895
f 2894 2891 2897
f 2890 1187 2892
f 1188 2891 2894
f 1191 2894 2897
f 2891 1178 2897
f 1178 15 2897
f 1181 2895 2896
f 2895 2890 2896
f 23 21 1193
f 23 1193 22
f 23 22 1194
f 1194 22 24
f 22 1196 25
f 22 25 1197
f 21 1197 26
f 26 1196 21
f 21 1196 1193
f 1197 21 1195
f 22 1193 1196
f 1197 1195 22
f 27 23 1194
f 1199 24 28
f 1194 24 1198
f 1198 24 1199
f 1194 1198 27
f 1197 2898 26
f 26 2898 30
f 25 2898 1197
f 30 2898 1200
f 29 2898 25
f 1200 2898 29
f 31 27 1198
f 1206 27 31
f 1202 27 1206
f 28 1201 32
f 1204 28 32
f 1199 28 1204
f 31 1198 1203
f 32 1201 1205
f 1203 1198 1199
f 1203 1199 1204
f 1205 1201 1202
f 1205 1202 1206
f 32 1205 29
f 1205 1200 29
f 1200 31 30
f 31 1200 1206
f 1205 1206 1200
f 1195 21 23
f 22 1195 23
f 22 23 1207
f 24 22 1207
f 1207 23 27
f 28 24 1201
f 24 1202 1201
f 1207 1202 24
f 1207 27 1202
f 26 2899 1196
f 30 2899 26
f 1196 2899 25
f 1208 2899 30
f 25 2899 29
f 29 2899 1208
f 1204 32 29
f 1204 29 1208
f 31 1208 30
f 1203 1208 31
f 1204 1208 1203
f 33 36 2912
f 35 34 2903
f 2912 36 2917
f 33 2912 2920
f 1212 1211 2902
f 1215 2904 2907
f 1215 1216 2904
f 1216 35 2903
f 34 1212 2903
f 1211 1210 2914
f 1212 2902 2918
f 36 1213 2917
f 2903 1212 2918
f 1215 2907 2915
f 1216 2903 2918
f 2911 2908 2913
f 2910 2906 2911
f 2909 2905 2910
f 1210 1209 2901
f 1213 1214 2900
f 2905 1211 2914
f 2906 2905 2914
f 2907 2908 2916
f 2908 2907 2913
f 2905 2906 2910
f 2904 1216 2918
f 2902 2909 2918
f 2912 2906 2919
f 2909 2904 2918
f 2907 2909 2913
f 2912 2919 2920
f 2902 2905 2909
f 2910 2911 2913
f 2911 2906 2912
f 2900 1214 2915
f 2907 2904 2909
f 2901 1209 2920
f 1209 33 2920
f 2914 2901 2919
f 2909 2910 2913
f 2906 2914 2919
f 2900 2915 2916
f 2900 2916 2917
f 2915 2907 2916
f 2916 2908 2917
f 1214 1215 2915
f 2919 2901 2920
f 2902 1211 2905
f 1210 2901 2914
f 1213 2900 2917
f 2908 2911 2917
f 2911 2912 2917
f 37 40 2931
f 2931 40 2934
f 2925 2924 2932
f 1224 39 2925
f 1220 1219 2926
f 1219 2921 2926
f 2930 1217 2931
f 38 1220 2924
f 2924 1220 2926
f 2923 2927 2929
f 2926 2921 2927
f 2927 2921 2928
f 2927 2923 2932
f 1217 37 2931
f 2922 1222 2929
f 1221 1222 2922
f 1223 1224 2923
f 1219 1218 2921
f 1222 1223 2929
f 1223 2923 2929
f 2928 2921 2930
f 2921 1218 2930
f 2926 2927 2932
f 1218 1217 2930
f 2929 2927 2933
f 2927 2928 2933
f 2924 2926 2932
f 2923 1224 2925
f 2922 2929 2933
f 2928 2930 2931
f 2923 2925 2932
f 2933 2928 2934
f 2922 2933 2934
f 2928 2931 2934
f 39 38 2924
f 39 2924 2925
f 40 1221 2922
f 40 2922 2934
f 43 42 2956
f 2937 43 2956
f 1232 43 2955
f 42 1228 2954
f 1229 1230 2940
f 2951 2948 2952
f 1225 41 2949
f 2939 2951 2953
f 44 1229 2938
f 1226 1225 2941
f 1228 2943 2954
f 1228 2936 2943
f 2947 2951 2952
f 2943 2946 2954
f 2946 2947 2956
f 2950 2939 2953
f 42 2954 2956
f 2947 2945 2951
f 2939 2938 2958
f 2940 2948 2958
f 2941 1225 2944
f 43 2937 2955
f 2947 2937 2956
f 1227 1226 2936
f 1230 1231 2935
f 2938 2939 2950
f 2947 2952 2955
f 2944 2950 2953
f 2946 2945 2947
f 2939 2948 2951
f 2948 2939 2958
f 2944 1225 2949
f 2937 2947 2955
f 2936 2941 2942
f 2945 2942 2953
f 2944 2949 2950
f 1230 2935 2940
f 2948 2935 2952
f 2936 1226 2941
f 2936 2942 2943
f 2943 2942 2945
f 2951 2945 2953
f 1229 2940 2958
f 2940 2935 2948
f 2942 2944 2953
f 2942 2941 2944
f 2943 2945 2946
f 2935 1231 2957
f 2954 2946 2956
f 2952 2935 2957
f 2955 2952 2957
f 1232 2955 2957
f 1231 1232 2957
f 41 44 2938
f 41 2938 2949
f 1228 1227 2936
f 2938 1229 2958
f 2949 2938 2950
f 45 48 2963
f 47 46 2967
f 1235 1234 2968
f 1240 47 2967
f 2966 2959 2968
f 2962 2965 2968
f 48 1237 2969
f 1233 45 2970
f 2959 1235 2968
f 2959 2966 2967
f 1234 2962 2968
f 2965 2962 2971
f 2963 48 2969
f 45 2963 2970
f 2960 2965 2971
f 2969 2960 2971
f 2965 2966 2968
f 2960 1238 2964
f 2965 2964 2966
f 2960 2964 2965
f 1238 1239 2964
f 1237 1238 2960
f 1236 1235 2959
f 1239 1240 2961
f 1234 1233 2962
f 2964 2961 2966
f 1239 2961 2964
f 2963 2969 2971
f 1237 2960 2969
f 2962 1233 2970
f 2966 2961 2967
f 2962 2970 2971
f 2970 2963 2971
f 46 1236 2959
f 46 2959 2967
f 2961 1240 2967
f 51 50 2984
f 49 52 2976
f 2973 51 2983
f 50 2972 2984
f 1246 1247 2977
f 1242 1241 2987
f 1245 1246 2974
f 1243 1242 2978
f 2983 2981 2988
f 1245 2974 2976
f 2985 2983 2988
f 1241 49 2976
f 52 1245 2976
f 2974 2975 2982
f 2976 2974 2986
f 2977 2985 2989
f 2981 2983 2984
f 2982 2975 2988
f 1241 2976 2986
f 2975 2974 2989
f 2978 1242 2980
f 1247 1248 2973
f 1244 1243 2972
f 2975 2985 2988
f 2985 2975 2989
f 2981 2982 2988
f 2974 2982 2986
f 2979 2980 2981
f 2977 2973 2985
f 2972 2978 2979
f 2980 1242 2987
f 1247 2973 2977
f 2979 2981 2984
f 1241 2986 2987
f 1248 51 2973
f 50 1244 2972
f 2972 1243 2978
f 1246 2977 2989
f 2986 2982 2987
f 2979 2978 2980
f 2981 2980 2982
f 2982 2980 2987
f 2983 51 2984
f 2974 1246 2989
f 2972 2979 2984
f 2973 2983 2985
f 55 54 2995
f 53 56 2992
f 54 1251 2995
f 2992 1252 2997
f 1252 1253 2996
f 56 1252 2992
f 1250 1249 2993
f 2993 1249 2997
f 1252 2996 2997
f 1249 2992 2997
f 2994 2991 2995
f 2991 2994 2996
f 1253 1254 2991
f 1249 53 2992
f 1251 1250 2990
f 2994 2993 2997
f 2996 2994 2997
f 2990 2993 2994
f 2990 2994 2995
f 1253 2991 2996
f 2990 1250 2993
f 1254 55 2991
f 2991 55 2995
f 1251 2990 2995
f 59 58 2999
f 57 60 3000
f 1256 1255 2998
f 1256 2998 2999
f 2998 1255 3000
f 58 1256 2999
f 1258 59 2999
f 60 1257 3000
f 1255 57 3000
f 2998 1258 2999
f 1257 2998 3000
f 1257 1258 2998
f 63 62 3001
f 61 64 3002
f 64 1261 3002
f 1260 1259 3003
f 3002 1261 3003
f 1259 3002 3003
f 3001 1260 3003
f 1262 63 3001
f 62 1260 3001
f 1262 3001 3003
f 1261 1262 3003
f 1259 61 3002
f 65 68 3009
f 67 66 3006
f 68 1266 3009
f 3006 1265 3011
f 1265 1264 3010
f 66 1265 3006
f 1267 1268 3007
f 3007 1268 3011
f 1265 3010 3011
f 1268 3006 3011
f 3008 3004 3009
f 3004 3008 3010
f 1266 1267 3005
f 1268 67 3006
f 1264 1263 3004
f 3008 3007 3011
f 3010 3008 3011
f 3005 3007 3008
f 3005 3008 3009
f 1264 3004 3010
f 3005 1267 3007
f 1263 65 3004
f 3004 65 3009
f 1266 3005 3009
f 3021 72 3022
f 69 72 3021
f 71 70 3016
f 72 3012 3022
f 3023 3020 3024
f 1274 1275 3017
f 3014 3023 3024
f 1275 1276 3014
f 1271 3020 3023
f 1270 3013 3018
f 1272 1271 3023
f 1271 1270 3018
f 3017 3015 3022
f 70 1272 3016
f 1276 71 3016
f 3018 3013 3019
f 3014 1276 3027
f 1276 3016 3027
f 3016 1272 3027
f 3015 3014 3024
f 3014 3015 3026
f 1270 1269 3013
f 1273 1274 3012
f 3020 3019 3021
f 3023 3014 3027
f 3015 3017 3026
f 3012 3017 3022
f 3022 3015 3025
f 3024 3021 3025
f 3012 1274 3017
f 1272 3023 3027
f 3018 3019 3020
f 1269 69 3013
f 72 1273 3012
f 3017 1275 3026
f 3020 3021 3024
f 3015 3024 3025
f 3013 69 3019
f 3019 69 3021
f 1271 3018 3020
f 1275 3014 3026
f 3021 3022 3025
f 75 74 3032
f 73 76 3035
f 1282 1283 3036
f 1277 73 3035
f 3037 3038 3040
f 3034 3030 3036
f 1284 75 3038
f 74 1280 3039
f 3030 1282 3036
f 3030 3034 3035
f 1283 3029 3036
f 3032 74 3039
f 75 3032 3038
f 3037 3031 3041
f 3036 3029 3037
f 3038 3032 3040
f 3034 3036 3041
f 1283 1284 3029
f 1278 3028 3033
f 1278 1277 3028
f 1280 1279 3031
f 1279 1278 3033
f 3033 3028 3034
f 1281 1282 3030
f 3031 1279 3033
f 3036 3037 3041
f 3031 3033 3041
f 3031 3037 3040
f 1280 3031 3039
f 3029 1284 3038
f 3034 3028 3035
f 3032 3039 3040
f 3033 3034 3041
f 3039 3031 3040
f 76 1281 3030
f 76 3030 3035
f 3028 1277 3035
f 3037 3029 3038
f 79 78 3046
f 1287 1286 3050
f 80 1289 3049
f 3044 3048 3050
f 1292 79 3053
f 78 1288 3052
f 1286 3044 3050
f 3048 3044 3049
f 3043 1287 3050
f 79 3046 3053
f 3046 78 3052
f 3045 3051 3056
f 3043 3050 3051
f 3042 3047 3048
f 3042 1290 3047
f 1291 1292 3045
f 1289 1290 3042
f 1286 1285 3044
f 1288 1287 3043
f 1290 1291 3047
f 1291 3045 3047
f 3050 3048 3056
f 3051 3050 3056
f 3047 3045 3056
f 3051 3045 3054
f 1288 3043 3052
f 3045 1292 3053
f 3042 3048 3049
f 3054 3046 3055
f 3046 3052 3055
f 3053 3046 3054
f 3048 3047 3056
f 3043 3051 3055
f 3045 3053 3054
f 3052 3043 3055
f 3051 3054 3055
f 77 80 3049
f 1285 77 3044
f 3044 77 3049
f 1289 3042 3049
f 84 1295 3057
f 82 1294 3058
f 1296 83 3058
f 1294 1293 3059
f 1295 1296 3059
f 1293 81 3057
f 1293 1295 3059
f 1294 1296 3058
f 81 84 3057
f 1295 1293 3057
f 83 82 3058
f 1296 1294 3059
f 88 3062 87
f 85 3071 86
f 1311 3064 3061
f 1298 3063 3060
f 1304 3068 1305
f 1298 3060 1299
f 1314 3066 1313
f 1301 3065 1302
f 87 3062 1297
f 1307 3071 85
f 1311 3061 1310
f 3070 3071 1307
f 1303 3067 1304
f 1317 3069 1316
f 1306 3070 1307
f 3067 3068 1304
f 3061 3064 1300
f 3060 3063 1309
f 3060 3061 1299
f 1314 3067 3066
f 1310 3061 3060
f 3066 3067 1303
f 3065 3066 1302
f 1313 3066 3065
f 3069 3070 1306
f 3068 3069 1305
f 1316 3069 3068
f 1317 3070 3069
f 1300 3064 1301
f 1297 3063 1298
f 1312 3064 1311
f 1309 3063 1308
f 3062 3063 1297
f 3064 3065 1301
f 1313 3065 1312
f 1302 3066 1303
f 1308 3062 88
f 1299 3061 1300
f 1315 3067 1314
f 1310 3060 1309
f 1305 3069 1306
f 86 3071 1318
f 1316 3068 1315
f 1318 3071 3070
f 1315 3068 3067
f 1318 3070 1317
f 1308 3063 3062
f 1312 3065 3064
f 82 45 1294
f 81 70 1362
f 1325 45 3091
f 1265 70 3090
f 58 1337 3075
f 33 1288 3076
f 1311 1337 58
f 1288 33 1366
f 1323 1324 3072
f 1263 1264 3073
f 1242 88 3082
f 1355 86 3083
f 1321 41 3086
f 1259 66 3087
f 3074 1242 3082
f 3077 1355 3083
f 1321 1322 1294
f 82 1329 45
f 78 1358 1293
f 53 1249 1361
f 1272 70 81
f 1259 1260 1362
f 1333 49 3099
f 1280 74 3097
f 1328 3074 3082
f 1271 3077 3083
f 88 3078 3082
f 86 3079 3083
f 1217 1218 3104
f 1342 1343 3105
f 1323 3072 3088
f 1263 3073 3089
f 1234 1372 3088
f 1351 1317 3089
f 1251 54 3094
f 1360 77 3095
f 1343 1313 3105
f 1218 1368 3104
f 34 37 3092
f 57 62 3093
f 1327 1328 3078
f 1270 1271 3079
f 1279 1280 3084
f 1332 1333 3085
f 54 1309 3094
f 77 1364 3095
f 1278 1279 3103
f 1331 1332 3102
f 1359 3096 3097
f 1250 3098 3099
f 3072 1324 3091
f 3073 1264 3090
f 3084 1280 3096
f 3085 1333 3098
f 1346 1315 3101
f 1225 1370 3100
f 61 1259 3087
f 38 1321 3086
f 1368 3080 3104
f 1313 3081 3105
f 1250 1251 3085
f 1359 1360 3084
f 3072 1234 3088
f 3073 1351 3089
f 73 1277 1363
f 1308 50 1330
f 3080 34 3092
f 3081 57 3093
f 3086 1225 3100
f 3087 1346 3101
f 3078 1328 3082
f 3079 1271 3083
f 3094 1309 3102
f 3095 1364 3103
f 1350 1351 3073
f 1233 1234 3072
f 1359 3084 3096
f 1250 3085 3098
f 37 1217 3092
f 62 1342 3093
f 1279 3084 3103
f 1332 3085 3102
f 3085 1251 3094
f 3084 1360 3095
f 1318 1353 69
f 1335 1310 1334
f 1285 1286 1365
f 1236 46 1373
f 1255 1256 1361
f 1265 66 1362
f 82 49 1241
f 74 1354 81
f 1325 41 1294
f 1319 1320 1293
f 38 3086 3100
f 61 3087 3101
f 3096 1280 3097
f 3098 1333 3099
f 1329 82 1241
f 1256 53 1361
f 41 1321 1294
f 66 1259 1362
f 1320 78 1293
f 1354 1272 81
f 1314 1344 1345
f 1219 1220 1369
f 3085 3094 3102
f 3084 3095 3103
f 3092 1217 3104
f 3093 1342 3105
f 1350 3073 3090
f 1233 3072 3091
f 3080 3092 3104
f 3081 3093 3105
f 41 1225 3086
f 1372 42 3088
f 45 1325 1294
f 46 1326 1373
f 1249 49 82
f 1244 50 88
f 50 1308 88
f 1309 54 1334
f 1317 65 3089
f 66 1346 3087
f 1269 1318 69
f 70 1265 1362
f 86 1357 73
f 73 1363 86
f 1358 74 81
f 77 1285 1364
f 1358 81 1293
f 1249 82 1361
f 86 1318 1269
f 86 1269 3079
f 1373 1326 88
f 88 1326 3078
f 1210 1211 1366
f 1211 1367 1366
f 1218 1219 1368
f 1370 1220 3100
f 1227 1228 1370
f 1228 1371 1370
f 1236 1372 1235
f 1260 1255 1361
f 1260 1361 1362
f 1364 1278 3103
f 1277 1278 1363
f 1286 1287 1365
f 1322 1293 1294
f 1322 1319 1293
f 1312 1311 1340
f 1311 1339 1340
f 1315 1345 3101
f 1316 1315 1349
f 1349 1315 1348
f 1309 1331 3102
f 1331 1308 1330
f 1335 1336 1310
f 1344 1313 1343
f 1353 1317 1352
f 1318 1317 1353
f 1364 1285 1365
f 1310 1309 1334
f 1372 1236 1373
f 1344 1314 1313
f 1219 1369 1368
f 1320 33 3076
f 33 1209 1366
f 1322 37 34
f 1212 34 3080
f 1319 1322 34
f 1220 38 3100
f 42 1371 1228
f 42 1323 3088
f 1372 1371 42
f 45 1233 3091
f 49 1249 3099
f 53 1256 3075
f 1337 53 3075
f 62 57 1260
f 57 1255 1260
f 1341 57 3081
f 1256 58 3075
f 1338 1311 58
f 1345 61 3101
f 65 1316 1349
f 65 1263 3089
f 1317 1316 65
f 70 1350 3090
f 74 1358 3097
f 1288 78 3076
f 78 1320 3076
f 1356 86 1355
f 86 1356 1357
f 1242 1243 88
f 1243 1244 88
f 1212 1367 1211
f 1367 1212 1368
f 1368 1212 3080
f 1369 1220 1370
f 1225 1226 1370
f 1372 1234 1235
f 1241 1242 3074
f 1329 1241 3074
f 1249 1250 3099
f 1264 1265 3090
f 1271 1272 3077
f 1272 1354 3077
f 1278 1364 1363
f 1287 1288 1366
f 1311 1336 1337
f 1339 1311 1338
f 1336 1311 1310
f 1315 1314 1345
f 1347 1315 1346
f 1315 1347 1348
f 1324 1325 3091
f 1328 1329 3074
f 1309 1308 1331
f 1312 1340 1341
f 1313 1312 1341
f 1313 1341 3081
f 1352 1317 1351
f 1354 1355 3077
f 1358 1359 3097
f 1209 1210 1366
f 1287 1366 1365
f 1226 1227 1370
f 1326 1327 3078
f 1269 1270 3079
f 83 1252 1395
f 1296 48 83
f 84 1397 1295
f 1396 71 84
f 1378 3129 48
f 75 3127 1397
f 1268 3126 71
f 52 3128 1252
f 59 3111 1411
f 36 3112 1292
f 59 1411 1300
f 36 1292 1421
f 1376 3107 1377
f 1283 3108 1284
f 1381 3106 1382
f 1266 3109 1267
f 1246 3118 87
f 1392 3119 85
f 1416 3120 44
f 1261 3121 67
f 3110 3118 1246
f 3113 3119 1392
f 1416 1296 1417
f 48 1415 83
f 1295 1397 79
f 1252 56 1395
f 84 71 1276
f 1396 1262 1261
f 1414 3118 3110
f 1275 3119 3113
f 87 3118 3114
f 85 3119 3115
f 1221 3134 1222
f 1404 3135 1405
f 1283 3124 3108
f 1376 3122 3107
f 1381 3123 3106
f 1266 3125 3109
f 1254 3123 1298
f 1238 3122 1427
f 1401 3125 1306
f 1399 3124 1419
f 1405 3135 1302
f 1222 3134 1423
f 35 3130 40
f 60 3131 63
f 1413 3114 1414
f 1274 3115 1275
f 3107 3129 1377
f 3106 3128 1382
f 3108 3127 1284
f 3109 3126 1267
f 1387 3133 1304
f 1229 3132 1425
f 64 3121 1261
f 39 3120 1416
f 1423 3134 3116
f 1302 3135 3117
f 3106 3123 1254
f 3107 3122 1238
f 3109 3125 1401
f 3108 3124 1399
f 1418 1281 76
f 51 1297 1379
f 3116 3130 35
f 3117 3131 60
f 3120 3132 1229
f 3121 3133 1387
f 3115 3119 1275
f 3114 3118 1414
f 1400 3109 1401
f 1253 3106 1254
f 1398 3108 1399
f 1237 3107 1238
f 40 3130 1221
f 63 3131 1404
f 1403 1307 72
f 1408 1299 1409
f 1290 1289 1420
f 1428 47 1240
f 1258 1257 1395
f 67 1268 1396
f 83 1245 52
f 84 1391 75
f 1378 1296 44
f 1295 1375 1374
f 39 3132 3120
f 64 3133 3121
f 83 1415 1245
f 1395 56 1258
f 44 1296 1416
f 1396 1261 67
f 1295 79 1375
f 84 1276 1391
f 1406 1303 1407
f 1224 1223 1424
f 3130 3134 1221
f 3131 3135 1404
f 1400 3126 3109
f 1253 3128 3106
f 1398 3127 3108
f 1237 3129 3107
f 3116 3134 3130
f 3117 3135 3131
f 1427 3122 43
f 44 3120 1229
f 1412 47 1428
f 1378 48 1296
f 1248 87 51
f 51 87 1297
f 83 52 1252
f 1408 55 1298
f 67 3121 1387
f 1306 3125 68
f 1396 1268 71
f 72 1307 1273
f 75 1397 84
f 1394 85 76
f 76 85 1418
f 1419 1289 80
f 1273 1307 85
f 85 3115 1273
f 1428 87 1412
f 87 3114 1412
f 1421 1215 1214
f 1422 1215 1421
f 1423 1223 1222
f 1425 3132 1224
f 1425 1232 1231
f 1426 1232 1425
f 1240 1239 1427
f 1257 1262 1395
f 1419 3124 1282
f 1418 1282 1281
f 1420 1291 1290
f 1417 1296 1295
f 1374 1417 1295
f 1300 1301 1385
f 1384 1300 1385
f 1304 1305 1390
f 1390 1389 1304
f 1407 1303 1304
f 1304 3133 1407
f 1298 3123 1380
f 1379 1297 1380
f 1402 1306 1403
f 1405 1302 1406
f 1409 1299 1410
f 1306 1307 1403
f 1420 1289 1419
f 1298 1299 1408
f 1428 1240 1427
f 1406 1302 1303
f 1223 1423 1424
f 35 40 1417
f 1216 3116 35
f 1374 35 1417
f 1375 3112 36
f 1213 36 1421
f 1224 3132 39
f 43 1232 1426
f 43 3122 1376
f 43 1426 1427
f 48 3129 1237
f 1382 3128 52
f 55 1254 1298
f 56 3111 1258
f 1411 3111 56
f 1258 3111 59
f 59 1300 1383
f 60 63 1262
f 60 1262 1257
f 1386 3117 60
f 1407 3133 64
f 1390 1305 68
f 68 3125 1266
f 68 1305 1306
f 71 3126 1400
f 1284 3127 75
f 1292 3112 79
f 79 3112 1375
f 80 1399 1419
f 1392 85 1393
f 1393 85 1394
f 1247 1246 87
f 1247 87 1248
f 1216 1215 1422
f 1423 1216 1422
f 1423 3116 1216
f 1425 1224 1424
f 1425 1230 1229
f 1239 1238 1427
f 1245 3110 1246
f 1415 3110 1245
f 1252 3128 1253
f 1395 1262 1396
f 1267 3126 1268
f 1275 3113 1276
f 1276 3113 1391
f 1419 1282 1418
f 1282 3124 1283
f 1292 1291 1421
f 1411 1410 1300
f 1383 1300 1384
f 1410 1299 1300
f 1387 1304 1388
f 1304 1389 1388
f 1377 3129 1378
f 1380 1297 1298
f 1380 3123 1381
f 1385 1301 1386
f 1386 1301 1302
f 1302 3117 1386
f 1391 3113 1392
f 1397 3127 1398
f 1401 1306 1402
f 1414 3110 1415
f 1421 1214 1213
f 1421 1291 1420
f 1231 1230 1425
f 1412 3114 1413
f 1273 3115 1274
f 86 3139 85
f 87 3147 88
f 3142 3145 1370
f 1421 3140 1422
f 3137 3140 1421
f 1419 3138 3136
f 1418 3139 3138
f 1419 3136 1420
f 85 3139 1418
f 1420 3137 1421
f 1426 3143 1427
f 3143 3146 1427
f 1369 3141 1368
f 1418 3138 1419
f 3136 3137 1420
f 1371 3142 1370
f 3146 3147 1428
f 1368 3144 1367
f 1428 3147 87
f 1427 3146 1428
f 3141 3144 1368
f 1425 3145 3142
f 3142 3143 1426
f 1367 3144 3140
f 1371 3143 3142
f 3140 3144 1422
f 1370 3145 1369
f 1424 3145 1425
f 1369 3145 3141
f 3138 3139 1363
f 3136 3138 1364
f 1366 3140 3137
f 1366 3137 1365
f 1367 3140 1366
f 1365 3136 1364
f 1364 3138 1363
f 1372 3143 1371
f 1372 3146 3143
f 1373 3146 1372
f 1422 3144 1423
f 1423 3141 1424
f 1363 3139 86
f 1373 3147 3146
f 88 3147 1373
f 1425 3142 1426
f 1365 3137 3136
f 1423 3144 3141
f 3141 3145 1424
f 83 1395 3149
f 1396 84 3148
f 1395 1396 3150
f 81 1362 3148
f 1361 82 3149
f 1362 1361 3150
f 84 81 3148
f 1395 1361 3149
f 1362 1396 3148
f 82 83 3149
f 1396 1362 3150
f 1361 1395 3150
f 80 77 3156
f 78 79 3153
f 77 1360 3156
f 3153 1397 3158
f 1397 1398 3157
f 79 1397 3153
f 1359 1358 3154
f 3154 1358 3158
f 1397 3157 3158
f 1358 3153 3158
f 3155 3151 3156
f 3151 3155 3157
f 1398 1399 3151
f 1358 78 3153
f 1360 1359 3152
f 3155 3154 3158
f 3157 3155 3158
f 3152 3154 3155
f 3152 3155 3156
f 1398 3151 3157
f 3152 1359 3154
f 1399 80 3151
f 3151 80 3156
f 1360 3152 3156
f 76 73 3171
f 74 75 3163
f 3160 76 3170
f 73 3159 3171
f 1392 1393 3164
f 1355 1354 3174
f 1391 1392 3161
f 1356 1355 3165
f 3170 3168 3175
f 1391 3161 3163
f 3172 3170 3175
f 75 1391 3163
f 1354 74 3163
f 3161 3162 3169
f 3163 3161 3173
f 3164 3172 3176
f 3168 3170 3171
f 3169 3162 3175
f 1354 3163 3173
f 3162 3161 3176
f 3165 1355 3167
f 1357 1356 3159
f 1393 1394 3160
f 3162 3172 3175
f 3172 3162 3176
f 3168 3169 3175
f 3161 3169 3173
f 3166 3167 3168
f 3164 3160 3172
f 3159 3165 3166
f 3167 1355 3174
f 1393 3160 3164
f 3166 3168 3171
f 1354 3173 3174
f 1394 76 3160
f 73 1357 3159
f 3159 1356 3165
f 1392 3164 3176
f 3173 3169 3174
f 3166 3165 3167
f 3168 3167 3169
f 3169 3167 3174
f 3170 76 3171
f 3161 1392 3176
f 3159 3166 3171
f 3160 3170 3172
f 72 69 3187
f 70 71 3180
f 72 3187 3190
f 3180 3181 3188
f 71 1400 3181
f 1351 1350 3182
f 3177 1351 3182
f 1353 3186 3187
f 1350 70 3180
f 1350 3180 3182
f 3183 3179 3185
f 3177 3182 3183
f 3177 3183 3184
f 3179 3183 3188
f 69 1353 3187
f 3179 1401 3185
f 1401 1402 3185
f 1400 1401 3179
f 1402 1403 3178
f 1352 1351 3177
f 1402 3178 3185
f 3177 3184 3186
f 1352 3177 3186
f 3183 3182 3188
f 1353 1352 3186
f 3183 3185 3189
f 3184 3183 3189
f 3182 3180 3188
f 1400 3179 3181
f 3185 3178 3189
f 3186 3184 3187
f 3181 3179 3188
f 3184 3189 3190
f 3189 3178 3190
f 3187 3184 3190
f 3180 71 3181
f 1403 72 3178
f 3178 72 3190
f 68 65 3212
f 3193 68 3212
f 1390 68 3211
f 65 1349 3210
f 1387 1388 3196
f 3207 3204 3208
f 1346 66 3205
f 3195 3207 3209
f 67 1387 3194
f 1347 1346 3197
f 1349 3199 3210
f 1349 3191 3199
f 3203 3207 3208
f 3199 3202 3210
f 3202 3203 3212
f 3206 3195 3209
f 65 3210 3212
f 3203 3201 3207
f 3195 3194 3214
f 3196 3204 3214
f 3197 1346 3200
f 68 3193 3211
f 3203 3193 3212
f 1348 1347 3191
f 1388 1389 3192
f 3194 3195 3206
f 3203 3208 3211
f 3200 3206 3209
f 3202 3201 3203
f 3195 3204 3207
f 3204 3195 3214
f 3200 1346 3205
f 3193 3203 3211
f 3191 3197 3198
f 3201 3198 3209
f 3200 3205 3206
f 1388 3192 3196
f 3204 3192 3208
f 3191 1347 3197
f 3191 3198 3199
f 3199 3198 3201
f 3207 3201 3209
f 1387 3196 3214
f 3196 3192 3204
f 3198 3200 3209
f 3198 3197 3200
f 3199 3201 3202
f 3192 1389 3213
f 3210 3202 3212
f 3208 3192 3213
f 3211 3208 3213
f 1390 3211 3213
f 1389 1390 3213
f 66 67 3194
f 66 3194 3205
f 1349 1348 3191
f 3194 1387 3214
f 3205 3194 3206
f 62 63 3225
f 64 61 3218
f 62 3225 3228
f 3218 3219 3226
f 61 1345 3219
f 1406 1407 3220
f 3217 1406 3220
f 1404 3224 3225
f 1407 64 3218
f 1407 3218 3220
f 3221 3215 3223
f 3217 3220 3221
f 3217 3221 3222
f 3215 3221 3226
f 63 1404 3225
f 1405 1406 3217
f 3215 1344 3223
f 1343 3216 3223
f 1343 1342 3216
f 1344 1343 3223
f 1345 1344 3215
f 3217 3222 3224
f 1405 3217 3224
f 3221 3220 3226
f 1404 1405 3224
f 3221 3223 3227
f 3222 3221 3227
f 3220 3218 3226
f 1345 3215 3219
f 3223 3216 3227
f 3224 3222 3225
f 3219 3215 3226
f 3222 3227 3228
f 3227 3216 3228
f 3225 3222 3228
f 3218 61 3219
f 1342 62 3216
f 3216 62 3228
f 59 3241 3246
f 58 59 3246
f 60 57 3232
f 3245 58 3246
f 59 3229 3241
f 3235 3229 3243
f 1385 1386 3231
f 3233 1340 3236
f 1341 1340 3233
f 3230 1338 3245
f 1386 60 3232
f 57 1341 3232
f 1340 1339 3244
f 1386 3232 3248
f 3232 1341 3248
f 3231 1386 3248
f 3237 3240 3242
f 3235 3239 3240
f 1385 3234 3247
f 3234 3238 3239
f 1383 1384 3229
f 1339 1338 3230
f 3236 1340 3244
f 3237 3236 3244
f 1341 3233 3248
f 3234 3235 3243
f 3236 3237 3242
f 3235 3234 3239
f 1338 58 3245
f 3238 3231 3248
f 3233 3238 3248
f 3240 3237 3246
f 3238 3236 3242
f 3244 3230 3245
f 3234 3231 3238
f 3237 3244 3245
f 3240 3239 3242
f 3235 3240 3241
f 3233 3236 3238
f 3234 3243 3247
f 3229 1384 3247
f 3241 3240 3246
f 3239 3238 3242
f 3243 3229 3247
f 3237 3245 3246
f 1384 1385 3247
f 59 1383 3229
f 1385 3231 3234
f 1339 3230 3244
f 3229 3235 3241
f 54 55 3259
f 56 53 3252
f 54 3259 3262
f 3252 3253 3260
f 53 1337 3253
f 1410 1411 3254
f 3251 1410 3254
f 1408 3258 3259
f 1411 56 3252
f 1411 3252 3254
f 3255 3249 3257
f 3251 3254 3255
f 3251 3255 3256
f 3249 3255 3260
f 55 1408 3259
f 1335 3250 3257
f 1409 1410 3251
f 1337 1336 3249
f 1335 1334 3250
f 1336 1335 3257
f 3249 1336 3257
f 3251 3256 3258
f 1409 3251 3258
f 3255 3254 3260
f 1408 1409 3258
f 3255 3257 3261
f 3256 3255 3261
f 3254 3252 3260
f 1337 3249 3253
f 3257 3250 3261
f 3258 3256 3259
f 3253 3249 3260
f 3256 3261 3262
f 3261 3250 3262
f 3259 3256 3262
f 3252 53 3253
f 1334 54 3250
f 3250 54 3262
f 52 49 3267
f 1332 1331 3271
f 51 1379 3270
f 3266 3269 3271
f 1382 52 3274
f 49 1333 3273
f 1331 3266 3271
f 3269 3266 3270
f 3263 1332 3271
f 3267 49 3273
f 52 3267 3274
f 3265 3272 3277
f 3263 3271 3272
f 3264 1380 3268
f 3264 3268 3269
f 1380 1381 3268
f 1381 1382 3265
f 1333 1332 3263
f 1331 1330 3266
f 1379 1380 3264
f 1381 3265 3268
f 3271 3269 3277
f 3272 3271 3277
f 3268 3265 3277
f 3272 3265 3275
f 3265 1382 3274
f 1333 3263 3273
f 3264 3269 3270
f 3275 3267 3276
f 3267 3273 3276
f 3274 3267 3275
f 3269 3268 3277
f 3263 3272 3276
f 3265 3274 3275
f 3273 3263 3276
f 3272 3275 3276
f 50 51 3270
f 1330 50 3266
f 3266 50 3270
f 1379 3264 3270
f 46 47 3290
f 48 45 3282
f 3279 46 3289
f 47 3278 3290
f 1328 1327 3283
f 1414 1415 3293
f 1329 1328 3280
f 1413 1414 3284
f 3289 3287 3294
f 1329 3280 3282
f 3291 3289 3294
f 1415 48 3282
f 45 1329 3282
f 3280 3281 3288
f 3282 3280 3292
f 3283 3291 3295
f 3287 3289 3290
f 3288 3281 3294
f 1415 3282 3292
f 3281 3280 3295
f 3284 1414 3286
f 1327 1326 3279
f 1412 1413 3278
f 3281 3291 3294
f 3291 3281 3295
f 3287 3288 3294
f 3280 3288 3292
f 3285 3286 3287
f 3283 3279 3291
f 3278 3284 3285
f 3286 1414 3293
f 1327 3279 3283
f 3285 3287 3290
f 1415 3292 3293
f 1326 46 3279
f 47 1412 3278
f 3278 1413 3284
f 1328 3283 3295
f 3292 3288 3293
f 3285 3284 3286
f 3287 3286 3288
f 3288 3286 3293
f 3289 46 3290
f 3280 1328 3295
f 3278 3285 3290
f 3279 3289 3291
f 42 43 3302
f 44 41 3298
f 3297 42 3302
f 1377 1378 3300
f 1324 3297 3299
f 41 1325 3298
f 3298 1325 3303
f 3299 3297 3301
f 1325 1324 3299
f 3301 3300 3303
f 3299 3301 3303
f 3296 3301 3302
f 3301 3297 3302
f 3300 1378 3303
f 1378 44 3298
f 1324 1323 3297
f 1376 1377 3296
f 3296 3300 3301
f 1378 3298 3303
f 3296 1377 3300
f 1323 42 3297
f 43 1376 3296
f 43 3296 3302
f 1325 3299 3303
f 40 37 3305
f 38 39 3306
f 1322 1321 3304
f 1322 3304 3305
f 3304 1321 3306
f 37 1322 3305
f 1417 40 3305
f 39 1416 3306
f 1321 38 3306
f 3304 1417 3305
f 1416 3304 3306
f 1416 1417 3304
f 36 33 3307
f 34 35 3308
f 33 1320 3307
f 35 1374 3308
f 3308 1374 3309
f 1374 1375 3309
f 3307 1320 3309
f 1375 3307 3309
f 1320 1319 3309
f 1375 36 3307
f 1319 34 3308
f 1319 3308 3309
f 3313 3312 3314
f 92 1432 3316
f 1430 1431 3312
f 1432 92 91
f 1432 89 3315
f 1434 3313 3314
f 1434 92 3313
f 3310 3312 3313
f 3312 1431 3314
f 3313 92 3316
f 1433 1434 3314
f 93 1433 3317
f 1429 1430 3310
f 90 1435 3311
f 3310 3313 3316
f 89 1429 3315
f 1431 90 3311
f 1429 3310 3315
f 3314 3311 3317
f 3310 1430 3312
f 1431 3311 3314
f 1433 3314 3317
f 3311 1435 3317
f 1435 93 3317
f 1432 3315 3316
f 3315 3310 3316
f 94 3318 1438
f 93 3319 1433
f 92 1434 1436
f 3320 3322 1434
f 1434 3322 1436
f 1433 3320 1434
f 3319 3321 1439
f 3319 3320 1433
f 3318 3322 3320
f 94 3322 3318
f 93 3321 3319
f 1438 3319 1439
f 1436 3322 94
f 1437 3321 95
f 3318 3320 1438
f 1438 3320 3319
f 95 3321 93
f 96 3321 1437
f 1439 3321 96
f 89 1444 1429
f 1439 1440 90
f 1441 1440 96
f 1429 94 1430
f 90 1438 1439
f 1430 94 1431
f 1431 94 1438
f 1429 1444 94
f 1441 96 1442
f 1442 96 1443
f 96 1440 1439
f 1442 1443 89
f 1443 1444 89
f 1431 1438 90
f 96 3323 1443
f 91 3324 1445
f 1437 95 1446
f 3325 3327 1446
f 1446 3327 1437
f 1445 3325 1446
f 3324 3326 1444
f 3324 3325 1445
f 3323 3327 3325
f 96 3327 3323
f 91 3326 3324
f 1443 3324 1444
f 1437 3327 96
f 1436 3326 92
f 3323 3325 1443
f 1443 3325 3324
f 92 3326 91
f 94 3326 1436
f 1444 3326 94
f 3331 3330 3332
f 95 1435 3334
f 1441 1442 3330
f 1435 90 3333
f 93 1435 95
f 1446 3331 3332
f 1446 95 3331
f 3328 3330 3331
f 3330 1442 3332
f 3331 95 3334
f 1445 1446 3332
f 91 1445 3335
f 1440 1441 3328
f 89 1432 3329
f 1440 3328 3333
f 90 1440 3333
f 3328 3331 3334
f 1442 89 3329
f 3332 3329 3335
f 3328 1441 3330
f 1442 3329 3332
f 1445 3332 3335
f 3329 1432 3335
f 1432 91 3335
f 3333 3328 3334
f 1435 3333 3334
f 3339 3338 3340
f 100 1450 3342
f 1448 1449 3338
f 100 99 1450
f 1450 97 3341
f 1452 3339 3340
f 1452 100 3339
f 3336 3338 3339
f 3338 1449 3340
f 3339 100 3342
f 101 1451 3343
f 1451 1452 3340
f 1447 1448 3336
f 98 1453 3337
f 3340 3337 3343
f 3336 3339 3342
f 97 1447 3341
f 1449 98 3337
f 1447 3336 3341
f 1451 3340 3343
f 3336 1448 3338
f 3337 1453 3343
f 1449 3337 3340
f 1453 101 3343
f 1450 3341 3342
f 3341 3336 3342
f 102 3344 1456
f 101 3345 1451
f 100 1452 1454
f 3346 3348 1452
f 1452 3348 1454
f 1451 3346 1452
f 3345 3347 1457
f 3345 3346 1451
f 3344 3348 3346
f 102 3348 3344
f 101 3347 3345
f 1456 3345 1457
f 1454 3348 102
f 1455 3347 103
f 3344 3346 1456
f 1456 3346 3345
f 103 3347 101
f 104 3347 1455
f 1457 3347 104
f 97 1462 1447
f 1457 1458 98
f 1459 1458 104
f 1447 102 1448
f 97 1461 1462
f 98 1456 1457
f 1448 102 1449
f 1449 102 1456
f 1459 104 1460
f 1460 104 1461
f 104 1458 1457
f 1460 1461 97
f 1449 1456 98
f 1462 102 1447
f 104 3349 1461
f 99 3350 1463
f 1455 103 1464
f 3351 3353 1464
f 1464 3353 1455
f 1463 3351 1464
f 3350 3352 1462
f 3350 3351 1463
f 3349 3353 3351
f 104 3353 3349
f 99 3352 3350
f 1461 3350 1462
f 1455 3353 104
f 1454 3352 100
f 3349 3351 1461
f 1461 3351 3350
f 100 3352 99
f 102 3352 1454
f 1462 3352 102
f 3357 3356 3358
f 103 1453 3360
f 1459 1460 3356
f 101 1453 103
f 1453 98 3359
f 1464 3357 3358
f 1464 103 3357
f 3354 3356 3357
f 3356 1460 3358
f 3357 103 3360
f 1463 1464 3358
f 99 1463 3361
f 1458 1459 3354
f 97 1450 3355
f 3354 3357 3360
f 98 1458 3359
f 1460 97 3355
f 1458 3354 3359
f 3358 3355 3361
f 3354 1459 3356
f 1460 3355 3358
f 1463 3358 3361
f 3355 1450 3361
f 1450 99 3361
f 1453 3359 3360
f 3359 3354 3360
f 107 105 1465
f 107 1465 106
f 107 106 1466
f 1466 106 108
f 1468 109 106
f 106 109 1469
f 105 1469 110
f 110 1468 105
f 105 1468 1465
f 1469 105 1467
f 106 1465 1468
f 1469 1467 106
f 111 107 1466
f 1471 108 112
f 1466 108 1470
f 1470 108 1471
f 1466 1470 111
f 1469 3362 110
f 110 3362 114
f 109 3362 1469
f 114 3362 1472
f 113 3362 109
f 1472 3362 113
f 1474 111 115
f 115 111 1475
f 1475 111 1470
f 1471 112 116
f 116 112 1477
f 1477 112 1473
f 1474 115 1478
f 1476 1471 116
f 1476 1470 1471
f 1475 1470 1476
f 1478 1473 1474
f 1477 1473 1478
f 113 116 1477
f 1477 1472 113
f 1472 115 114
f 115 1472 1478
f 1477 1478 1472
f 1467 105 107
f 106 1467 107
f 106 107 1479
f 106 1479 108
f 1479 107 111
f 108 1473 112
f 108 1474 1473
f 1479 1474 108
f 1479 111 1474
f 110 3363 1468
f 114 3363 110
f 1468 3363 109
f 1480 3363 114
f 109 3363 113
f 113 3363 1480
f 1476 116 113
f 1476 113 1480
f 114 115 1480
f 1475 1480 115
f 1476 1480 1475
f 1483 3365 1484
f 1481 3364 1482
f 117 3365 118
f 1482 3365 117
f 118 3365 1483
f 120 3365 119
f 119 3365 1481
f 1484 3365 120
f 1481 3365 3364
f 3364 3365 1482
f 121 1488 123
f 121 1485 1488
f 1486 122 124
f 1486 124 1487
f 1488 1485 1486
f 1488 1486 1487
f 121 126 3366
f 125 122 3366
f 122 1486 3366
f 1485 121 3366
f 1486 1485 3366
f 1490 125 3366
f 126 1489 3366
f 1489 1490 3366
f 1491 127 123
f 1491 123 1488
f 128 1492 124
f 124 1492 1487
f 1492 1488 1487
f 1492 1491 1488
f 119 125 3369
f 126 117 3368
f 3367 1494 3369
f 1493 3367 3368
f 1490 1489 3367
f 125 1490 3369
f 1489 126 3368
f 117 1493 3368
f 1494 119 3369
f 3367 1489 3368
f 1490 3367 3369
f 1493 1494 3367
f 3370 3371 118
f 128 3371 3370
f 128 3370 120
f 118 3371 127
f 1484 3370 1483
f 1496 3371 1495
f 1495 3371 128
f 127 3371 1496
f 1483 3370 118
f 120 3370 1484
f 1498 121 123
f 124 122 1500
f 122 1497 1500
f 1498 123 1499
f 1497 1498 1499
f 1497 1499 1500
f 122 125 3372
f 126 121 3372
f 1497 122 3372
f 121 1498 3372
f 1498 1497 3372
f 125 1501 3372
f 1502 126 3372
f 1501 1502 3372
f 123 127 1499
f 1500 128 124
f 127 1496 1499
f 1500 1495 128
f 1496 1495 1500
f 1496 1500 1499
f 125 119 3375
f 117 126 3374
f 1481 3373 3376
f 3373 1482 3374
f 1502 1501 3373
f 126 1502 3374
f 1501 125 3375
f 3373 1501 3376
f 1501 3375 3376
f 1482 117 3374
f 119 1481 3375
f 1481 1482 3373
f 3375 1481 3376
f 1502 3373 3374
f 118 3378 3377
f 3377 3378 128
f 120 3377 128
f 127 3378 118
f 1504 3377 1503
f 1492 3378 1491
f 128 3378 1492
f 1491 3378 127
f 118 3377 1504
f 1503 3377 120
f 1503 3380 1504
f 1493 3379 1494
f 118 3380 117
f 117 3380 1493
f 1504 3380 118
f 119 3380 120
f 1494 3380 119
f 120 3380 1503
f 1493 3380 3379
f 3379 3380 1494
f 3384 3383 3385
f 132 1508 3387
f 1506 1507 3383
f 1508 132 131
f 1508 129 3386
f 1510 3384 3385
f 1510 132 3384
f 3381 3383 3384
f 3383 1507 3385
f 3384 132 3387
f 133 1509 3388
f 1509 1510 3385
f 1505 1506 3381
f 130 1511 3382
f 3385 3382 3388
f 3381 3384 3387
f 129 1505 3386
f 1507 130 3382
f 1505 3381 3386
f 1509 3385 3388
f 3381 1506 3383
f 3382 1511 3388
f 1507 3382 3385
f 1511 133 3388
f 1508 3386 3387
f 3386 3381 3387
f 134 3389 1514
f 133 3390 1509
f 132 1510 1512
f 3391 3393 1510
f 1510 3393 1512
f 1509 3391 1510
f 3390 3392 1515
f 3390 3391 1509
f 3389 3393 3391
f 134 3393 3389
f 133 3392 3390
f 1514 3390 1515
f 1512 3393 134
f 1513 3392 135
f 3389 3391 1514
f 1514 3391 3390
f 135 3392 133
f 136 3392 1513
f 1515 3392 136
f 129 1520 1505
f 1515 1516 130
f 1516 136 1517
f 1505 134 1506
f 129 1519 1520
f 130 1514 1515
f 1506 134 1507
f 1507 134 1514
f 1517 136 1518
f 1518 136 1519
f 1518 1519 129
f 1507 1514 130
f 1520 134 1505
f 1515 136 1516
f 136 3394 1519
f 131 3395 1521
f 1513 135 1522
f 3396 3398 1522
f 1522 3398 1513
f 1521 3396 1522
f 3395 3397 1520
f 3395 3396 1521
f 3394 3398 3396
f 136 3398 3394
f 131 3397 3395
f 1519 3395 1520
f 1513 3398 136
f 1512 3397 132
f 3394 3396 1519
f 1519 3396 3395
f 132 3397 131
f 134 3397 1512
f 1520 3397 134
f 3402 3401 3403
f 135 1511 3405
f 1517 1518 3401
f 1511 130 3404
f 133 1511 135
f 1522 3402 3403
f 1522 135 3402
f 3399 3401 3402
f 3401 1518 3403
f 3402 135 3405
f 1521 1522 3403
f 131 1521 3406
f 1516 1517 3399
f 129 1508 3400
f 1516 3399 3404
f 130 1516 3404
f 3399 3402 3405
f 1518 129 3400
f 3403 3400 3406
f 3399 1517 3401
f 1518 3400 3403
f 1521 3403 3406
f 3400 1508 3406
f 1508 131 3406
f 3404 3399 3405
f 1511 3404 3405
f 1525 3408 1526
f 1523 3407 1524
f 137 3408 138
f 1524 3408 137
f 138 3408 1525
f 140 3408 139
f 139 3408 1523
f 1526 3408 140
f 1523 3408 3407
f 3407 3408 1524
f 141 1530 143
f 141 1527 1530
f 1529 142 144
f 1529 1528 142
f 1530 1527 1528
f 1530 1528 1529
f 141 146 3409
f 145 142 3409
f 142 1528 3409
f 1527 141 3409
f 1528 1527 3409
f 1532 145 3409
f 146 1531 3409
f 1531 1532 3409
f 1533 147 143
f 1533 143 1530
f 148 1534 144
f 144 1534 1529
f 1534 1530 1529
f 1534 1533 1530
f 146 137 3412
f 139 145 3411
f 1535 3410 3412
f 3410 1536 3411
f 1532 1531 3410
f 1531 146 3412
f 145 1532 3411
f 137 1535 3412
f 1536 139 3411
f 3410 1531 3412
f 1532 3410 3411
f 1535 1536 3410
f 3413 3414 138
f 148 3414 3413
f 148 3413 140
f 138 3414 147
f 1526 3413 1525
f 1538 3414 1537
f 1537 3414 148
f 147 3414 1538
f 1525 3413 138
f 140 3413 1526
f 1541 141 143
f 1541 1540 141
f 144 142 1539
f 144 1539 1542
f 1539 1540 1541
f 1542 1539 1541
f 142 145 3415
f 146 141 3415
f 1539 142 3415
f 141 1540 3415
f 1540 1539 3415
f 145 1543 3415
f 1544 146 3415
f 1543 1544 3415
f 143 147 1538
f 143 1538 1541
f 1542 148 144
f 1542 1537 148
f 1538 1537 1542
f 1541 1538 1542
f 145 139 3418
f 137 146 3417
f 1523 3416 3419
f 3416 1524 3417
f 1544 1543 3416
f 146 1544 3417
f 1543 145 3418
f 3416 1543 3419
f 1543 3418 3419
f 1524 137 3417
f 139 1523 3418
f 1523 1524 3416
f 3418 1523 3419
f 1544 3416 3417
f 138 3421 3420
f 3420 3421 148
f 140 3420 148
f 147 3421 138
f 1546 3420 1545
f 1534 3421 1533
f 148 3421 1534
f 1533 3421 147
f 138 3420 1546
f 1545 3420 140
f 1545 3423 1546
f 1535 3422 1536
f 138 3423 137
f 137 3423 1535
f 1546 3423 138
f 139 3423 140
f 1536 3423 139
f 140 3423 1545
f 1535 3423 3422
f 3422 3423 1536
f 3427 3426 3428
f 152 1550 3430
f 1548 1549 3426
f 1550 152 151
f 1550 149 3429
f 1552 3427 3428
f 1552 152 3427
f 3424 3426 3427
f 3426 1549 3428
f 3427 152 3430
f 153 1551 3431
f 1551 1552 3428
f 1547 1548 3424
f 150 1553 3425
f 3428 3425 3431
f 3424 3427 3430
f 149 1547 3429
f 1549 150 3425
f 1547 3424 3429
f 1551 3428 3431
f 3424 1548 3426
f 3425 1553 3431
f 1549 3425 3428
f 1553 153 3431
f 1550 3429 3430
f 3429 3424 3430
f 154 3432 1556
f 153 3433 1551
f 152 1552 1554
f 3434 3436 1552
f 1552 3436 1554
f 1551 3434 1552
f 3433 3435 1557
f 3433 3434 1551
f 3432 3436 3434
f 154 3436 3432
f 153 3435 3433
f 1556 3433 1557
f 1554 3436 154
f 1555 3435 155
f 3432 3434 1556
f 1556 3434 3433
f 155 3435 153
f 156 3435 1555
f 1557 3435 156
f 149 1562 1547
f 1557 1558 150
f 1559 1558 156
f 1547 154 1548
f 150 1556 1557
f 1548 154 1549
f 1549 154 1556
f 1547 1562 154
f 1559 156 1560
f 1560 156 1561
f 156 1558 1557
f 1560 1561 149
f 1561 1562 149
f 1549 1556 150
f 156 3437 1561
f 151 3438 1563
f 1555 155 1564
f 3439 3441 1564
f 1564 3441 1555
f 1563 3439 1564
f 3438 3440 1562
f 3438 3439 1563
f 3437 3441 3439
f 156 3441 3437
f 151 3440 3438
f 1561 3438 1562
f 1555 3441 156
f 1554 3440 152
f 3437 3439 1561
f 1561 3439 3438
f 152 3440 151
f 154 3440 1554
f 1562 3440 154
f 3445 3444 3446
f 155 1553 3448
f 1559 1560 3444
f 153 1553 155
f 1553 150 3447
f 1564 3445 3446
f 1564 155 3445
f 3442 3444 3445
f 3444 1560 3446
f 3445 155 3448
f 1563 1564 3446
f 151 1563 3449
f 1558 1559 3442
f 149 1550 3443
f 3442 3445 3448
f 150 1558 3447
f 1560 149 3443
f 1558 3442 3447
f 3446 3443 3449
f 3442 1559 3444
f 1560 3443 3446
f 1563 3446 3449
f 3443 1550 3449
f 1550 151 3449
f 1553 3447 3448
f 3447 3442 3448
f 3450 157 3451
f 159 3450 3451
f 1567 1568 3451
f 1566 1565 3450
f 157 160 3451
f 1565 157 3450
f 159 158 3450
f 158 1566 3450
f 1568 159 3451
f 160 1567 3451
f 3452 3453 162
f 164 3453 3452
f 1569 3452 1570
f 1572 3453 1571
f 161 3452 162
f 1570 3452 161
f 162 3453 1572
f 164 3452 163
f 163 3452 1569
f 1571 3453 164
f 157 1565 162
f 1574 157 162
f 1566 158 164
f 164 158 1571
f 158 1573 1571
f 1565 1575 162
f 1572 1574 162
f 1576 1566 164
f 1566 1576 1565
f 1576 1575 1565
f 1571 1573 1572
f 1573 1574 1572
f 1568 163 159
f 1569 159 163
f 1577 159 1569
f 160 161 1567
f 1578 161 160
f 1567 161 1579
f 1570 161 1578
f 1580 163 1568
f 1568 1567 1580
f 1580 1567 1579
f 1570 1577 1569
f 1578 1577 1570
f 3454 3455 161
f 163 3455 3454
f 1576 3454 1575
f 1579 3455 1580
f 162 3454 161
f 161 3455 1579
f 1575 3454 162
f 163 3454 164
f 1580 3455 163
f 164 3454 1576
f 3456 158 3457
f 160 3456 3457
f 1574 1573 3456
f 1577 1578 3457
f 160 157 3456
f 157 1574 3456
f 158 159 3457
f 1573 158 3456
f 159 1577 3457
f 1578 160 3457
f 1583 3459 1584
f 1581 3458 1582
f 165 3459 166
f 1582 3459 165
f 166 3459 1583
f 168 3459 167
f 167 3459 1581
f 1584 3459 168
f 1581 3459 3458
f 3458 3459 1582
f 171 169 1585
f 1586 170 172
f 171 1585 1588
f 1586 172 1587
f 1588 1585 1586
f 1588 1586 1587
f 169 174 3460
f 173 170 3460
f 170 1586 3460
f 1585 169 3460
f 1586 1585 3460
f 1590 173 3460
f 174 1589 3460
f 1589 1590 3460
f 1588 175 171
f 176 1592 172
f 172 1592 1587
f 1588 1591 175
f 1592 1588 1587
f 1592 1591 1588
f 174 165 3463
f 167 173 3462
f 1593 3461 3463
f 3461 1594 3462
f 1590 1589 3461
f 1589 174 3463
f 173 1590 3462
f 165 1593 3463
f 1594 167 3462
f 3461 1589 3463
f 1590 3461 3462
f 1593 1594 3461
f 166 3465 3464
f 3464 3465 176
f 176 3465 168
f 166 3464 175
f 1596 3464 1595
f 1584 3465 1583
f 1595 3464 176
f 175 3464 1596
f 1583 3465 166
f 168 3465 1584
f 1598 169 171
f 172 170 1600
f 170 1597 1600
f 1598 171 1599
f 1597 1598 1599
f 1597 1599 1600
f 170 173 3466
f 174 169 3466
f 1597 170 3466
f 169 1598 3466
f 1598 1597 3466
f 173 1601 3466
f 1602 174 3466
f 1601 1602 3466
f 175 1596 171
f 171 1596 1599
f 1595 176 172
f 1595 172 1600
f 1596 1595 1600
f 1599 1596 1600
f 173 167 3469
f 165 174 3468
f 1581 3467 3470
f 3467 1582 3468
f 1602 1601 3467
f 174 1602 3468
f 1601 173 3469
f 3467 1601 3470
f 1601 3469 3470
f 1582 165 3468
f 167 1581 3469
f 1581 1582 3467
f 3469 1581 3470
f 1602 3467 3468
f 166 3472 3471
f 3471 3472 176
f 168 3471 176
f 175 3472 166
f 1604 3471 1603
f 1592 3472 1591
f 176 3472 1592
f 1591 3472 175
f 166 3471 1604
f 1603 3471 168
f 1603 3474 1604
f 1593 3473 1594
f 166 3474 165
f 165 3474 1593
f 1604 3474 166
f 167 3474 168
f 1594 3474 167
f 168 3474 1603
f 1593 3474 3473
f 3473 3474 1594
f 1607 3476 1608
f 1605 3475 1606
f 177 3476 178
f 1606 3476 177
f 178 3476 1607
f 180 3476 179
f 179 3476 1605
f 1608 3476 180
f 1605 3476 3475
f 3475 3476 1606
f 181 1609 183
f 1610 182 184
f 183 1609 1612
f 1610 184 1611
f 1612 1609 1610
f 1612 1610 1611
f 181 186 3477
f 185 182 3477
f 182 1610 3477
f 1609 181 3477
f 1610 1609 3477
f 1614 185 3477
f 186 1613 3477
f 1613 1614 3477
f 1612 187 183
f 188 1616 184
f 184 1616 1611
f 1612 1615 187
f 1616 1612 1611
f 1616 1615 1612
f 186 177 3480
f 179 185 3479
f 1617 3478 3481
f 3478 1618 3479
f 1614 1613 3478
f 185 1614 3479
f 1613 186 3480
f 3478 1613 3481
f 1613 3480 3481
f 177 1617 3480
f 1618 179 3479
f 1614 3478 3479
f 1617 1618 3478
f 3480 1617 3481
f 180 3483 3482
f 3482 3483 178
f 178 3483 187
f 188 3483 180
f 1620 3483 1619
f 1608 3482 1607
f 1619 3483 188
f 187 3483 1620
f 1607 3482 178
f 180 3482 1608
f 1623 181 183
f 1622 181 1623
f 184 182 1624
f 182 1621 1624
f 1621 1622 1623
f 1621 1623 1624
f 186 181 3484
f 182 185 3484
f 1621 182 3484
f 181 1622 3484
f 1622 1621 3484
f 185 1625 3484
f 1626 186 3484
f 1625 1626 3484
f 187 1620 183
f 183 1620 1623
f 1619 188 184
f 1624 1619 184
f 1620 1619 1624
f 1623 1620 1624
f 185 179 3487
f 177 186 3486
f 1605 3485 3488
f 3485 1606 3486
f 1626 1625 3485
f 186 1626 3486
f 1625 185 3487
f 3485 1625 3488
f 1625 3487 3488
f 1606 177 3486
f 179 1605 3487
f 1605 1606 3485
f 3487 1605 3488
f 1626 3485 3486
f 3489 3490 178
f 188 3490 3489
f 180 3490 188
f 187 3489 178
f 1628 3490 1627
f 1616 3489 1615
f 188 3489 1616
f 1615 3489 187
f 178 3490 1628
f 1627 3490 180
f 1627 3492 1628
f 1617 3491 1618
f 178 3492 177
f 177 3492 1617
f 1628 3492 178
f 179 3492 180
f 1618 3492 179
f 180 3492 1627
f 1617 3492 3491
f 3491 3492 1618
f 3496 3495 3497
f 192 1632 3499
f 1630 1631 3495
f 192 191 1632
f 1632 189 3498
f 1634 3496 3497
f 1634 192 3496
f 3493 3495 3496
f 3495 1631 3497
f 3496 192 3499
f 193 1633 3500
f 1633 1634 3497
f 1629 1630 3493
f 190 1635 3494
f 3497 3494 3500
f 3493 3496 3499
f 189 1629 3498
f 1631 190 3494
f 1629 3493 3498
f 1633 3497 3500
f 3493 1630 3495
f 3494 1635 3500
f 1631 3494 3497
f 1635 193 3500
f 1632 3498 3499
f 3498 3493 3499
f 194 3501 1638
f 193 3502 1633
f 192 1634 1636
f 3503 3505 1634
f 1634 3505 1636
f 1633 3503 1634
f 3502 3504 1639
f 3502 3503 1633
f 3501 3505 3503
f 194 3505 3501
f 193 3504 3502
f 1638 3502 1639
f 1636 3505 194
f 1637 3504 195
f 3501 3503 1638
f 1638 3503 3502
f 195 3504 193
f 196 3504 1637
f 1639 3504 196
f 189 1644 1629
f 1639 1640 190
f 1640 196 1641
f 194 1630 1629
f 190 1638 1639
f 1630 194 1631
f 1631 194 1638
f 1629 1644 194
f 1641 196 1642
f 1642 196 1643
f 1642 1643 189
f 1643 1644 189
f 1631 1638 190
f 1639 196 1640
f 196 3506 1643
f 191 3507 1645
f 1637 195 1646
f 3508 3510 1646
f 1646 3510 1637
f 1645 3508 1646
f 3507 3509 1644
f 3507 3508 1645
f 3506 3510 3508
f 196 3510 3506
f 191 3509 3507
f 1643 3507 1644
f 1637 3510 196
f 1636 3509 192
f 3506 3508 1643
f 1643 3508 3507
f 192 3509 191
f 194 3509 1636
f 1644 3509 194
f 3514 3513 3515
f 195 1635 3517
f 1641 1642 3513
f 193 1635 195
f 1635 190 3516
f 1646 3514 3515
f 1646 195 3514
f 3511 3513 3514
f 3513 1642 3515
f 3514 195 3517
f 1645 1646 3515
f 191 1645 3518
f 1640 1641 3511
f 189 1632 3512
f 3511 3514 3517
f 190 1640 3516
f 1642 189 3512
f 1640 3511 3516
f 3515 3512 3518
f 3511 1641 3513
f 1642 3512 3515
f 1645 3515 3518
f 3512 1632 3518
f 1632 191 3518
f 1635 3516 3517
f 3516 3511 3517
f 3522 3521 3523
f 200 1650 3525
f 1648 1649 3521
f 1650 200 199
f 1650 197 3524
f 1652 3522 3523
f 1652 200 3522
f 3519 3521 3522
f 3521 1649 3523
f 3522 200 3525
f 1651 1652 3523
f 201 1651 3526
f 1647 1648 3519
f 198 1653 3520
f 3519 3522 3525
f 197 1647 3524
f 1649 198 3520
f 1647 3519 3524
f 3523 3520 3526
f 3519 1648 3521
f 1649 3520 3523
f 1651 3523 3526
f 3520 1653 3526
f 1653 201 3526
f 1650 3524 3525
f 3524 3519 3525
f 202 3527 1656
f 201 3528 1651
f 200 1652 1654
f 3529 3531 1652
f 1652 3531 1654
f 1651 3529 1652
f 3528 3530 1657
f 3528 3529 1651
f 3527 3531 3529
f 202 3531 3527
f 201 3530 3528
f 1656 3528 1657
f 1654 3531 202
f 1655 3530 203
f 3527 3529 1656
f 1656 3529 3528
f 203 3530 201
f 204 3530 1655
f 1657 3530 204
f 197 1662 1647
f 1657 1658 198
f 1658 204 1659
f 1648 1647 202
f 1657 198 1656
f 1648 202 1649
f 1649 202 1656
f 1647 1662 202
f 1659 204 1660
f 1660 204 1661
f 1660 1661 197
f 1661 1662 197
f 198 1649 1656
f 1657 204 1658
f 204 3532 1661
f 199 3533 1663
f 1655 203 1664
f 3534 3536 1664
f 1664 3536 1655
f 1663 3534 1664
f 3533 3535 1662
f 3533 3534 1663
f 3532 3536 3534
f 204 3536 3532
f 199 3535 3533
f 1661 3533 1662
f 1655 3536 204
f 1654 3535 200
f 3532 3534 1661
f 1661 3534 3533
f 200 3535 199
f 202 3535 1654
f 1662 3535 202
f 3540 3539 3541
f 203 1653 3543
f 1659 1660 3539
f 201 1653 203
f 1653 198 3542
f 1664 3540 3541
f 1664 203 3540
f 3537 3539 3540
f 3539 1660 3541
f 3540 203 3543
f 1663 1664 3541
f 199 1663 3544
f 1658 1659 3537
f 197 1650 3538
f 3537 3540 3543
f 198 1658 3542
f 1660 197 3538
f 1658 3537 3542
f 3541 3538 3544
f 3537 1659 3539
f 1660 3538 3541
f 1663 3541 3544
f 3538 1650 3544
f 1650 199 3544
f 1653 3542 3543
f 3542 3537 3543
f 1667 3546 1668
f 1665 3545 1666
f 205 3546 206
f 1666 3546 205
f 206 3546 1667
f 208 3546 207
f 207 3546 1665
f 1668 3546 208
f 1665 3546 3545
f 3545 3546 1666
f 209 1672 211
f 209 1669 1672
f 1670 210 212
f 1671 1670 212
f 1672 1669 1670
f 1672 1670 1671
f 209 214 3547
f 213 210 3547
f 210 1670 3547
f 1669 209 3547
f 1670 1669 3547
f 1674 213 3547
f 214 1673 3547
f 1673 1674 3547
f 1675 215 211
f 1675 211 1672
f 212 216 1676
f 212 1676 1671
f 1676 1672 1671
f 1676 1675 1672
f 214 205 3550
f 207 213 3549
f 1677 3548 3550
f 3548 1678 3549
f 1674 1673 3548
f 1673 214 3550
f 213 1674 3549
f 205 1677 3550
f 1678 207 3549
f 3548 1673 3550
f 1674 3548 3549
f 1677 1678 3548
f 206 3552 3551
f 3551 3552 216
f 216 3552 208
f 206 3551 215
f 1680 3551 1679
f 1668 3552 1667
f 1679 3551 216
f 215 3551 1680
f 208 3552 1668
f 1667 3552 206
f 1682 209 211
f 212 210 1681
f 1682 211 1683
f 212 1681 1684
f 1681 1682 1683
f 1681 1683 1684
f 214 209 3553
f 210 213 3553
f 1681 210 3553
f 209 1682 3553
f 1682 1681 3553
f 213 1685 3553
f 1686 214 3553
f 1685 1686 3553
f 215 1683 211
f 1684 216 212
f 215 1680 1683
f 1684 1679 216
f 1680 1679 1684
f 1680 1684 1683
f 213 207 3556
f 205 214 3555
f 1665 3554 3556
f 3554 1666 3555
f 1686 1685 3554
f 1685 213 3556
f 214 1686 3555
f 1666 205 3555
f 207 1665 3556
f 1665 1666 3554
f 3554 1685 3556
f 1686 3554 3555
f 206 3558 3557
f 3557 3558 216
f 208 3557 216
f 215 3558 206
f 1688 3557 1687
f 1676 3558 1675
f 216 3558 1676
f 1675 3558 215
f 206 3557 1688
f 1687 3557 208
f 1687 3560 1688
f 1677 3559 1678
f 206 3560 205
f 205 3560 1677
f 1688 3560 206
f 207 3560 208
f 1678 3560 207
f 208 3560 1687
f 1677 3560 3559
f 3559 3560 1678
f 3564 3563 3565
f 220 1692 3567
f 1690 1691 3563
f 1692 220 219
f 1692 217 3566
f 1694 3564 3565
f 1694 220 3564
f 3561 3563 3564
f 3563 1691 3565
f 3564 220 3567
f 221 1693 3568
f 1693 1694 3565
f 1689 1690 3561
f 218 1695 3562
f 3565 3562 3568
f 3561 3564 3567
f 217 1689 3566
f 1691 218 3562
f 1689 3561 3566
f 1693 3565 3568
f 3561 1690 3563
f 3562 1695 3568
f 1691 3562 3565
f 1695 221 3568
f 1692 3566 3567
f 3566 3561 3567
f 222 3569 1698
f 221 3570 1693
f 220 1694 1696
f 3571 3573 1694
f 1694 3573 1696
f 1693 3571 1694
f 3570 3572 1699
f 3570 3571 1693
f 3569 3573 3571
f 222 3573 3569
f 221 3572 3570
f 1698 3570 1699
f 1696 3573 222
f 1697 3572 223
f 3569 3571 1698
f 1698 3571 3570
f 223 3572 221
f 224 3572 1697
f 1699 3572 224
f 217 1704 1689
f 1699 1700 218
f 1701 1700 224
f 1689 222 1690
f 218 1698 1699
f 1690 222 1691
f 1691 222 1698
f 1689 1704 222
f 1701 224 1702
f 1702 224 1703
f 224 1700 1699
f 1702 1703 217
f 1703 1704 217
f 1691 1698 218
f 224 3574 1703
f 219 3575 1705
f 1697 223 1706
f 3576 3578 1706
f 1706 3578 1697
f 1705 3576 1706
f 3575 3577 1704
f 3575 3576 1705
f 3574 3578 3576
f 224 3578 3574
f 219 3577 3575
f 1703 3575 1704
f 1697 3578 224
f 1696 3577 220
f 3574 3576 1703
f 1703 3576 3575
f 220 3577 219
f 222 3577 1696
f 1704 3577 222
f 3582 3581 3583
f 223 1695 3585
f 1701 1702 3581
f 1695 218 3584
f 223 221 1695
f 1706 3582 3583
f 1706 223 3582
f 3579 3581 3582
f 3581 1702 3583
f 3582 223 3585
f 1705 1706 3583
f 219 1705 3586
f 1700 1701 3579
f 217 1692 3580
f 1700 3579 3584
f 218 1700 3584
f 3579 3582 3585
f 1702 217 3580
f 3583 3580 3586
f 3579 1701 3581
f 1702 3580 3583
f 1705 3583 3586
f 3580 1692 3586
f 1692 219 3586
f 3584 3579 3585
f 1695 3584 3585
f 225 1707 1710
f 1708 225 1709
f 1710 1707 229
f 228 1708 1709
f 1709 225 1710
f 1707 226 229
f 227 1708 228
f 228 1709 231
f 1712 228 231
f 1716 228 1712
f 1714 229 230
f 1715 230 229
f 1710 229 1714
f 1711 230 1715
f 231 1709 1713
f 1713 1709 1710
f 1713 1710 1714
f 1712 1711 1716
f 1716 1711 1715
f 232 1717 3588
f 1718 233 3587
f 1719 1717 227
f 227 1718 1708
f 225 1708 3587
f 1719 234 3588
f 1708 1718 3587
f 1717 1719 3588
f 234 232 3588
f 233 225 3587
f 1717 1718 227
f 1711 1721 230
f 231 1720 1712
f 1712 236 1711
f 236 1721 1711
f 1720 236 1712
f 1721 237 230
f 235 1720 231
f 232 1723 238
f 232 238 1727
f 1717 232 1727
f 233 1718 239
f 233 239 1725
f 1722 233 1725
f 1723 1724 238
f 1718 1726 239
f 1726 1718 1717
f 1727 1726 1717
f 1723 1722 1724
f 1722 1725 1724
f 1730 237 1729
f 237 1721 1729
f 1728 237 1730
f 241 3589 1730
f 1729 3590 242
f 1721 3590 1729
f 1730 3589 1728
f 242 3590 236
f 240 3589 241
f 1728 3589 240
f 236 3590 1721
f 1724 3592 238
f 239 3591 1725
f 245 3592 1732
f 1731 3591 243
f 1731 244 1725
f 244 1732 1724
f 1732 3592 1724
f 1725 3591 1731
f 243 3591 239
f 238 3592 245
f 1725 244 1724
f 247 241 1730
f 247 1735 241
f 1735 1737 241
f 246 1733 242
f 246 242 1738
f 1733 1729 242
f 1736 246 1738
f 1734 247 1730
f 1730 1729 1734
f 1734 1729 1733
f 1736 1737 1735
f 1737 1736 1738
f 1732 3593 245
f 1741 3594 251
f 245 3595 1741
f 244 3596 1732
f 1740 3594 1741
f 245 3593 249
f 1739 3593 1732
f 1741 3595 1740
f 249 3595 245
f 1732 3596 1739
f 248 3596 244
f 251 3594 250
f 249 3593 1739
f 250 3594 1740
f 1740 3595 249
f 1739 3596 248
f 247 252 3597
f 249 246 3598
f 1736 3599 3600
f 1735 247 3597
f 246 1736 3598
f 1736 1735 3599
f 3598 1736 3600
f 1735 3597 3599
f 1742 250 3599
f 3597 1742 3599
f 252 1742 3597
f 1740 249 3598
f 250 1740 3600
f 3599 250 3600
f 1740 3598 3600
f 1743 234 1715
f 234 1719 1716
f 1716 1719 228
f 229 1743 1715
f 1715 234 1716
f 226 1743 229
f 1719 227 228
f 1723 232 3601
f 233 1722 3602
f 1707 1722 226
f 226 1723 1743
f 234 1743 3601
f 1707 225 3602
f 1743 1723 3601
f 1722 1707 3602
f 225 233 3602
f 232 234 3601
f 1722 1723 226
f 1713 1744 231
f 230 1728 1714
f 1714 240 1713
f 1728 240 1714
f 240 1744 1713
f 237 1728 230
f 1744 235 231
f 1738 235 1737
f 235 1744 1737
f 1720 235 1738
f 242 3604 1738
f 1737 3603 241
f 1744 3603 1737
f 1738 3604 1720
f 241 3603 240
f 236 3604 242
f 1720 3604 236
f 240 3603 1744
f 238 3605 1727
f 1726 3606 239
f 243 3606 1745
f 1741 3605 245
f 1741 251 1727
f 251 1745 1726
f 1745 3606 1726
f 1727 3605 1741
f 245 3605 238
f 239 3606 243
f 1727 251 1726
f 251 3608 1745
f 243 3607 1731
f 1731 3609 244
f 1745 3610 243
f 1745 3608 1742
f 250 3608 251
f 243 3610 252
f 1742 3610 1745
f 252 3607 243
f 1731 3607 1746
f 244 3609 248
f 1746 3609 1731
f 252 3610 1742
f 1746 3607 252
f 248 3609 1746
f 1742 3608 250
f 246 249 3611
f 252 247 3612
f 1734 3613 3614
f 1733 246 3611
f 247 1734 3612
f 1734 1733 3613
f 3612 1734 3614
f 1733 3611 3613
f 1739 248 3613
f 3611 1739 3613
f 249 1739 3611
f 1746 252 3612
f 248 1746 3614
f 3613 248 3614
f 1746 3612 3614
f 1749 3616 1750
f 1747 3615 1748
f 253 3616 254
f 1748 3616 253
f 254 3616 1749
f 256 3616 255
f 255 3616 1747
f 1750 3616 256
f 1747 3616 3615
f 3615 3616 1748
f 259 257 1754
f 257 1751 1754
f 1753 258 260
f 1752 258 1753
f 1754 1751 1752
f 1754 1752 1753
f 257 262 3617
f 261 258 3617
f 258 1752 3617
f 1751 257 3617
f 1752 1751 3617
f 1756 261 3617
f 262 1755 3617
f 1755 1756 3617
f 1754 263 259
f 260 264 1753
f 1754 1757 263
f 264 1758 1753
f 1753 1758 1754
f 1758 1757 1754
f 262 253 3620
f 255 261 3619
f 1759 3618 3621
f 3618 1760 3619
f 1756 1755 3618
f 261 1756 3619
f 1755 262 3620
f 3618 1755 3621
f 1755 3620 3621
f 253 1759 3620
f 1760 255 3619
f 1756 3618 3619
f 1759 1760 3618
f 3620 1759 3621
f 256 3623 3622
f 3622 3623 254
f 254 3623 263
f 264 3623 256
f 1762 3623 1761
f 1750 3622 1749
f 1761 3623 264
f 263 3623 1762
f 1749 3622 254
f 256 3622 1750
f 1765 257 259
f 1765 1764 257
f 258 1766 260
f 258 1763 1766
f 1763 1764 1765
f 1763 1765 1766
f 262 257 3624
f 258 261 3624
f 1763 258 3624
f 257 1764 3624
f 1764 1763 3624
f 261 1767 3624
f 1768 262 3624
f 1767 1768 3624
f 263 1765 259
f 1766 264 260
f 263 1762 1765
f 1761 264 1766
f 1762 1761 1766
f 1765 1762 1766
f 261 255 3627
f 253 262 3626
f 1747 3625 3627
f 3625 1748 3626
f 1768 1767 3625
f 1767 261 3627
f 262 1768 3626
f 1748 253 3626
f 255 1747 3627
f 1747 1748 3625
f 3625 1767 3627
f 1768 3625 3626
f 3628 3629 254
f 264 3629 3628
f 256 3629 264
f 263 3628 254
f 1770 3629 1769
f 1758 3628 1757
f 264 3628 1758
f 1757 3628 263
f 254 3629 1770
f 1769 3629 256
f 1769 3631 1770
f 1759 3630 1760
f 254 3631 253
f 253 3631 1759
f 1770 3631 254
f 255 3631 256
f 1760 3631 255
f 256 3631 1769
f 1759 3631 3630
f 3630 3631 1760
f 3635 3634 3636
f 268 1774 3638
f 1772 1773 3634
f 1774 268 267
f 1774 265 3637
f 1776 3635 3636
f 1776 268 3635
f 3632 3634 3635
f 3634 1773 3636
f 3635 268 3638
f 1775 1776 3636
f 269 1775 3639
f 1771 1772 3632
f 266 1777 3633
f 3632 3635 3638
f 265 1771 3637
f 1773 266 3633
f 1771 3632 3637
f 3636 3633 3639
f 3632 1772 3634
f 1773 3633 3636
f 1775 3636 3639
f 3633 1777 3639
f 1777 269 3639
f 1774 3637 3638
f 3637 3632 3638
f 270 3640 1780
f 269 3641 1775
f 268 1776 1778
f 3642 3644 1776
f 1776 3644 1778
f 1775 3642 1776
f 3641 3643 1781
f 3641 3642 1775
f 3640 3644 3642
f 270 3644 3640
f 269 3643 3641
f 1780 3641 1781
f 1778 3644 270
f 1779 3643 271
f 3640 3642 1780
f 1780 3642 3641
f 271 3643 269
f 272 3643 1779
f 1781 3643 272
f 265 1786 1771
f 1781 1782 266
f 1782 272 1783
f 1771 270 1772
f 265 1785 1786
f 266 1780 1781
f 1772 270 1773
f 1773 270 1780
f 1771 1786 270
f 1783 272 1784
f 1784 272 1785
f 1784 1785 265
f 1773 1780 266
f 1781 272 1782
f 272 3645 1785
f 267 3646 1787
f 1779 271 1788
f 3647 3649 1788
f 1788 3649 1779
f 1787 3647 1788
f 3646 3648 1786
f 3646 3647 1787
f 3645 3649 3647
f 272 3649 3645
f 267 3648 3646
f 1785 3646 1786
f 1779 3649 272
f 1778 3648 268
f 3645 3647 1785
f 1785 3647 3646
f 268 3648 267
f 270 3648 1778
f 1786 3648 270
f 3653 3652 3654
f 271 1777 3656
f 1783 1784 3652
f 1777 266 3655
f 269 1777 271
f 1788 3653 3654
f 1788 271 3653
f 3650 3652 3653
f 3652 1784 3654
f 3653 271 3656
f 1787 1788 3654
f 267 1787 3657
f 1782 1783 3650
f 265 1774 3651
f 1782 3650 3655
f 266 1782 3655
f 3650 3653 3656
f 1784 265 3651
f 3654 3651 3657
f 3650 1783 3652
f 1784 3651 3654
f 1787 3654 3657
f 3651 1774 3657
f 1774 267 3657
f 3655 3650 3656
f 1777 3655 3656
f 1791 3659 1792
f 1789 3658 1790
f 273 3659 274
f 1790 3659 273
f 274 3659 1791
f 276 3659 275
f 275 3659 1789
f 1792 3659 276
f 1789 3659 3658
f 3658 3659 1790
f 279 277 1793
f 1794 278 280
f 279 1793 1796
f 1795 1794 280
f 1796 1793 1794
f 1795 1796 1794
f 277 282 3660
f 281 278 3660
f 278 1794 3660
f 1793 277 3660
f 1794 1793 3660
f 1798 281 3660
f 282 1797 3660
f 1797 1798 3660
f 1799 283 279
f 1799 279 1796
f 284 1800 280
f 280 1800 1795
f 1795 1800 1796
f 1800 1799 1796
f 275 281 3663
f 282 273 3662
f 3661 1802 3663
f 1801 3661 3662
f 1798 1797 3661
f 281 1798 3663
f 1797 282 3662
f 273 1801 3662
f 1802 275 3663
f 3661 1797 3662
f 1798 3661 3663
f 1801 1802 3661
f 274 3665 3664
f 3664 3665 284
f 284 3665 276
f 274 3664 283
f 1804 3664 1803
f 1792 3665 1791
f 1803 3664 284
f 283 3664 1804
f 1791 3665 274
f 276 3665 1792
f 1806 277 279
f 280 278 1805
f 1807 1806 279
f 280 1805 1808
f 1805 1806 1807
f 1808 1805 1807
f 278 281 3666
f 282 277 3666
f 1805 278 3666
f 277 1806 3666
f 1806 1805 3666
f 281 1809 3666
f 1810 282 3666
f 1809 1810 3666
f 279 283 1804
f 279 1804 1807
f 1808 284 280
f 1803 284 1808
f 1804 1803 1808
f 1804 1808 1807
f 273 282 3668
f 281 275 3669
f 3667 1790 3668
f 1789 3667 3669
f 1810 1809 3667
f 282 1810 3668
f 1809 281 3669
f 1790 273 3668
f 275 1789 3669
f 1789 1790 3667
f 3667 1809 3669
f 1810 3667 3668
f 274 3671 3670
f 3670 3671 284
f 276 3670 284
f 283 3671 274
f 1812 3670 1811
f 1800 3671 1799
f 284 3671 1800
f 1799 3671 283
f 274 3670 1812
f 1811 3670 276
f 1811 3673 1812
f 1801 3672 1802
f 274 3673 273
f 273 3673 1801
f 1812 3673 274
f 275 3673 276
f 1802 3673 275
f 276 3673 1811
f 1801 3673 3672
f 3672 3673 1802
f 3677 3676 3678
f 288 1816 3680
f 1814 1815 3676
f 288 287 1816
f 1816 285 3679
f 1818 3677 3678
f 1818 288 3677
f 3674 3676 3677
f 3676 1815 3678
f 3677 288 3680
f 1817 1818 3678
f 289 1817 3681
f 1813 1814 3674
f 286 1819 3675
f 3674 3677 3680
f 285 1813 3679
f 1815 286 3675
f 1813 3674 3679
f 3678 3675 3681
f 3674 1814 3676
f 1815 3675 3678
f 1817 3678 3681
f 3675 1819 3681
f 1819 289 3681
f 1816 3679 3680
f 3679 3674 3680
f 290 3682 1822
f 289 3683 1817
f 288 1818 1820
f 3684 3686 1818
f 1818 3686 1820
f 1817 3684 1818
f 3683 3685 1823
f 3683 3684 1817
f 3682 3686 3684
f 290 3686 3682
f 289 3685 3683
f 1822 3683 1823
f 1820 3686 290
f 1821 3685 291
f 3682 3684 1822
f 1822 3684 3683
f 291 3685 289
f 292 3685 1821
f 1823 3685 292
f 285 1828 1813
f 1823 1824 286
f 1825 1824 292
f 1813 290 1814
f 286 1822 1823
f 1814 290 1815
f 1815 290 1822
f 1813 1828 290
f 1825 292 1826
f 1826 292 1827
f 292 1824 1823
f 1827 285 1826
f 1827 1828 285
f 1815 1822 286
f 292 3687 1827
f 287 3688 1829
f 1821 291 1830
f 3689 3691 1830
f 1830 3691 1821
f 1829 3689 1830
f 3688 3690 1828
f 3688 3689 1829
f 3687 3691 3689
f 292 3691 3687
f 287 3690 3688
f 1827 3688 1828
f 1821 3691 292
f 1820 3690 288
f 3687 3689 1827
f 1827 3689 3688
f 288 3690 287
f 290 3690 1820
f 1828 3690 290
f 3695 3694 3696
f 291 1819 3698
f 1825 1826 3694
f 289 1819 291
f 1819 286 3697
f 1830 3695 3696
f 1830 291 3695
f 3692 3694 3695
f 3694 1826 3696
f 3695 291 3698
f 1829 1830 3696
f 287 1829 3699
f 1824 1825 3692
f 285 1816 3693
f 3692 3695 3698
f 286 1824 3697
f 1826 285 3693
f 1824 3692 3697
f 3696 3693 3699
f 3692 1825 3694
f 1826 3693 3696
f 1829 3696 3699
f 3693 1816 3699
f 1816 287 3699
f 1819 3697 3698
f 3697 3692 3698
f 295 293 1831
f 295 1831 294
f 295 294 1832
f 1832 294 296
f 1834 297 294
f 294 297 1835
f 293 1835 298
f 298 1834 293
f 293 1834 1831
f 1835 293 1833
f 294 1831 1834
f 1835 1833 294
f 295 1832 299
f 1837 296 300
f 1832 296 1836
f 1836 296 1837
f 1832 1836 299
f 1835 3700 298
f 298 3700 302
f 297 3700 1835
f 302 3700 1838
f 301 3700 297
f 1838 3700 301
f 1840 299 303
f 303 299 1841
f 1841 299 1836
f 1837 300 304
f 304 300 1843
f 1843 300 1839
f 1844 1840 303
f 1842 1837 304
f 1842 1836 1837
f 1841 1836 1842
f 1844 1839 1840
f 1843 1839 1844
f 301 304 1843
f 1843 1838 301
f 1838 303 302
f 303 1838 1844
f 1843 1844 1838
f 1833 293 295
f 294 1833 295
f 294 295 1845
f 296 294 1845
f 1845 295 299
f 296 1839 300
f 296 1840 1839
f 1845 1840 296
f 1845 299 1840
f 298 3701 1834
f 302 3701 298
f 1834 3701 297
f 1846 3701 302
f 297 3701 301
f 301 3701 1846
f 1842 304 301
f 1842 301 1846
f 303 1846 302
f 1841 1846 303
f 1842 1846 1841
f 307 305 1847
f 307 1847 306
f 307 306 1848
f 1848 306 308
f 306 1850 309
f 306 309 1851
f 305 1851 310
f 310 1850 305
f 305 1850 1847
f 1851 305 1849
f 306 1847 1850
f 1851 1849 306
f 311 307 1848
f 1853 308 312
f 1848 308 1852
f 1852 308 1853
f 1848 1852 311
f 1851 3702 310
f 310 3702 314
f 309 3702 1851
f 314 3702 1854
f 313 3702 309
f 1854 3702 313
f 1856 311 315
f 315 311 1857
f 1857 311 1852
f 1853 312 316
f 316 312 1859
f 1859 312 1855
f 1860 1856 315
f 1858 1853 316
f 1858 1852 1853
f 1857 1852 1858
f 1860 1855 1856
f 1859 1855 1860
f 313 316 1859
f 1859 1854 313
f 1854 315 314
f 315 1854 1860
f 1859 1860 1854
f 1849 305 307
f 306 1849 307
f 306 307 1861
f 308 306 1861
f 1861 307 311
f 308 1855 312
f 308 1856 1855
f 1861 1856 308
f 1861 311 1856
f 310 3703 1850
f 314 3703 310
f 1850 3703 309
f 1862 3703 314
f 309 3703 313
f 313 3703 1862
f 1858 316 313
f 1858 313 1862
f 314 315 1862
f 1857 1862 315
f 1858 1862 1857
f 319 317 1863
f 319 1863 318
f 319 318 1864
f 1864 318 320
f 318 1866 321
f 318 321 1867
f 317 1867 322
f 322 1866 317
f 317 1866 1863
f 1867 317 1865
f 318 1863 1866
f 1867 1865 318
f 323 319 1864
f 1869 320 324
f 1864 320 1868
f 1868 320 1869
f 1864 1868 323
f 1867 3704 322
f 322 3704 326
f 321 3704 1867
f 326 3704 1870
f 325 3704 321
f 1870 3704 325
f 327 323 1868
f 1876 323 327
f 1872 323 1876
f 328 324 1871
f 1874 324 328
f 1869 324 1874
f 327 1868 1873
f 1871 1875 328
f 1874 1868 1869
f 1873 1868 1874
f 1872 1875 1871
f 1876 1875 1872
f 328 1875 325
f 1875 1870 325
f 1870 327 326
f 327 1870 1876
f 1875 1876 1870
f 1865 317 319
f 318 1865 319
f 318 319 1877
f 320 318 1877
f 1877 319 323
f 320 1871 324
f 320 1872 1871
f 1877 1872 320
f 1877 323 1872
f 322 3705 1866
f 326 3705 322
f 1866 3705 321
f 1878 3705 326
f 321 3705 325
f 325 3705 1878
f 1874 328 325
f 1874 325 1878
f 327 1878 326
f 1873 1878 327
f 1874 1878 1873
f 1881 3707 1882
f 1879 3706 1880
f 329 3707 330
f 1880 3707 329
f 330 3707 1881
f 332 3707 331
f 331 3707 1879
f 1882 3707 332
f 1879 3707 3706
f 3706 3707 1880
f 333 1883 335
f 1884 334 336
f 335 1883 1886
f 1884 336 1885
f 1886 1883 1884
f 1886 1884 1885
f 333 338 3708
f 337 334 3708
f 334 1884 3708
f 1883 333 3708
f 1884 1883 3708
f 1888 337 3708
f 338 1887 3708
f 1887 1888 3708
f 1886 339 335
f 336 340 1885
f 1886 1889 339
f 340 1890 1885
f 1885 1890 1886
f 1890 1889 1886
f 338 329 3711
f 331 337 3710
f 1891 3709 3712
f 3709 1892 3710
f 1888 1887 3709
f 337 1888 3710
f 1887 338 3711
f 3709 1887 3712
f 1887 3711 3712
f 329 1891 3711
f 1892 331 3710
f 1888 3709 3710
f 1891 1892 3709
f 3711 1891 3712
f 332 3714 3713
f 3713 3714 339
f 330 3713 339
f 340 3714 332
f 1894 3714 1893
f 1882 3713 1881
f 1893 3714 340
f 339 3714 1894
f 332 3713 1882
f 1881 3713 330
f 1896 333 335
f 336 334 1898
f 334 1895 1898
f 1896 335 1897
f 1895 1896 1897
f 1895 1897 1898
f 338 333 3715
f 334 337 3715
f 1895 334 3715
f 333 1896 3715
f 1896 1895 3715
f 337 1899 3715
f 1900 338 3715
f 1899 1900 3715
f 335 339 1897
f 1893 340 336
f 1898 1893 336
f 339 1894 1897
f 1894 1893 1897
f 1897 1893 1898
f 337 331 3718
f 329 338 3717
f 1879 3716 3719
f 3716 1880 3717
f 1900 1899 3716
f 338 1900 3717
f 1899 337 3718
f 3716 1899 3719
f 1899 3718 3719
f 1880 329 3717
f 331 1879 3718
f 1879 1880 3716
f 3718 1879 3719
f 1900 3716 3717
f 330 3721 3720
f 3720 3721 340
f 332 3720 340
f 339 3721 330
f 1902 3720 1901
f 1890 3721 1889
f 340 3721 1890
f 1889 3721 339
f 330 3720 1902
f 1901 3720 332
f 1901 3723 1902
f 1891 3722 1892
f 330 3723 329
f 329 3723 1891
f 1902 3723 330
f 331 3723 332
f 1892 3723 331
f 332 3723 1901
f 1891 3723 3722
f 3722 3723 1892
f 1905 3725 1906
f 1903 3724 1904
f 341 3725 342
f 1904 3725 341
f 342 3725 1905
f 344 3725 343
f 343 3725 1903
f 1906 3725 344
f 1903 3725 3724
f 3724 3725 1904
f 345 1907 347
f 1908 346 348
f 347 1907 1910
f 1908 348 1909
f 1910 1907 1908
f 1910 1908 1909
f 345 350 3726
f 349 346 3726
f 346 1908 3726
f 1907 345 3726
f 1908 1907 3726
f 1912 349 3726
f 350 1911 3726
f 1911 1912 3726
f 1910 351 347
f 352 1909 348
f 1913 351 1910
f 352 1914 1909
f 1914 1910 1909
f 1914 1913 1910
f 350 341 3729
f 343 349 3728
f 1915 3727 3730
f 3727 1916 3728
f 1912 1911 3727
f 349 1912 3728
f 1911 350 3729
f 3727 1911 3730
f 1911 3729 3730
f 341 1915 3729
f 1916 343 3728
f 1912 3727 3728
f 1915 1916 3727
f 3729 1915 3730
f 344 3732 3731
f 3731 3732 342
f 342 3732 351
f 352 3732 344
f 1918 3732 1917
f 1906 3731 1905
f 1917 3732 352
f 351 3732 1918
f 1905 3731 342
f 344 3731 1906
f 1921 345 347
f 1920 345 1921
f 348 346 1922
f 346 1919 1922
f 1919 1920 1921
f 1919 1921 1922
f 350 345 3733
f 346 349 3733
f 1919 346 3733
f 345 1920 3733
f 1920 1919 3733
f 349 1923 3733
f 1924 350 3733
f 1923 1924 3733
f 351 1918 347
f 347 1918 1921
f 1917 352 348
f 1917 348 1922
f 1918 1917 1922
f 1921 1918 1922
f 349 343 3736
f 341 350 3735
f 1903 3734 3737
f 3734 1904 3735
f 1924 1923 3734
f 350 1924 3735
f 1923 349 3736
f 3734 1923 3737
f 1923 3736 3737
f 1904 341 3735
f 343 1903 3736
f 1903 1904 3734
f 3736 1903 3737
f 1924 3734 3735
f 3738 3739 342
f 352 3739 3738
f 344 3739 352
f 351 3738 342
f 1926 3739 1925
f 1914 3738 1913
f 352 3738 1914
f 1913 3738 351
f 342 3739 1926
f 1925 3739 344
f 1925 3741 1926
f 1915 3740 1916
f 342 3741 341
f 341 3741 1915
f 1926 3741 342
f 343 3741 344
f 1916 3741 343
f 344 3741 1925
f 1915 3741 3740
f 3740 3741 1916
f 3745 3744 3746
f 356 1930 3748
f 1928 1929 3744
f 355 1930 356
f 1930 353 3747
f 1932 3745 3746
f 1932 356 3745
f 3742 3744 3745
f 3744 1929 3746
f 3745 356 3748
f 357 1931 3749
f 1931 1932 3746
f 1927 1928 3742
f 354 1933 3743
f 3746 3743 3749
f 3742 3745 3748
f 353 1927 3747
f 1929 354 3743
f 1927 3742 3747
f 1931 3746 3749
f 3742 1928 3744
f 3743 1933 3749
f 1929 3743 3746
f 1933 357 3749
f 1930 3747 3748
f 3747 3742 3748
f 358 3750 1936
f 357 3751 1931
f 356 1932 1934
f 3752 3754 1932
f 1932 3754 1934
f 1931 3752 1932
f 3751 3753 1937
f 3751 3752 1931
f 3750 3754 3752
f 358 3754 3750
f 357 3753 3751
f 1936 3751 1937
f 1934 3754 358
f 1935 3753 359
f 3750 3752 1936
f 1936 3752 3751
f 359 3753 357
f 360 3753 1935
f 1937 3753 360
f 353 1942 1927
f 1937 1938 354
f 1938 360 1939
f 1927 358 1928
f 353 1941 1942
f 354 1936 1937
f 1928 358 1929
f 1929 358 1936
f 1927 1942 358
f 1939 360 1940
f 1940 360 1941
f 1940 1941 353
f 1929 1936 354
f 1937 360 1938
f 360 3755 1941
f 355 3756 1943
f 1935 359 1944
f 3757 3759 1944
f 1944 3759 1935
f 1943 3757 1944
f 3756 3758 1942
f 3756 3757 1943
f 3755 3759 3757
f 360 3759 3755
f 355 3758 3756
f 1941 3756 1942
f 1935 3759 360
f 1934 3758 356
f 3755 3757 1941
f 1941 3757 3756
f 356 3758 355
f 358 3758 1934
f 1942 3758 358
f 3763 3762 3764
f 359 1933 3766
f 1939 1940 3762
f 357 1933 359
f 1933 354 3765
f 1944 3763 3764
f 1944 359 3763
f 3760 3762 3763
f 3762 1940 3764
f 3763 359 3766
f 1943 1944 3764
f 355 1943 3767
f 1938 1939 3760
f 353 1930 3761
f 3760 3763 3766
f 354 1938 3765
f 1940 353 3761
f 1938 3760 3765
f 3764 3761 3767
f 3760 1939 3762
f 1940 3761 3764
f 1943 3764 3767
f 3761 1930 3767
f 1930 355 3767
f 1933 3765 3766
f 3765 3760 3766
f 363 361 1945
f 363 1945 362
f 363 362 1946
f 1946 362 364
f 362 1948 365
f 362 365 1949
f 361 1949 366
f 366 1948 361
f 361 1948 1945
f 1949 361 1947
f 362 1945 1948
f 1949 1947 362
f 367 363 1946
f 1951 364 368
f 1946 364 1950
f 1950 364 1951
f 1946 1950 367
f 1949 3768 366
f 366 3768 370
f 365 3768 1949
f 370 3768 1952
f 369 3768 365
f 1952 3768 369
f 371 367 1950
f 1958 367 371
f 1954 367 1958
f 372 368 1953
f 1956 368 372
f 1951 368 1956
f 371 1950 1955
f 372 1953 1957
f 1955 1950 1951
f 1955 1951 1956
f 1957 1953 1954
f 1957 1954 1958
f 369 372 1957
f 1957 1952 369
f 1952 371 370
f 371 1952 1958
f 1957 1958 1952
f 1947 361 363
f 362 1947 363
f 362 363 1959
f 362 1959 364
f 1959 363 367
f 364 1953 368
f 364 1954 1953
f 1959 1954 364
f 1959 367 1954
f 366 3769 1948
f 370 3769 366
f 1948 3769 365
f 1960 3769 370
f 365 3769 369
f 369 3769 1960
f 1956 372 369
f 1956 369 1960
f 370 371 1960
f 1955 1960 371
f 1956 1960 1955
f 1963 3771 1964
f 1961 3770 1962
f 373 3771 374
f 1962 3771 373
f 374 3771 1963
f 376 3771 375
f 375 3771 1961
f 1964 3771 376
f 1961 3771 3770
f 3770 3771 1962
f 377 1965 379
f 1966 378 380
f 379 1965 1968
f 1967 1966 380
f 1965 1966 1968
f 1968 1966 1967
f 377 382 3772
f 381 378 3772
f 378 1966 3772
f 1965 377 3772
f 1966 1965 3772
f 1970 381 3772
f 382 1969 3772
f 1969 1970 3772
f 1971 383 379
f 1971 379 1968
f 380 384 1967
f 384 1972 1967
f 1972 1968 1967
f 1972 1971 1968
f 382 373 3775
f 375 381 3774
f 1973 3773 3776
f 3773 1974 3774
f 1970 1969 3773
f 381 1970 3774
f 1969 382 3775
f 3773 1969 3776
f 1969 3775 3776
f 373 1973 3775
f 1974 375 3774
f 1970 3773 3774
f 1973 1974 3773
f 3775 1973 3776
f 374 3778 3777
f 3777 3778 384
f 384 3778 376
f 374 3777 383
f 1976 3777 1975
f 1964 3778 1963
f 1975 3777 384
f 383 3777 1976
f 376 3778 1964
f 1963 3778 374
f 1979 377 379
f 1978 377 1979
f 380 378 1977
f 380 1977 1980
f 1977 1978 1979
f 1980 1977 1979
f 382 377 3779
f 378 381 3779
f 1977 378 3779
f 377 1978 3779
f 1978 1977 3779
f 381 1981 3779
f 1982 382 3779
f 1981 1982 3779
f 379 383 1976
f 379 1976 1979
f 1980 384 380
f 1980 1975 384
f 1976 1975 1980
f 1976 1980 1979
f 381 375 3782
f 373 382 3781
f 1961 3780 3783
f 3780 1962 3781
f 1982 1981 3780
f 382 1982 3781
f 1981 381 3782
f 3780 1981 3783
f 1981 3782 3783
f 1962 373 3781
f 375 1961 3782
f 1961 1962 3780
f 3782 1961 3783
f 1982 3780 3781
f 374 3785 3784
f 3784 3785 384
f 376 3784 384
f 383 3785 374
f 1984 3784 1983
f 1972 3785 1971
f 384 3785 1972
f 1971 3785 383
f 374 3784 1984
f 1983 3784 376
f 1983 3787 1984
f 1973 3786 1974
f 374 3787 373
f 373 3787 1973
f 1984 3787 374
f 375 3787 376
f 1974 3787 375
f 376 3787 1983
f 1973 3787 3786
f 3786 3787 1974
f 387 385 1985
f 387 1985 386
f 387 386 1986
f 1986 386 388
f 1988 389 386
f 386 389 1989
f 385 1989 390
f 390 1988 385
f 385 1988 1985
f 1989 385 1987
f 386 1985 1988
f 1989 1987 386
f 391 387 1986
f 1991 388 392
f 1986 388 1990
f 1990 388 1991
f 1986 1990 391
f 1989 3788 390
f 390 3788 394
f 389 3788 1989
f 394 3788 1992
f 393 3788 389
f 1992 3788 393
f 1994 391 395
f 395 391 1995
f 1995 391 1990
f 1991 392 396
f 396 392 1997
f 1997 392 1993
f 1994 395 1998
f 1996 1991 396
f 1996 1990 1991
f 1995 1990 1996
f 1998 1993 1994
f 1997 1993 1998
f 393 396 1997
f 1997 1992 393
f 1992 395 394
f 395 1992 1998
f 1997 1998 1992
f 1987 385 387
f 386 1987 387
f 386 387 1999
f 386 1999 388
f 1999 387 391
f 392 388 1993
f 388 1994 1993
f 1999 1994 388
f 1999 391 1994
f 390 3789 1988
f 394 3789 390
f 1988 3789 389
f 2000 3789 394
f 389 3789 393
f 393 3789 2000
f 1996 396 393
f 1996 393 2000
f 394 395 2000
f 1995 2000 395
f 1996 2000 1995
f 2003 3791 2004
f 2001 3790 2002
f 397 3791 398
f 2002 3791 397
f 398 3791 2003
f 400 3791 399
f 399 3791 2001
f 2004 3791 400
f 2001 3791 3790
f 3790 3791 2002
f 401 2005 403
f 2006 402 404
f 403 2005 2008
f 2007 2006 404
f 2008 2005 2006
f 2008 2006 2007
f 401 406 3792
f 405 402 3792
f 402 2006 3792
f 2005 401 3792
f 2006 2005 3792
f 2010 405 3792
f 406 2009 3792
f 2009 2010 3792
f 2011 407 403
f 2008 2011 403
f 404 408 2012
f 404 2012 2007
f 2007 2012 2008
f 2012 2011 2008
f 406 397 3795
f 399 405 3794
f 2013 3793 3795
f 3793 2014 3794
f 2010 2009 3793
f 2009 406 3795
f 405 2010 3794
f 397 2013 3795
f 2014 399 3794
f 3793 2009 3795
f 2010 3793 3794
f 2013 2014 3793
f 400 3797 3796
f 3796 3797 398
f 398 3797 407
f 408 3797 400
f 2016 3797 2015
f 2004 3796 2003
f 2015 3797 408
f 407 3797 2016
f 2003 3796 398
f 400 3796 2004
f 2019 401 403
f 2018 401 2019
f 404 402 2020
f 402 2017 2020
f 2017 2018 2019
f 2017 2019 2020
f 406 401 3798
f 402 405 3798
f 2017 402 3798
f 401 2018 3798
f 2018 2017 3798
f 405 2021 3798
f 2022 406 3798
f 2021 2022 3798
f 403 407 2019
f 2015 408 404
f 2015 404 2020
f 407 2016 2019
f 2016 2015 2019
f 2019 2015 2020
f 405 399 3801
f 397 406 3800
f 2001 3799 3801
f 3799 2002 3800
f 2022 2021 3799
f 2021 405 3801
f 406 2022 3800
f 2002 397 3800
f 399 2001 3801
f 2001 2002 3799
f 3799 2021 3801
f 2022 3799 3800
f 3802 3803 398
f 408 3803 3802
f 400 3803 408
f 407 3802 398
f 2024 3803 2023
f 2012 3802 2011
f 408 3802 2012
f 2011 3802 407
f 398 3803 2024
f 2023 3803 400
f 2023 3805 2024
f 2013 3804 2014
f 398 3805 397
f 397 3805 2013
f 2024 3805 398
f 399 3805 400
f 2014 3805 399
f 400 3805 2023
f 2013 3805 3804
f 3804 3805 2014
f 411 409 2025
f 411 2025 410
f 411 410 2026
f 2026 410 412
f 410 2028 413
f 410 413 2029
f 409 2029 414
f 414 2028 409
f 409 2028 2025
f 2029 409 2027
f 410 2025 2028
f 2029 2027 410
f 411 2026 415
f 2031 412 416
f 2026 412 2030
f 2030 412 2031
f 2026 2030 415
f 2029 3806 414
f 414 3806 418
f 413 3806 2029
f 418 3806 2032
f 417 3806 413
f 2032 3806 417
f 2034 415 419
f 419 415 2035
f 2035 415 2030
f 2031 416 420
f 420 416 2037
f 2037 416 2033
f 2038 2034 419
f 420 2036 2031
f 2031 2036 2030
f 2030 2036 2035
f 2038 2033 2034
f 2038 2037 2033
f 417 420 2037
f 2037 2032 417
f 2032 419 418
f 419 2032 2038
f 2037 2038 2032
f 2027 409 411
f 410 2027 411
f 410 411 2039
f 412 410 2039
f 2039 411 415
f 416 412 2033
f 412 2034 2033
f 2039 2034 412
f 2039 415 2034
f 414 3807 2028
f 418 3807 414
f 2028 3807 413
f 2040 3807 418
f 413 3807 417
f 417 3807 2040
f 2036 420 417
f 2036 417 2040
f 418 419 2040
f 2035 2040 419
f 2036 2040 2035
f 2043 3809 2044
f 2041 3808 2042
f 421 3809 422
f 2042 3809 421
f 422 3809 2043
f 424 3809 423
f 423 3809 2041
f 2044 3809 424
f 2041 3809 3808
f 3808 3809 2042
f 425 2048 427
f 425 2045 2048
f 2046 426 428
f 2047 2046 428
f 2048 2045 2046
f 2048 2046 2047
f 425 430 3810
f 429 426 3810
f 426 2046 3810
f 2045 425 3810
f 2046 2045 3810
f 2050 429 3810
f 430 2049 3810
f 2049 2050 3810
f 2048 431 427
f 428 432 2052
f 428 2052 2047
f 2051 431 2048
f 2052 2048 2047
f 2052 2051 2048
f 430 421 3813
f 423 429 3812
f 2053 3811 3813
f 3811 2054 3812
f 2050 2049 3811
f 2049 430 3813
f 429 2050 3812
f 421 2053 3813
f 2054 423 3812
f 3811 2049 3813
f 2050 3811 3812
f 2053 2054 3811
f 424 3815 3814
f 3814 3815 431
f 422 3814 431
f 432 3815 424
f 2056 3815 2055
f 2044 3814 2043
f 2055 3815 432
f 431 3815 2056
f 424 3814 2044
f 2043 3814 422
f 2058 425 427
f 428 426 2057
f 2059 2058 427
f 428 2057 2060
f 2057 2058 2059
f 2057 2059 2060
f 430 425 3816
f 426 429 3816
f 2057 426 3816
f 425 2058 3816
f 2058 2057 3816
f 429 2061 3816
f 2062 430 3816
f 2061 2062 3816
f 427 431 2059
f 2060 432 428
f 431 2056 2059
f 2055 432 2060
f 2059 2056 2055
f 2059 2055 2060
f 429 423 3819
f 421 430 3818
f 2041 3817 3819
f 3817 2042 3818
f 2062 2061 3817
f 2061 429 3819
f 430 2062 3818
f 2042 421 3818
f 423 2041 3819
f 2041 2042 3817
f 3817 2061 3819
f 2062 3817 3818
f 422 3821 3820
f 3820 3821 432
f 424 3820 432
f 431 3821 422
f 2064 3820 2063
f 2052 3821 2051
f 432 3821 2052
f 2051 3821 431
f 422 3820 2064
f 2063 3820 424
f 2063 3823 2064
f 2053 3822 2054
f 422 3823 421
f 421 3823 2053
f 2064 3823 422
f 423 3823 424
f 2054 3823 423
f 424 3823 2063
f 2053 3823 3822
f 3822 3823 2054
f 435 433 2065
f 435 2065 434
f 435 434 2066
f 2066 434 436
f 2068 437 434
f 434 437 2069
f 433 2069 438
f 438 2068 433
f 433 2068 2065
f 2069 433 2067
f 434 2065 2068
f 2069 2067 434
f 435 2066 439
f 2071 436 440
f 2066 436 2070
f 2070 436 2071
f 2066 2070 439
f 2069 3824 438
f 438 3824 442
f 437 3824 2069
f 442 3824 2072
f 441 3824 437
f 2072 3824 441
f 2074 439 443
f 443 439 2075
f 2075 439 2070
f 2071 440 444
f 444 440 2077
f 440 2073 2077
f 2078 2074 443
f 2076 2071 444
f 2076 2070 2071
f 2075 2070 2076
f 2078 2073 2074
f 2077 2073 2078
f 441 444 2077
f 2077 2072 441
f 2072 443 442
f 443 2072 2078
f 2077 2078 2072
f 2067 433 435
f 434 2067 435
f 434 435 2079
f 436 434 2079
f 2079 435 439
f 440 436 2073
f 436 2074 2073
f 2079 2074 436
f 2079 439 2074
f 438 3825 2068
f 442 3825 438
f 2068 3825 437
f 2080 3825 442
f 437 3825 441
f 441 3825 2080
f 2076 444 441
f 2076 441 2080
f 443 2080 442
f 2075 2080 443
f 2076 2080 2075
f 447 445 2081
f 447 2081 446
f 447 446 2082
f 2082 446 448
f 446 2084 449
f 446 449 2085
f 445 2085 450
f 450 2084 445
f 445 2084 2081
f 2085 445 2083
f 446 2081 2084
f 2085 2083 446
f 451 447 2082
f 2087 448 452
f 2082 448 2086
f 2086 448 2087
f 2082 2086 451
f 2085 3826 450
f 450 3826 454
f 449 3826 2085
f 454 3826 2088
f 453 3826 449
f 2088 3826 453
f 455 451 2086
f 2094 451 455
f 2090 451 2094
f 456 452 2089
f 2092 452 456
f 2087 452 2092
f 455 2086 2091
f 456 2089 2093
f 2091 2086 2087
f 2091 2087 2092
f 2093 2089 2090
f 2093 2090 2094
f 456 2093 453
f 2093 2088 453
f 2088 455 454
f 455 2088 2094
f 2093 2094 2088
f 2083 445 447
f 446 2083 447
f 446 447 2095
f 448 446 2095
f 2095 447 451
f 448 2089 452
f 448 2090 2089
f 2095 2090 448
f 2095 451 2090
f 450 3827 2084
f 454 3827 450
f 2084 3827 449
f 2096 3827 454
f 449 3827 453
f 453 3827 2096
f 2092 456 453
f 2092 453 2096
f 455 2096 454
f 2091 2096 455
f 2092 2096 2091
f 3831 3830 3832
f 460 2100 3834
f 2098 2099 3830
f 2100 460 459
f 2100 457 3833
f 2102 3831 3832
f 2102 460 3831
f 3828 3830 3831
f 3830 2099 3832
f 3831 460 3834
f 2101 2102 3832
f 461 2101 3835
f 2097 2098 3828
f 458 2103 3829
f 3828 3831 3834
f 457 2097 3833
f 2099 458 3829
f 2097 3828 3833
f 3832 3829 3835
f 3828 2098 3830
f 2099 3829 3832
f 2101 3832 3835
f 3829 2103 3835
f 2103 461 3835
f 2100 3833 3834
f 3833 3828 3834
f 462 3836 2106
f 461 3837 2101
f 460 2102 2104
f 3838 3840 2102
f 2102 3840 2104
f 2101 3838 2102
f 3837 3839 2107
f 3837 3838 2101
f 3836 3840 3838
f 462 3840 3836
f 461 3839 3837
f 2106 3837 2107
f 2104 3840 462
f 2105 3839 463
f 3836 3838 2106
f 2106 3838 3837
f 463 3839 461
f 464 3839 2105
f 2107 3839 464
f 457 2112 2097
f 2107 2108 458
f 2109 2108 464
f 2097 462 2098
f 457 2111 2112
f 458 2106 2107
f 2098 462 2099
f 2099 462 2106
f 2109 464 2110
f 2110 464 2111
f 464 2108 2107
f 2110 2111 457
f 458 2099 2106
f 2112 462 2097
f 464 3841 2111
f 459 3842 2113
f 2105 463 2114
f 3843 3845 2114
f 2114 3845 2105
f 2113 3843 2114
f 3842 3844 2112
f 3842 3843 2113
f 3841 3845 3843
f 464 3845 3841
f 459 3844 3842
f 2111 3842 2112
f 2105 3845 464
f 2104 3844 460
f 3841 3843 2111
f 2111 3843 3842
f 460 3844 459
f 462 3844 2104
f 2112 3844 462
f 3849 3848 3850
f 463 2103 3852
f 2109 2110 3848
f 2103 458 3851
f 461 2103 463
f 2114 3849 3850
f 2114 463 3849
f 3846 3848 3849
f 3848 2110 3850
f 3849 463 3852
f 2113 2114 3850
f 459 2113 3853
f 2108 2109 3846
f 457 2100 3847
f 2108 3846 3851
f 458 2108 3851
f 3846 3849 3852
f 2110 457 3847
f 3850 3847 3853
f 3846 2109 3848
f 2110 3847 3850
f 2113 3850 3853
f 3847 2100 3853
f 2100 459 3853
f 3851 3846 3852
f 2103 3851 3852
f 467 465 2115
f 467 2115 466
f 467 466 2116
f 2116 466 468
f 466 2118 469
f 466 469 2119
f 465 2119 470
f 470 2118 465
f 465 2118 2115
f 2119 465 2117
f 466 2115 2118
f 2119 2117 466
f 471 467 2116
f 2121 468 472
f 2116 468 2120
f 2120 468 2121
f 2116 2120 471
f 2119 3854 470
f 470 3854 474
f 469 3854 2119
f 474 3854 2122
f 473 3854 469
f 2122 3854 473
f 2124 471 475
f 475 471 2125
f 2125 471 2120
f 2121 472 476
f 476 472 2127
f 2127 472 2123
f 2128 2124 475
f 2126 2121 476
f 2126 2120 2121
f 2125 2120 2126
f 2128 2123 2124
f 2127 2123 2128
f 476 2127 473
f 2127 2122 473
f 2122 475 474
f 475 2122 2128
f 2127 2128 2122
f 2117 465 467
f 466 2117 467
f 466 467 2129
f 466 2129 468
f 2129 467 471
f 468 2123 472
f 468 2124 2123
f 2129 2124 468
f 2129 471 2124
f 470 3855 2118
f 474 3855 470
f 2118 3855 469
f 2130 3855 474
f 469 3855 473
f 473 3855 2130
f 2126 476 473
f 2126 473 2130
f 474 475 2130
f 2125 2130 475
f 2126 2130 2125
f 479 3857 477
f 478 3858 480
f 3857 3860 477
f 478 3861 3858
f 3857 3859 3856
f 3856 3859 3858
f 2131 3856 2132
f 3858 3861 3856
f 3858 3859 2133
f 2134 3859 3857
f 3856 3860 3857
f 480 3858 2133
f 2134 3857 479
f 2133 3859 2134
f 2132 3861 478
f 477 3860 2131
f 3856 3861 2132
f 2131 3860 3856
f 3862 483 3863
f 482 3862 3863
f 2138 2137 3862
f 2135 2136 3863
f 482 481 3862
f 481 2138 3862
f 2136 482 3863
f 484 483 3862
f 483 2135 3863
f 2137 484 3862
f 477 2131 486
f 2140 478 485
f 2132 478 2140
f 486 2131 2139
f 2140 2131 2132
f 2139 2131 2140
f 479 487 2134
f 2133 488 480
f 487 2141 2134
f 2142 488 2133
f 2134 2141 2133
f 2141 2142 2133
f 2145 487 479
f 488 2143 480
f 480 2143 2146
f 2144 487 2145
f 2145 2143 2144
f 2146 2143 2145
f 2150 477 486
f 2150 2148 477
f 485 478 2149
f 478 2147 2149
f 2147 2148 2150
f 2149 2147 2150
f 487 2138 481
f 2151 487 481
f 2137 488 484
f 484 488 2152
f 2144 2138 487
f 2141 487 2151
f 2143 488 2137
f 2152 488 2142
f 2137 2138 2143
f 2143 2138 2144
f 2141 2152 2142
f 2141 2151 2152
f 484 3864 3865
f 3864 482 3865
f 2152 2151 3864
f 2153 2154 3865
f 481 482 3864
f 2151 481 3864
f 482 2153 3865
f 483 484 3865
f 2154 483 3865
f 484 2152 3864
f 482 2136 486
f 486 2139 482
f 482 2139 2153
f 485 2149 483
f 2154 485 483
f 483 2149 2135
f 2140 485 2154
f 486 2136 2150
f 2150 2136 2135
f 2135 2149 2150
f 2153 2139 2140
f 2153 2140 2154
f 477 3867 479
f 480 3868 478
f 3867 3870 479
f 480 3871 3868
f 3867 3869 3866
f 3866 3869 3868
f 2145 3866 2146
f 3868 3871 3866
f 3868 3869 2147
f 2148 3869 3867
f 3866 3870 3867
f 478 3868 2147
f 2148 3867 477
f 2147 3869 2148
f 2146 3871 480
f 479 3870 2145
f 3866 3871 2146
f 2145 3870 3866
f 2158 494 3873
f 495 2158 3872
f 2158 3873 3878
f 3872 2158 3879
f 3872 3879 3884
f 489 496 3876
f 493 492 3877
f 3878 3873 3883
f 490 2155 3881
f 2157 490 3880
f 3882 3872 3884
f 2157 3880 3883
f 3876 3872 3882
f 3880 3875 3883
f 496 3872 3876
f 2155 489 3876
f 492 2157 3877
f 3873 493 3877
f 3877 2157 3883
f 3881 2155 3882
f 2156 491 3875
f 491 2156 3874
f 2156 490 3881
f 3875 3878 3883
f 490 2156 3880
f 3873 3877 3883
f 2156 3875 3880
f 494 493 3873
f 496 495 3872
f 2155 3876 3882
f 491 3874 3879
f 3875 491 3878
f 3874 2156 3881
f 3874 3881 3882
f 3874 3882 3884
f 2158 491 3879
f 491 2158 3878
f 3879 3874 3884
f 2162 502 3886
f 503 2162 3885
f 2162 3886 3891
f 3885 2162 3892
f 3885 3892 3897
f 497 504 3889
f 501 500 3890
f 3891 3886 3896
f 498 2159 3894
f 2161 498 3893
f 3895 3885 3897
f 2161 3893 3896
f 3889 3885 3895
f 3893 3888 3896
f 504 3885 3889
f 2159 497 3889
f 500 2161 3890
f 3886 501 3890
f 3890 2161 3896
f 3894 2159 3895
f 2160 499 3888
f 499 2160 3887
f 2160 498 3894
f 3888 3891 3896
f 498 2160 3893
f 3886 3890 3896
f 2160 3888 3893
f 502 501 3886
f 504 503 3885
f 2159 3889 3895
f 499 3887 3892
f 3888 499 3891
f 3887 2160 3894
f 3887 3894 3895
f 3887 3895 3897
f 2162 499 3892
f 499 2162 3891
f 3892 3887 3897
f 2166 510 3899
f 511 2166 3898
f 2166 3899 3904
f 3898 2166 3905
f 3898 3905 3910
f 505 512 3902
f 509 508 3903
f 3904 3899 3909
f 506 2163 3907
f 2165 506 3906
f 3908 3898 3910
f 2165 3906 3909
f 3902 3898 3908
f 3906 3901 3909
f 512 3898 3902
f 2163 505 3902
f 508 2165 3903
f 3899 509 3903
f 3903 2165 3909
f 3907 2163 3908
f 2164 507 3901
f 507 2164 3900
f 2164 506 3907
f 3901 3904 3909
f 506 2164 3906
f 3899 3903 3909
f 2164 3901 3906
f 510 509 3899
f 512 511 3898
f 2163 3902 3908
f 507 3900 3905
f 3901 507 3904
f 3900 2164 3907
f 3900 3907 3908
f 3900 3908 3910
f 2166 507 3905
f 507 2166 3904
f 3905 3900 3910
f 2170 518 3912
f 519 2170 3911
f 2170 3912 3917
f 3911 2170 3918
f 3911 3918 3923
f 513 520 3915
f 517 516 3916
f 3917 3912 3922
f 514 2167 3920
f 2169 514 3919
f 3921 3911 3923
f 2169 3919 3922
f 3915 3911 3921
f 3919 3914 3922
f 520 3911 3915
f 2167 513 3915
f 516 2169 3916
f 3912 517 3916
f 3916 2169 3922
f 3920 2167 3921
f 2168 515 3914
f 515 2168 3913
f 2168 514 3920
f 3914 3917 3922
f 514 2168 3919
f 3912 3916 3922
f 2168 3914 3919
f 518 517 3912
f 520 519 3911
f 2167 3915 3921
f 515 3913 3918
f 3914 515 3917
f 3913 2168 3920
f 3913 3920 3921
f 3913 3921 3923
f 2170 515 3918
f 515 2170 3917
f 3918 3913 3923
f 2174 526 3925
f 527 2174 3924
f 2174 3925 3930
f 3924 2174 3931
f 3924 3931 3936
f 521 528 3928
f 525 524 3929
f 3930 3925 3935
f 522 2171 3933
f 2173 522 3932
f 3934 3924 3936
f 2173 3932 3935
f 3928 3924 3934
f 3932 3927 3935
f 528 3924 3928
f 2171 521 3928
f 524 2173 3929
f 3925 525 3929
f 3929 2173 3935
f 3933 2171 3934
f 2172 523 3927
f 523 2172 3926
f 2172 522 3933
f 3927 3930 3935
f 522 2172 3932
f 3925 3929 3935
f 2172 3927 3932
f 526 525 3925
f 528 527 3924
f 2171 3928 3934
f 523 3926 3931
f 3927 523 3930
f 3926 2172 3933
f 3926 3933 3934
f 3926 3934 3936
f 2174 523 3931
f 523 2174 3930
f 3931 3926 3936
f 2178 534 3938
f 535 2178 3937
f 2178 3938 3943
f 3937 2178 3944
f 3937 3944 3949
f 529 536 3941
f 533 532 3942
f 3943 3938 3948
f 530 2175 3946
f 2177 530 3945
f 3947 3937 3949
f 2177 3945 3948
f 3941 3937 3947
f 3945 3940 3948
f 536 3937 3941
f 2175 529 3941
f 532 2177 3942
f 3938 533 3942
f 3942 2177 3948
f 3946 2175 3947
f 2176 531 3940
f 531 2176 3939
f 2176 530 3946
f 3940 3943 3948
f 530 2176 3945
f 3938 3942 3948
f 2176 3940 3945
f 534 533 3938
f 536 535 3937
f 2175 3941 3947
f 531 3939 3944
f 3940 531 3943
f 3939 2176 3946
f 3939 3946 3947
f 3939 3947 3949
f 2178 531 3944
f 531 2178 3943
f 3944 3939 3949
f 538 537 3951
f 540 539 3950
f 2180 538 3951
f 2182 2181 3952
f 2180 3951 3952
f 3951 2182 3952
f 2181 3950 3952
f 539 2179 3950
f 2181 540 3950
f 3950 2179 3952
f 2179 2180 3952
f 537 2182 3951
f 542 544 543
f 2186 2187 542
f 2188 2186 542
f 542 2187 544
f 541 542 2183
f 542 543 2185
f 542 2185 2184
f 542 2184 2183
f 546 545 2188
f 545 2186 2188
f 548 547 3954
f 550 549 3953
f 547 2192 3954
f 2189 2190 3955
f 3954 2192 3955
f 2190 3954 3955
f 3953 2189 3955
f 549 2189 3953
f 2191 550 3953
f 2191 3953 3955
f 2192 2191 3955
f 2190 548 3954
f 552 551 3957
f 554 553 3956
f 551 2196 3957
f 2193 2194 3958
f 3957 2196 3958
f 2194 3957 3958
f 3956 2193 3958
f 553 2193 3956
f 2195 554 3956
f 2195 3956 3958
f 2196 2195 3958
f 2194 552 3957
f 558 557 3960
f 556 555 3961
f 2200 2199 3959
f 3959 2199 3960
f 2200 3959 3961
f 557 2197 3960
f 2198 556 3961
f 2199 558 3960
f 555 2200 3961
f 2197 3959 3960
f 3959 2198 3961
f 2197 2198 3959
f 564 563 559
f 562 561 3962
f 2204 562 3962
f 561 2202 3962
f 559 2203 2201
f 563 2203 559
f 564 559 560
f 2202 2201 3962
f 2203 2204 2201
f 2201 2204 3962
f 568 567 3963
f 566 565 3964
f 567 2205 3963
f 565 2208 3964
f 2208 2207 3965
f 3964 2208 3965
f 3963 2205 3965
f 2207 3963 3965
f 2205 2206 3965
f 2206 566 3964
f 2207 568 3963
f 2206 3964 3965
f 574 573 569
f 2210 2211 569
f 569 2211 2209
f 573 2210 569
f 2214 569 570
f 574 569 2212
f 2213 569 2214
f 2212 569 2213
f 2209 572 571
f 2211 572 2209
f 576 578 577
f 580 579 3966
f 579 2215 3966
f 2217 580 3966
f 2218 2216 576
f 2216 578 576
f 575 576 577
f 2215 2216 2218
f 2215 2218 3966
f 2218 2217 3966
f 4012 4023 2171
f 2223 4082 4033
f 584 4033 3970
f 584 3970 587
f 586 3971 585
f 3971 4012 585
f 586 3972 3971
f 3970 3973 587
f 2223 4033 584
f 585 4012 2171
f 2228 4024 2177
f 2220 4042 2228
f 4018 4056 2222
f 4009 4020 4012
f 4013 4028 4002
f 3988 3990 3989
f 4030 4061 4029
f 4039 4044 3991
f 524 4056 2231
f 2231 4056 4055
f 2227 4040 4038
f 2175 3993 529
f 4014 4015 4010
f 3989 3990 3986
f 3984 4090 4031
f 3986 4092 3982
f 4007 4014 4010
f 4029 4061 3988
f 3980 3981 3971
f 2177 4095 530
f 4075 4079 4077
f 2226 4076 2225
f 3988 4065 3990
f 3970 3976 3975
f 4005 4087 4014
f 4008 4053 4026
f 3976 3983 3975
f 4031 4035 4030
f 4015 4016 4010
f 4077 4079 4068
f 2157 4076 4072
f 3984 4031 4029
f 4015 4054 4016
f 4005 4014 4007
f 3990 4084 3986
f 4007 4010 4009
f 4035 4036 4030
f 4011 4053 4008
f 3978 4029 3988
f 3985 3986 3982
f 3981 4053 4011
f 4044 4045 3991
f 4016 4063 4023
f 4069 4077 4068
f 3991 4051 4039
f 4032 4090 3984
f 2232 3967 2233
f 3975 3983 3977
f 4028 4050 4027
f 4060 4078 2226
f 3991 4065 3988
f 3987 4026 3982
f 2175 3994 3993
f 3972 3979 3971
f 4067 4068 3969
f 4010 4020 4009
f 4027 4087 4005
f 3980 4062 3981
f 3975 3979 3974
f 4021 4054 4022
f 4029 4031 4030
f 4014 4048 4015
f 3982 4092 3987
f 4003 4027 4005
f 3977 4062 3980
f 4045 4047 3996
f 4073 4091 4081
f 3970 3974 3973
f 4003 4028 4027
f 3988 3989 3978
f 4003 4004 4001
f 4002 4003 4001
f 4054 4057 4022
f 4037 4066 3969
f 3985 3989 3986
f 2232 3973 3967
f 3967 3972 2233
f 4037 4060 4038
f 4038 4039 4036
f 4054 4089 4016
f 4070 4080 4069
f 4067 4069 4068
f 4049 4050 2230
f 4035 4037 4036
f 4039 4051 4036
f 3977 3980 3975
f 3993 4052 3992
f 3967 3979 3972
f 4016 4023 4020
f 3970 3975 3974
f 4031 4083 4035
f 4022 4056 4018
f 3968 4050 4049
f 3987 4059 4026
f 3974 3979 3967
f 4003 4005 4004
f 2231 4055 2230
f 2175 4043 3994
f 4016 4089 4063
f 2230 4050 2229
f 2227 4060 2226
f 3969 4060 4037
f 3968 4087 4027
f 4076 4079 4075
f 3984 4033 4032
f 4082 4094 4032
f 4015 4057 4054
f 2230 4055 4049
f 4081 4091 4080
f 4034 4070 4069
f 4021 4089 4054
f 3994 4043 3998
f 3992 4052 4041
f 4069 4080 4077
f 4005 4007 4006
f 4043 4095 3998
f 4000 4001 3999
f 4022 4057 4055
f 4064 4093 3984
f 4036 4051 4030
f 4001 4046 3999
f 4034 4069 4067
f 4004 4046 4001
f 581 4088 4047
f 4016 4020 4010
f 3973 3974 3967
f 4048 4057 4015
f 3969 4078 4060
f 4066 4083 4067
f 4007 4009 4008
f 490 4072 4071
f 4038 4060 2227
f 3978 3985 3983
f 4042 4044 4039
f 3988 4061 3991
f 490 4071 2155
f 3994 3998 3997
f 2221 4017 582
f 3998 4095 4024
f 4035 4066 4037
f 4026 4053 3982
f 4066 4067 3969
f 3975 3980 3979
f 4044 4047 4045
f 4009 4012 4011
f 3982 4062 3985
f 4068 4078 3969
f 3983 4064 3978
f 4037 4038 4036
f 4038 4040 4039
f 4002 4028 4003
f 4025 4092 4084
f 3998 4024 4000
f 4072 4075 4074
f 4017 4018 582
f 4042 4047 4044
f 3979 3980 3971
f 4000 4002 4001
f 4005 4006 4004
f 2221 4019 4017
f 529 3992 2219
f 3978 3989 3985
f 4040 4042 4039
f 4035 4083 4066
f 4055 4057 4049
f 4058 4092 4025
f 4072 4074 4071
f 4029 4064 3984
f 3968 4049 4048
f 3994 3997 3995
f 530 4043 2175
f 4078 4079 2226
f 3992 3996 2219
f 4077 4080 4074
f 4083 4090 4034
f 4008 4026 4006
f 4048 4087 3968
f 4071 4073 2155
f 4017 4021 4018
f 4007 4008 4006
f 3998 3999 3997
f 4075 4077 4074
f 4067 4083 4034
f 4049 4057 4048
f 4041 4052 3990
f 3998 4000 3999
f 4070 4081 4080
f 4009 4011 4008
f 4031 4090 4083
f 3976 4093 4064
f 4019 4086 4063
f 3976 4064 3983
f 4047 4088 3996
f 4051 4061 4030
f 3994 3995 3993
f 4026 4059 4006
f 4055 4056 4022
f 4004 4059 4046
f 4070 4082 4081
f 521 4085 2221
f 3991 4061 4051
f 3987 4092 4058
f 2219 4088 581
f 4084 4092 3986
f 4000 4024 4013
f 4080 4091 4074
f 4046 4059 3987
f 3990 4065 4041
f 4063 4089 4019
f 4068 4079 4078
f 529 3993 3992
f 3997 4025 3995
f 4041 4045 3996
f 4000 4013 4002
f 3992 4041 3996
f 2229 4050 4028
f 3987 4058 4046
f 3996 4088 2219
f 4014 4087 4048
f 4034 4094 4070
f 4046 4058 3999
f 3978 4064 4029
f 4070 4094 4082
f 4053 4062 3982
f 4021 4022 4018
f 3983 3985 3977
f 3995 4084 4052
f 2221 4085 4019
f 530 4095 4043
f 3995 4052 3993
f 3999 4058 3997
f 3984 4093 4033
f 4072 4076 4075
f 3985 4062 3977
f 4006 4059 4004
f 4025 4084 3995
f 4063 4086 4023
f 587 3973 2232
f 2233 3972 586
f 4085 4086 4019
f 3997 4058 4025
f 4041 4065 4045
f 4017 4089 4021
f 4019 4089 4017
f 4074 4091 4071
f 4090 4094 4034
f 4045 4065 3991
f 584 2224 583
f 2173 585 522
f 3981 4062 4053
f 4071 4091 4073
f 4052 4084 3990
f 4032 4094 4090
f 2224 584 2225
f 585 2173 2231
f 2155 4073 489
f 489 4082 2223
f 4073 4081 489
f 4081 4082 489
f 2157 4072 490
f 492 4076 2157
f 2224 2225 492
f 2225 4076 492
f 2171 4086 521
f 521 4086 4085
f 2171 522 585
f 2231 2173 524
f 2222 4056 524
f 2228 2177 532
f 2220 2228 532
f 581 4047 2220
f 582 4018 2222
f 584 583 2223
f 4023 4086 2171
f 4024 4095 2177
f 2220 4047 4042
f 2228 4040 2227
f 2229 4013 2228
f 2229 4028 4013
f 4013 4024 2228
f 2228 4042 4040
f 2226 4079 4076
f 4027 4050 3968
f 3970 4093 3976
f 4033 4093 3970
f 3981 4012 3971
f 4011 4012 3981
f 4020 4023 4012
f 4033 4082 4032
f 2234 588 590
f 589 2237 591
f 589 2235 2237
f 2236 2234 590
f 2237 2235 2234
f 2237 2234 2236
f 560 559 2238
f 593 592 527
f 592 2174 527
f 2239 2174 592
f 2239 560 526
f 526 560 2238
f 2239 526 2174
f 593 527 559
f 527 2238 559
f 542 541 4096
f 570 569 4096
f 511 570 4096
f 541 511 4096
f 541 2166 511
f 570 2240 2242
f 2243 2166 541
f 2243 510 2166
f 2240 510 2242
f 2243 2242 510
f 511 2240 570
f 2241 542 4096
f 569 2241 4096
f 595 597 4097
f 596 594 4097
f 535 596 4097
f 597 535 4097
f 597 2178 535
f 596 2244 2246
f 2247 2178 597
f 2247 534 2178
f 2244 534 2246
f 534 2247 2246
f 535 2244 596
f 594 2245 4097
f 2245 595 4097
f 599 598 2170
f 519 592 593
f 2248 592 2249
f 598 2248 518
f 598 518 2170
f 2248 2249 518
f 519 2249 592
f 599 519 593
f 599 2170 519
f 576 575 2158
f 600 601 2251
f 503 4104 4108
f 576 495 4105
f 503 601 4105
f 4105 495 4106
f 4100 2162 4109
f 4098 4100 4108
f 2253 2252 4101
f 4108 4100 4109
f 4099 4103 4106
f 4099 2253 4101
f 4099 4102 4103
f 4103 4102 4104
f 4107 4098 4108
f 4099 4101 4102
f 4101 4098 4102
f 4103 4104 4105
f 4104 4102 4107
f 4102 4098 4107
f 575 2253 494
f 2252 600 502
f 575 494 2158
f 502 600 2251
f 2250 494 4099
f 494 2253 4099
f 576 2158 495
f 495 2250 4106
f 502 2162 4100
f 2252 502 4100
f 503 2251 601
f 2162 503 4109
f 4104 503 4105
f 503 4108 4109
f 2254 576 4105
f 601 2254 4105
f 2250 4099 4106
f 4098 2252 4100
f 2252 4098 4101
f 4103 4105 4106
f 4104 4107 4108
f 588 2256 590
f 2257 589 591
f 2257 2255 589
f 590 2256 2258
f 2256 2255 2257
f 2258 2256 2257
f 588 4152 544
f 573 4150 589
f 578 4154 588
f 589 4156 563
f 2186 4145 4116
f 4118 4147 2276
f 2269 4199 4119
f 4114 4191 2255
f 2256 4116 4114
f 4115 4118 2234
f 2235 4119 4115
f 538 4152 588
f 589 4150 567
f 588 4154 538
f 567 4156 589
f 4144 4178 4113
f 4144 4194 4178
f 4128 4167 4132
f 4132 4168 4128
f 4130 4171 4129
f 4129 4172 4130
f 4129 4169 4136
f 4136 4172 4129
f 4132 4173 4133
f 4167 4173 4132
f 4134 4180 4168
f 4168 4180 4128
f 2211 4191 572
f 4178 4194 4133
f 2179 4144 4113
f 4111 4143 2206
f 4112 4141 2260
f 2271 4140 4110
f 4112 4157 4141
f 4140 4158 4110
f 4111 4179 4143
f 4127 4186 4161
f 4160 4187 4126
f 4117 4190 4146
f 4161 4189 4127
f 4126 4195 4160
f 572 4191 4146
f 4147 4197 4196
f 4196 4197 4122
f 2206 4163 4111
f 4113 4162 2179
f 2260 4164 4112
f 4110 4170 2271
f 2275 2234 2276
f 2210 2255 2211
f 2256 2187 2186
f 2235 2270 2269
f 4111 4163 4149
f 4151 4162 4113
f 4112 4164 4153
f 4155 4170 4110
f 4152 4162 4151
f 4149 4163 4150
f 4153 4164 4154
f 4156 4170 4155
f 4146 4191 4117
f 4149 4175 4111
f 4113 4176 4151
f 4153 4177 4112
f 4110 4185 4155
f 4146 4190 4181
f 4182 4186 4127
f 4126 4187 4183
f 4158 4174 4110
f 4131 4174 4158
f 4111 4175 4166
f 4171 4182 4127
f 4126 4183 4169
f 4146 4181 4139
f 4166 4179 4111
f 4165 4180 4134
f 4136 4137 4122
f 2198 4136 4122
f 4123 4131 4130
f 4123 4130 2197
f 2203 4155 2204
f 556 4118 2267
f 2198 4122 556
f 4123 4159 4148
f 557 4159 4123
f 557 4123 2197
f 4119 4159 557
f 2268 4119 557
f 4123 4148 4131
f 2194 4125 552
f 2190 4116 548
f 2206 4143 566
f 2262 4138 545
f 2261 4151 2262
f 2263 4128 2264
f 2264 4121 549
f 2273 4149 2274
f 572 4139 2273
f 4138 4145 545
f 2194 4132 4125
f 4124 4135 4134
f 4132 4133 4125
f 549 4117 2189
f 539 4144 2179
f 553 4124 2193
f 4124 4134 2193
f 572 4146 4139
f 548 4120 2263
f 2260 4141 539
f 539 4160 4144
f 4141 4160 539
f 552 4126 2265
f 2215 4153 2216
f 4143 4161 566
f 566 4140 2271
f 566 4161 4140
f 2266 4127 553
f 579 4142 2215
f 2265 4129 2266
f 579 4147 4142
f 2194 4168 4132
f 4134 4168 2193
f 2263 4167 4128
f 2198 4172 4136
f 4130 4172 2197
f 2265 4169 4129
f 4129 4171 2266
f 4166 4175 4139
f 4135 4166 4165
f 2179 4162 2180
f 2205 4163 2206
f 2259 4164 2260
f 4135 4165 4134
f 2193 4168 2194
f 4120 4167 2263
f 4126 4169 2265
f 2271 4170 2272
f 2266 4171 4127
f 2197 4172 2198
f 4120 4173 4167
f 4142 4196 4184
f 4141 4187 4160
f 4161 4186 4140
f 4151 4176 2262
f 2273 4175 4149
f 2215 4177 4153
f 4148 4174 4131
f 4142 4184 4177
f 2264 4180 4121
f 4147 4196 4142
f 4122 4197 556
f 4160 4194 4144
f 4160 4195 4194
f 4143 4188 4161
f 548 4192 4120
f 4192 4193 4120
f 4188 4189 4161
f 549 4190 4117
f 552 4195 4126
f 4127 4189 553
f 4121 4180 4165
f 4166 4181 4165
f 4120 4193 4173
f 4165 4181 4121
f 4174 4198 4185
f 4181 4190 4121
f 4136 4183 4137
f 4131 4182 4130
f 4139 4181 4166
f 4169 4183 4136
f 4130 4182 4171
f 4135 4179 4166
f 4112 4184 4157
f 4193 4200 4173
f 4148 4198 4174
f 4158 4186 4182
f 4183 4187 4157
f 4139 4175 2273
f 2262 4176 4138
f 4142 4177 2215
f 4113 4178 4176
f 4184 4196 4137
f 4157 4184 4137
f 4137 4183 4157
f 4158 4182 4131
f 4157 4187 4141
f 4140 4186 4158
f 4173 4178 4133
f 4178 4200 4176
f 4128 4180 2264
f 4155 4185 2204
f 2203 4156 4155
f 4149 4150 2274
f 2261 4152 4151
f 4153 4154 2216
f 4185 4198 2204
f 556 4197 4118
f 4137 4196 4122
f 4121 4190 549
f 4124 4188 4135
f 4116 4192 548
f 553 4189 4124
f 4124 4189 4188
f 4125 4195 552
f 4138 4193 4145
f 4145 4193 4192
f 4133 4194 4125
f 4194 4195 4125
f 4159 4199 4148
f 2204 4198 562
f 4174 4185 4110
f 4177 4184 4112
f 4138 4200 4193
f 4176 4200 4138
f 4135 4188 4179
f 4179 4188 4143
f 4173 4200 4178
f 4148 4199 4198
f 4198 4199 562
f 2189 4114 2190
f 2267 4115 2268
f 2187 2256 544
f 2270 2235 563
f 2235 4115 2234
f 2256 4114 2255
f 2180 4152 538
f 538 4154 2259
f 544 2256 588
f 544 4152 2261
f 545 4145 2186
f 562 4199 2269
f 563 2235 589
f 563 4156 2203
f 567 4150 2205
f 2272 4156 567
f 589 2255 573
f 573 2255 2210
f 2274 4150 573
f 588 2234 578
f 2216 4154 578
f 578 2234 2275
f 2276 4147 579
f 2180 4162 4152
f 2186 4116 2256
f 2189 4117 4114
f 4114 4116 2190
f 4150 4163 2205
f 2255 4191 2211
f 2234 4118 2276
f 2269 4119 2235
f 4154 4164 2259
f 2267 4118 4115
f 4115 4119 2268
f 2272 4170 4156
f 4117 4191 4114
f 4145 4192 4116
f 4118 4197 4147
f 4119 4199 4159
f 586 2277 591
f 2233 586 2237
f 587 2232 590
f 2278 587 590
f 2236 2232 2233
f 2278 2257 2277
f 586 591 2237
f 2232 2236 590
f 2258 2278 590
f 2277 2257 591
f 2237 2236 2233
f 2258 2257 2278
f 4246 4257 2159
f 2290 4316 4267
f 585 4267 4204
f 585 4204 586
f 587 4205 584
f 4205 4246 584
f 587 4206 4205
f 4204 4207 586
f 2290 4267 585
f 584 4246 2159
f 2282 4258 2165
f 2289 4276 2282
f 4252 4290 2287
f 4243 4254 4246
f 4247 4262 4236
f 4222 4224 4223
f 4264 4295 4263
f 4273 4278 4225
f 500 4290 2285
f 2285 4290 4289
f 2281 4274 4272
f 2163 4227 505
f 4248 4249 4244
f 4223 4224 4220
f 4218 4324 4265
f 4220 4326 4216
f 4241 4248 4244
f 4263 4295 4222
f 4214 4215 4205
f 2165 4329 506
f 4309 4313 4311
f 2280 4310 2279
f 4222 4299 4224
f 4204 4210 4209
f 4239 4321 4248
f 4242 4287 4260
f 4210 4217 4209
f 4265 4269 4264
f 4249 4250 4244
f 4311 4313 4302
f 2169 4310 4306
f 4218 4265 4263
f 4249 4288 4250
f 4239 4248 4241
f 4224 4318 4220
f 4241 4244 4243
f 4269 4270 4264
f 4245 4287 4242
f 4212 4263 4222
f 4219 4220 4216
f 4215 4287 4245
f 4278 4279 4225
f 4250 4297 4257
f 4303 4311 4302
f 4225 4285 4273
f 4266 4324 4218
f 2277 4201 2278
f 4209 4217 4211
f 4262 4284 4261
f 4294 4312 2280
f 4225 4299 4222
f 4221 4260 4216
f 2163 4228 4227
f 4206 4213 4205
f 4301 4302 4203
f 4244 4254 4243
f 4261 4321 4239
f 4214 4296 4215
f 4209 4213 4208
f 4255 4288 4256
f 4263 4265 4264
f 4248 4282 4249
f 4216 4326 4221
f 4237 4261 4239
f 4211 4296 4214
f 4279 4281 4230
f 4307 4325 4315
f 4204 4208 4207
f 4237 4262 4261
f 4222 4223 4212
f 4237 4238 4235
f 4236 4237 4235
f 4288 4291 4256
f 4271 4300 4203
f 4219 4223 4220
f 2277 4207 4201
f 4201 4206 2278
f 4271 4294 4272
f 4272 4273 4270
f 4288 4323 4250
f 4304 4314 4303
f 4301 4303 4302
f 4283 4284 2284
f 4269 4271 4270
f 4273 4285 4270
f 4211 4214 4209
f 4227 4286 4226
f 4201 4213 4206
f 4250 4257 4254
f 4204 4209 4208
f 4265 4317 4269
f 4256 4290 4252
f 4202 4284 4283
f 4221 4293 4260
f 4208 4213 4201
f 4237 4239 4238
f 2285 4289 2284
f 2163 4277 4228
f 4250 4323 4297
f 2284 4284 2283
f 2281 4294 2280
f 4203 4294 4271
f 4202 4321 4261
f 4310 4313 4309
f 4218 4267 4266
f 4316 4328 4266
f 4249 4291 4288
f 2284 4289 4283
f 4315 4325 4314
f 4268 4304 4303
f 4255 4323 4288
f 4228 4277 4232
f 4226 4286 4275
f 4303 4314 4311
f 4239 4241 4240
f 4277 4329 4232
f 4234 4235 4233
f 4256 4291 4289
f 4298 4327 4218
f 4270 4285 4264
f 4235 4280 4233
f 4268 4303 4301
f 4238 4280 4235
f 603 4322 4281
f 4250 4254 4244
f 4207 4208 4201
f 4282 4291 4249
f 4203 4312 4294
f 4300 4317 4301
f 4241 4243 4242
f 514 4306 4305
f 4272 4294 2281
f 4212 4219 4217
f 4276 4278 4273
f 4222 4295 4225
f 514 4305 2167
f 4228 4232 4231
f 2286 4251 602
f 4232 4329 4258
f 4269 4300 4271
f 4260 4287 4216
f 4300 4301 4203
f 4209 4214 4213
f 4278 4281 4279
f 4243 4246 4245
f 4216 4296 4219
f 4302 4312 4203
f 4217 4298 4212
f 4271 4272 4270
f 4272 4274 4273
f 4236 4262 4237
f 4259 4326 4318
f 4232 4258 4234
f 4306 4309 4308
f 4251 4252 602
f 4276 4281 4278
f 4213 4214 4205
f 4234 4236 4235
f 4239 4240 4238
f 2286 4253 4251
f 505 4226 2288
f 4212 4223 4219
f 4274 4276 4273
f 4269 4317 4300
f 4289 4291 4283
f 4292 4326 4259
f 4306 4308 4305
f 4263 4298 4218
f 4202 4283 4282
f 4228 4231 4229
f 506 4277 2163
f 4312 4313 2280
f 4226 4230 2288
f 4311 4314 4308
f 4317 4324 4268
f 4242 4260 4240
f 4282 4321 4202
f 4305 4307 2167
f 4251 4255 4252
f 4241 4242 4240
f 4232 4233 4231
f 4309 4311 4308
f 4301 4317 4268
f 4283 4291 4282
f 4275 4286 4224
f 4232 4234 4233
f 4304 4315 4314
f 4243 4245 4242
f 4265 4324 4317
f 4210 4327 4298
f 4253 4320 4297
f 4210 4298 4217
f 4281 4322 4230
f 4285 4295 4264
f 4228 4229 4227
f 4260 4293 4240
f 4289 4290 4256
f 4238 4293 4280
f 4304 4316 4315
f 497 4319 2286
f 4225 4295 4285
f 4221 4326 4292
f 2288 4322 603
f 4318 4326 4220
f 4234 4258 4247
f 4314 4325 4308
f 4280 4293 4221
f 4224 4299 4275
f 4297 4323 4253
f 4302 4313 4312
f 505 4227 4226
f 4231 4259 4229
f 4275 4279 4230
f 4234 4247 4236
f 4226 4275 4230
f 2283 4284 4262
f 4221 4292 4280
f 4230 4322 2288
f 4248 4321 4282
f 4268 4328 4304
f 4280 4292 4233
f 4212 4298 4263
f 4304 4328 4316
f 4287 4296 4216
f 4255 4256 4252
f 4217 4219 4211
f 4229 4318 4286
f 2286 4319 4253
f 506 4329 4277
f 4229 4286 4227
f 4233 4292 4231
f 4218 4327 4267
f 4306 4310 4309
f 4219 4296 4211
f 4240 4293 4238
f 4259 4318 4229
f 4297 4320 4257
f 586 4207 2277
f 2278 4206 587
f 4319 4320 4253
f 4231 4292 4259
f 4275 4299 4279
f 4251 4323 4255
f 4253 4323 4251
f 4308 4325 4305
f 4324 4328 4268
f 4279 4299 4225
f 585 2291 604
f 2161 584 498
f 4215 4296 4287
f 4305 4325 4307
f 4286 4318 4224
f 4266 4328 4324
f 2279 2291 585
f 2161 2285 584
f 2159 4320 497
f 497 4320 4319
f 2159 498 584
f 2161 500 2285
f 2287 4290 500
f 508 2282 2165
f 2282 508 2289
f 2167 4307 513
f 513 4316 2290
f 4307 4315 513
f 4315 4316 513
f 2169 4306 514
f 516 4310 2169
f 516 2291 2279
f 2279 4310 516
f 585 604 2290
f 602 4252 2287
f 603 4281 2289
f 4257 4320 2159
f 4258 4329 2165
f 2282 4274 2281
f 2283 4247 2282
f 2283 4262 4247
f 2289 4281 4276
f 4247 4258 2282
f 2282 4276 4274
f 2280 4313 4310
f 4261 4284 4202
f 4204 4327 4210
f 4267 4327 4204
f 4215 4246 4205
f 4245 4246 4215
f 4254 4257 4246
f 4267 4316 4266
f 596 2227 2294
f 570 2281 2214
f 2228 2246 2247
f 2282 2242 2243
f 2253 584 2252
f 2296 2297 2230
f 2284 2184 2185
f 2279 598 574
f 600 2285 543
f 564 560 2231
f 2183 2283 541
f 2229 597 2295
f 2280 2212 2213
f 2226 2292 2293
f 2225 575 577
f 2283 2243 541
f 2284 2185 543
f 2285 2284 543
f 560 2239 2231
f 2297 564 2230
f 2230 564 2231
f 2242 2281 570
f 2212 2279 574
f 575 2225 2253
f 2225 577 2292
f 584 2285 2252
f 585 2239 592
f 2248 585 592
f 2239 585 2231
f 2279 585 2248
f 2246 2227 596
f 597 2229 2247
f 2279 2248 598
f 2252 2285 600
f 2280 2213 2214
f 2228 2227 2246
f 2227 2226 2294
f 2229 2295 2296
f 2229 2296 2230
f 2281 2280 2214
f 2242 2282 2281
f 2184 2283 2183
f 2283 2184 2284
f 2226 2293 2294
f 2226 2225 2292
f 2280 2279 2212
f 2225 584 2253
f 2229 2228 2247
f 2283 2282 2243
f 595 2245 4337
f 2245 594 4336
f 542 2241 4334
f 2241 569 4335
f 2254 537 4363
f 568 593 4361
f 537 2254 4367
f 593 568 4365
f 2200 4390 4391
f 2199 2200 4391
f 4390 4350 4401
f 4351 4391 4403
f 4344 2300 4378
f 2301 4345 4380
f 4391 4358 4403
f 4359 4390 4401
f 2200 4343 4350
f 4342 2199 4351
f 4355 4374 4407
f 4375 4354 4406
f 4338 4421 4423
f 4421 4376 4423
f 4422 4340 4424
f 4377 4422 4424
f 4374 4355 4405
f 4354 4375 4404
f 4351 2199 4391
f 2200 4350 4390
f 4381 4356 4416
f 4356 4379 4416
f 4369 4378 4379
f 4380 4368 4381
f 2200 555 4343
f 2301 550 4345
f 547 2300 4344
f 558 2199 4342
f 4369 4379 4392
f 4381 4368 4393
f 4344 4378 4399
f 4380 4345 4398
f 4343 4336 4372
f 4334 4344 4371
f 4345 4335 4370
f 4337 4342 4373
f 4394 4362 4430
f 4360 4395 4429
f 4369 4392 4405
f 4393 4368 4404
f 2192 2241 2191
f 2245 2304 2305
f 4392 4341 4405
f 4339 4393 4404
f 4378 4347 4399
f 4349 4380 4398
f 4362 4394 4408
f 4395 4360 4409
f 4364 4396 4410
f 4397 4366 4411
f 4378 2300 4379
f 2301 4380 4381
f 559 2201 4409
f 2218 576 4408
f 601 2308 4411
f 2311 599 4410
f 4356 4381 4393
f 4379 4356 4392
f 571 2310 4330
f 2309 546 4331
f 2202 561 4333
f 580 2217 4332
f 4418 4352 4430
f 2195 4356 4393
f 4356 2196 4392
f 4353 4417 4429
f 2305 558 4337
f 555 2304 4336
f 2192 547 4334
f 550 2191 4335
f 4351 4389 4402
f 4388 4350 4400
f 2306 4360 4384
f 4382 4418 4430
f 4417 4384 4429
f 4396 4364 4428
f 4366 4397 4427
f 4362 2299 4382
f 2298 2299 4362
f 2306 2307 4360
f 4338 2306 4384
f 4382 4340 4383
f 4338 4384 4385
f 2207 2208 4364
f 2181 2182 4366
f 4342 4351 4402
f 4350 4343 4400
f 2299 4340 4382
f 2208 565 4375
f 540 2181 4374
f 2302 4359 4386
f 2302 4357 4359
f 4357 2303 4358
f 554 4376 4387
f 4358 2303 4387
f 551 2302 4386
f 4377 551 4386
f 2303 554 4387
f 2196 551 4341
f 2195 2196 4356
f 4341 551 4377
f 2299 540 4340
f 554 2195 4339
f 554 4339 4376
f 565 2306 4338
f 2302 2303 4357
f 4359 4357 4390
f 4357 4358 4391
f 4390 4357 4391
f 4369 4347 4378
f 4349 4368 4380
f 4349 4354 4368
f 4355 4347 4369
f 4339 2195 4393
f 2196 4341 4392
f 4349 4348 4354
f 4346 4347 4355
f 2208 4375 4406
f 4374 2181 4407
f 4350 4388 4401
f 4353 4333 4389
f 4332 4352 4388
f 4389 4351 4403
f 4346 4331 4347
f 4330 4348 4349
f 4373 4342 4402
f 4343 4372 4400
f 4371 4344 4399
f 4345 4370 4398
f 4401 4388 4418
f 4389 4403 4417
f 4383 4401 4418
f 4403 4385 4417
f 4389 4333 4402
f 4332 4388 4400
f 4347 4331 4399
f 4330 4349 4398
f 4387 4376 4421
f 2217 2218 4394
f 2201 2202 4395
f 4377 4386 4422
f 565 4338 4423
f 4340 540 4424
f 2310 2311 4396
f 2308 2309 4397
f 4354 4348 4428
f 4346 4355 4427
f 4364 2208 4406
f 2181 4366 4407
f 4368 4354 4404
f 4355 4369 4405
f 4352 2217 4394
f 2202 4353 4395
f 2202 4333 4353
f 4332 2217 4352
f 4330 2310 4348
f 2309 4331 4346
f 4348 2310 4396
f 2309 4346 4397
f 4406 4354 4428
f 4355 4407 4427
f 4382 4383 4418
f 4385 4384 4417
f 4334 547 4344
f 550 4335 4345
f 555 4336 4343
f 4337 558 4342
f 4363 4362 4408
f 4360 4361 4409
f 4365 4364 4410
f 4366 4367 4411
f 4331 546 4413
f 571 4330 4412
f 580 4332 4414
f 4333 561 4415
f 2298 4362 4363
f 4360 2307 4361
f 4366 2182 4367
f 2207 4364 4365
f 4379 2300 4416
f 2301 4381 4416
f 4384 4360 4429
f 2201 4395 4409
f 4394 2218 4408
f 4396 2311 4410
f 2308 4397 4411
f 4403 4358 4420
f 4362 4382 4430
f 4359 4401 4419
f 2300 2301 4416
f 4386 4359 4419
f 4358 4387 4420
f 4375 565 4423
f 540 4374 4424
f 4376 4339 4426
f 4341 4377 4425
f 4383 4340 4422
f 4338 4385 4421
f 4353 4389 4417
f 4352 4394 4430
f 4395 4353 4429
f 4388 4352 4418
f 4364 4406 4428
f 4407 4366 4427
f 4401 4383 4419
f 4385 4403 4420
f 4373 4402 4415
f 4400 4372 4414
f 4398 4370 4412
f 4371 4399 4413
f 4404 4375 4426
f 4374 4405 4425
f 4402 4333 4415
f 4332 4400 4414
f 4330 4398 4412
f 4399 4331 4413
f 4339 4404 4426
f 4405 4341 4425
f 4348 4396 4428
f 4397 4346 4427
f 4419 4383 4422
f 4385 4420 4421
f 4386 4419 4422
f 4420 4387 4421
f 4375 4423 4426
f 4424 4374 4425
f 4423 4376 4426
f 4377 4424 4425
f 2188 542 4334
f 4361 559 4409
f 569 2209 4335
f 576 4363 4408
f 594 2313 4336
f 2312 595 4337
f 599 4365 4410
f 4367 601 4411
f 2182 537 4367
f 537 2298 4363
f 546 2188 4413
f 593 559 4361
f 561 2312 4415
f 568 2207 4365
f 2307 568 4361
f 2209 571 4412
f 576 2254 4363
f 2313 580 4414
f 599 593 4365
f 2254 601 4367
f 2188 4334 4371
f 2188 4371 4413
f 2191 2241 4335
f 2241 2192 4334
f 4335 2209 4370
f 4370 2209 4412
f 2304 2245 4336
f 2245 2305 4337
f 2312 4337 4373
f 2312 4373 4415
f 4336 2313 4372
f 4372 2313 4414
f 578 594 577
f 2275 2276 594
f 594 2276 2313
f 578 2275 594
f 577 594 2292
f 2313 579 580
f 2276 579 2313
f 2294 594 596
f 2293 594 2294
f 2292 594 2293
f 599 573 574
f 571 572 4431
f 2310 571 4431
f 572 2273 4431
f 2311 2274 599
f 2274 573 599
f 598 599 574
f 2273 2274 2311
f 2273 2311 4431
f 2311 2310 4431
f 565 566 4432
f 567 568 4433
f 566 2271 4432
f 568 2307 4433
f 2307 2306 4434
f 4433 2307 4434
f 4432 2271 4434
f 2306 4432 4434
f 2271 2272 4434
f 2272 567 4433
f 2306 565 4432
f 2272 4433 4434
f 595 563 564
f 2269 2270 595
f 2312 2269 595
f 595 2270 563
f 562 2312 561
f 562 2269 2312
f 595 564 2297
f 597 595 2295
f 595 2297 2296
f 595 2296 2295
f 555 556 4436
f 557 558 4437
f 2305 2304 4435
f 4435 2304 4436
f 2305 4435 4437
f 556 2267 4436
f 2268 557 4437
f 558 2305 4437
f 2304 555 4436
f 2267 4435 4436
f 4435 2268 4437
f 2267 2268 4435
f 553 554 4439
f 551 552 4438
f 2266 553 4439
f 2303 2302 4440
f 2266 4439 4440
f 4439 2303 4440
f 2302 4438 4440
f 552 2265 4438
f 2302 551 4438
f 4438 2265 4440
f 2265 2266 4440
f 554 2303 4439
f 547 548 4441
f 549 550 4442
f 2264 549 4442
f 2300 547 4441
f 2301 2300 4443
f 2300 4441 4443
f 2264 4442 4443
f 4442 2301 4443
f 2263 2264 4443
f 548 2263 4441
f 550 2301 4442
f 4441 2263 4443
f 543 544 601
f 545 546 4444
f 2262 545 4444
f 546 2309 4444
f 601 2261 2308
f 544 2261 601
f 543 601 600
f 2261 2262 2308
f 2308 2262 4444
f 2309 2308 4444
f 539 540 4446
f 537 538 4445
f 540 2299 4446
f 2259 2260 4447
f 4446 2299 4447
f 2260 4446 4447
f 4445 2259 4447
f 538 2259 4445
f 2298 537 4445
f 2298 4445 4447
f 2299 2298 4447
f 2260 539 4446
f 534 2244 4448
f 2244 535 4449
f 4448 2244 4455
f 2244 4449 4454
f 4448 4455 4460
f 532 533 4453
f 536 529 4452
f 4454 4449 4459
f 581 2220 4456
f 2219 581 4457
f 4458 4448 4460
f 2219 4457 4459
f 4453 4448 4458
f 4457 4451 4459
f 533 4448 4453
f 2220 532 4453
f 529 2219 4452
f 4449 536 4452
f 4452 2219 4459
f 4456 2220 4458
f 605 2314 4450
f 2314 605 4451
f 2314 581 4456
f 4451 4454 4459
f 581 2314 4457
f 4449 4452 4459
f 2314 4451 4457
f 533 534 4448
f 535 536 4449
f 2220 4453 4458
f 605 4450 4455
f 4451 605 4454
f 4450 2314 4456
f 4450 4456 4458
f 4450 4458 4460
f 2244 605 4455
f 605 2244 4454
f 4455 4450 4460
f 526 2238 4461
f 2238 527 4462
f 4461 2238 4468
f 2238 4462 4467
f 4461 4468 4473
f 524 525 4466
f 528 521 4465
f 4467 4462 4472
f 582 2222 4469
f 2221 582 4470
f 4471 4461 4473
f 2221 4470 4472
f 4466 4461 4471
f 4470 4464 4472
f 525 4461 4466
f 2222 524 4466
f 521 2221 4465
f 4462 528 4465
f 4465 2221 4472
f 4469 2222 4471
f 606 2315 4463
f 2315 606 4464
f 2315 582 4469
f 4464 4467 4472
f 582 2315 4470
f 4462 4465 4472
f 2315 4464 4470
f 525 526 4461
f 527 528 4462
f 2222 4466 4471
f 606 4463 4468
f 4464 606 4467
f 4463 2315 4469
f 4463 4469 4471
f 4463 4471 4473
f 2238 606 4468
f 606 2238 4467
f 4468 4463 4473
f 518 2249 4474
f 2249 519 4475
f 4474 2249 4481
f 2249 4475 4480
f 4474 4481 4486
f 516 517 4479
f 520 513 4478
f 4480 4475 4485
f 604 2291 4482
f 2290 604 4483
f 4484 4474 4486
f 2290 4483 4485
f 4479 4474 4484
f 4483 4477 4485
f 517 4474 4479
f 2291 516 4479
f 513 2290 4478
f 4475 520 4478
f 4478 2290 4485
f 4482 2291 4484
f 607 2316 4476
f 2316 607 4477
f 2316 604 4482
f 4477 4480 4485
f 604 2316 4483
f 4475 4478 4485
f 2316 4477 4483
f 517 518 4474
f 519 520 4475
f 2291 4479 4484
f 607 4476 4481
f 4477 607 4480
f 4476 2316 4482
f 4476 4482 4484
f 4476 4484 4486
f 2249 607 4481
f 607 2249 4480
f 4481 4476 4486
f 510 2240 4487
f 2240 511 4488
f 4487 2240 4494
f 2240 4488 4493
f 4487 4494 4499
f 508 509 4492
f 512 505 4491
f 4493 4488 4498
f 603 2289 4495
f 2288 603 4496
f 4497 4487 4499
f 2288 4496 4498
f 4492 4487 4497
f 4496 4490 4498
f 509 4487 4492
f 2289 508 4492
f 505 2288 4491
f 4488 512 4491
f 4491 2288 4498
f 4495 2289 4497
f 608 2317 4489
f 2317 608 4490
f 2317 603 4495
f 4490 4493 4498
f 603 2317 4496
f 4488 4491 4498
f 2317 4490 4496
f 509 510 4487
f 511 512 4488
f 2289 4492 4497
f 608 4489 4494
f 4490 608 4493
f 4489 2317 4495
f 4489 4495 4497
f 4489 4497 4499
f 2240 608 4494
f 608 2240 4493
f 4494 4489 4499
f 502 2251 4500
f 2251 503 4501
f 4500 2251 4507
f 2251 4501 4506
f 4500 4507 4512
f 500 501 4505
f 504 497 4504
f 4506 4501 4511
f 602 2287 4508
f 2286 602 4509
f 4510 4500 4512
f 2286 4509 4511
f 4505 4500 4510
f 4509 4503 4511
f 501 4500 4505
f 2287 500 4505
f 497 2286 4504
f 4501 504 4504
f 4504 2286 4511
f 4508 2287 4510
f 609 2318 4502
f 2318 609 4503
f 2318 602 4508
f 4503 4506 4511
f 602 2318 4509
f 4501 4504 4511
f 2318 4503 4509
f 501 502 4500
f 503 504 4501
f 2287 4505 4510
f 609 4502 4507
f 4503 609 4506
f 4502 2318 4508
f 4502 4508 4510
f 4502 4510 4512
f 2251 609 4507
f 609 2251 4506
f 4507 4502 4512
f 494 2250 4513
f 2250 495 4514
f 4513 2250 4520
f 2250 4514 4519
f 4513 4520 4525
f 492 493 4518
f 496 489 4517
f 4519 4514 4524
f 583 2224 4521
f 2223 583 4522
f 4523 4513 4525
f 2223 4522 4524
f 4518 4513 4523
f 4522 4516 4524
f 493 4513 4518
f 2224 492 4518
f 489 2223 4517
f 4514 496 4517
f 4517 2223 4524
f 4521 2224 4523
f 610 2319 4515
f 2319 610 4516
f 2319 583 4521
f 4516 4519 4524
f 583 2319 4522
f 4514 4517 4524
f 2319 4516 4522
f 493 494 4513
f 495 496 4514
f 2224 4518 4523
f 610 4515 4520
f 4516 610 4519
f 4515 2319 4521
f 4515 4521 4523
f 4515 4523 4525
f 2250 610 4520
f 610 2250 4519
f 4520 4515 4525
f 612 611 4527
f 614 613 4526
f 614 4526 4528
f 612 4527 4529
f 613 2320 4526
f 611 2321 4527
f 4526 4527 4528
f 4527 2321 4528
f 4526 2320 4529
f 2320 612 4529
f 4527 4526 4529
f 2321 614 4528
f 618 617 4531
f 616 615 4530
f 616 4530 4532
f 618 4531 4533
f 615 2323 4530
f 617 2322 4531
f 4530 4531 4532
f 4531 2322 4532
f 4530 2323 4533
f 2323 618 4533
f 4531 4530 4533
f 2322 616 4532
f 622 621 4537
f 620 619 4536
f 4535 2328 4538
f 2328 2327 4538
f 2328 4535 4536
f 4535 2325 4536
f 619 2328 4536
f 2325 620 4536
f 2324 2325 4535
f 2324 4535 4539
f 4534 4537 4539
f 4537 2324 4539
f 621 2324 4537
f 2327 2326 4534
f 2327 4534 4538
f 4538 4534 4539
f 4535 4538 4539
f 2326 622 4534
f 4534 622 4537
f 626 625 4540
f 624 623 4541
f 625 2329 4540
f 623 2332 4541
f 2329 2330 4542
f 4540 2329 4542
f 4541 2332 4542
f 2330 4541 4542
f 2332 2331 4542
f 2331 626 4540
f 2330 624 4541
f 2331 4540 4542
f 628 627 4546
f 630 629 4545
f 2335 4544 4547
f 2336 2335 4547
f 4544 2335 4545
f 2333 4544 4545
f 2335 630 4545
f 629 2333 4545
f 2333 2334 4544
f 4544 2334 4548
f 4546 4543 4548
f 2334 628 4546
f 2334 4546 4548
f 2337 2336 4543
f 4543 2336 4547
f 4543 4547 4548
f 4547 4544 4548
f 627 2337 4543
f 627 4543 4546
f 632 631 4551
f 634 633 4552
f 631 2343 4556
f 4549 4552 4553
f 2339 632 4551
f 2339 4551 4555
f 4549 4553 4554
f 2338 2339 4553
f 4553 2339 4555
f 4551 631 4556
f 4553 4550 4554
f 4550 4553 4555
f 633 2338 4552
f 2343 2342 4550
f 2341 2340 4549
f 2342 2341 4554
f 4552 2338 4553
f 4550 4555 4556
f 2343 4550 4556
f 2341 4549 4554
f 4550 2342 4554
f 4555 4551 4556
f 2340 634 4549
f 4549 634 4552
f 636 635 4558
f 638 637 4557
f 635 2347 4558
f 2344 2345 4559
f 4558 2347 4559
f 2345 4558 4559
f 4557 2344 4559
f 637 2344 4557
f 2346 638 4557
f 2346 4557 4559
f 2347 2346 4559
f 2345 636 4558
f 640 639 4561
f 642 641 4560
f 2349 640 4561
f 2351 2350 4562
f 2349 4561 4562
f 4561 2351 4562
f 2350 4560 4562
f 641 2348 4560
f 2350 642 4560
f 4560 2348 4562
f 2348 2349 4562
f 639 2351 4561
f 646 645 4563
f 644 643 4564
f 2352 2353 4565
f 2354 646 4563
f 643 2355 4564
f 4563 2352 4565
f 2353 4564 4565
f 2354 4563 4565
f 4564 2355 4565
f 2353 644 4564
f 645 2352 4563
f 2355 2354 4565
f 648 647 4571
f 4571 647 4576
f 650 4569 4572
f 647 2361 4576
f 2361 4567 4576
f 649 2356 4569
f 4568 4570 4572
f 4569 2356 4573
f 2360 4566 4567
f 2359 2358 4570
f 4568 4572 4573
f 2357 648 4571
f 4574 4571 4575
f 4568 4566 4570
f 2361 2360 4567
f 2356 2357 4574
f 4572 4569 4573
f 2357 4571 4574
f 2360 2359 4566
f 4573 2356 4574
f 4567 4566 4568
f 4570 2358 4572
f 4568 4573 4574
f 4568 4574 4575
f 4567 4568 4575
f 4566 2359 4570
f 4567 4575 4576
f 4575 4571 4576
f 650 649 4569
f 2358 650 4572
f 654 653 4577
f 652 651 4578
f 653 2362 4577
f 651 2365 4578
f 2362 2363 4579
f 4577 2362 4579
f 4578 2365 4579
f 2363 4578 4579
f 2365 2364 4579
f 2364 654 4577
f 2363 652 4578
f 2364 4577 4579
f 658 4580 2370
f 2371 4584 4580
f 2368 4583 4582
f 2367 4584 656
f 4582 4583 2369
f 2366 4581 2367
f 2370 4581 2369
f 4580 4584 2370
f 2366 4582 2369
f 611 4580 658
f 2369 4581 2366
f 2367 4581 2370
f 657 4583 616
f 2370 4584 2367
f 2371 4580 611
f 656 4584 614
f 614 4584 2371
f 616 4583 2368
f 617 4582 655
f 2368 4582 617
f 655 4582 2366
f 2369 4583 657
f 661 2372 4592
f 662 4593 4594
f 4590 659 4591
f 2379 662 4594
f 2378 2379 4595
f 2374 2375 4595
f 2375 2378 4595
f 2379 4594 4596
f 4587 661 4592
f 660 4585 4589
f 2378 2375 4591
f 615 661 4587
f 660 612 4585
f 4595 2379 4596
f 2374 4595 4596
f 2372 2373 4594
f 2376 2377 4591
f 2323 615 4587
f 612 2320 4585
f 2323 4587 4588
f 4585 2320 4586
f 4589 4586 4590
f 4588 4592 4593
f 4588 4587 4592
f 4585 4586 4589
f 4594 2373 4596
f 2373 2374 4596
f 613 659 4586
f 2320 613 4586
f 662 618 4588
f 618 2323 4588
f 659 2378 4591
f 4586 659 4590
f 2377 660 4589
f 662 4588 4593
f 2375 2376 4591
f 2377 4589 4590
f 2377 4590 4591
f 4592 2372 4593
f 4593 2372 4594
f 660 2381 4604
f 659 4605 4606
f 4602 662 4603
f 2389 659 4606
f 2383 2384 4607
f 2388 2389 4607
f 4599 660 4604
f 661 4597 4601
f 2389 2383 4607
f 2384 2388 4607
f 2383 2389 4606
f 2388 2384 4603
f 612 660 4599
f 661 615 4597
f 2381 2382 4606
f 2385 2386 4603
f 2387 612 4599
f 615 2380 4597
f 2387 4599 4600
f 4597 2380 4598
f 4601 4598 4602
f 4600 4604 4605
f 4600 4599 4604
f 4597 4598 4601
f 659 613 4600
f 613 2387 4600
f 618 662 4598
f 2380 618 4598
f 659 4600 4605
f 2386 661 4601
f 662 2388 4603
f 4598 662 4602
f 2382 2383 4606
f 2384 2385 4603
f 4604 2381 4605
f 4605 2381 4606
f 2386 4601 4602
f 2386 4602 4603
f 662 2379 655
f 662 655 2388
f 2388 655 2366
f 655 2379 2391
f 659 656 2378
f 2389 656 659
f 2367 656 2389
f 2378 656 2390
f 2389 2366 2367
f 2388 2366 2389
f 2379 2378 2390
f 2391 2379 2390
f 648 658 4641
f 657 633 4643
f 658 628 4645
f 621 657 4647
f 4615 2356 4651
f 4614 2392 4648
f 4612 2410 4615
f 4613 2369 4614
f 658 644 4641
f 637 657 4643
f 644 658 4645
f 657 637 4647
f 4630 4662 4680
f 4662 4628 4677
f 4670 4631 4679
f 4629 4670 4678
f 4662 4626 4680
f 4627 4670 4679
f 4670 4627 4678
f 4626 4662 4677
f 632 2339 4694
f 629 2397 4692
f 2339 2411 4694
f 2397 2370 4692
f 4608 2352 4652
f 2405 4609 4657
f 2345 4610 4649
f 4608 4640 4663
f 4642 4610 4664
f 4644 4609 4665
f 4611 4646 4671
f 4621 4651 4683
f 4618 4648 4682
f 4640 4608 4674
f 4610 4642 4672
f 4609 4644 4673
f 4646 4611 4675
f 4653 4616 4691
f 4654 4617 4693
f 4651 4621 4695
f 4648 4618 4688
f 2352 4608 4663
f 2400 4611 4671
f 4609 2405 4665
f 4610 2345 4664
f 4689 4656 4690
f 4649 4689 4690
f 4653 629 4692
f 4654 632 4694
f 4611 2400 4676
f 4676 636 4690
f 4640 4641 4663
f 4645 4644 4665
f 4643 4642 4664
f 4646 4647 4671
f 4657 4609 4686
f 4608 4652 4687
f 4649 4610 4685
f 4617 4654 4694
f 4616 4653 4692
f 2400 636 4676
f 2393 2392 2369
f 2410 2357 2356
f 2397 2396 2370
f 2411 2339 2338
f 4681 4653 4691
f 4684 4654 4693
f 4635 4653 4681
f 4651 4634 4683
f 4633 4654 4684
f 4648 4632 4682
f 4658 4630 4680
f 4628 4660 4677
f 4631 4666 4679
f 4668 4629 4678
f 4667 4610 4672
f 4611 4659 4675
f 4608 4669 4674
f 4661 4609 4673
f 4650 4676 4690
f 4633 4667 4672
f 4635 4661 4673
f 4669 4634 4674
f 4659 4632 4675
f 625 2395 4614
f 4622 4630 4636
f 641 2403 4622
f 649 4634 4651
f 2407 2406 4640
f 2399 2398 4642
f 624 2330 4620
f 640 2349 4625
f 641 4622 4656
f 4622 2403 4630
f 636 2345 4649
f 2409 2408 4627
f 2334 2333 4644
f 4622 4636 4650
f 2398 632 4633
f 4623 641 4656
f 645 2405 4657
f 4625 2349 4629
f 4625 4629 4639
f 4633 632 4654
f 653 2409 4619
f 2330 2329 4626
f 2329 625 4618
f 2352 645 4652
f 2408 652 4621
f 4622 4650 4656
f 2394 624 4616
f 4635 629 4653
f 2402 640 4624
f 2348 641 4623
f 649 2407 4634
f 652 2363 4615
f 2362 653 4617
f 2402 4624 4628
f 4631 4623 4637
f 2333 629 4635
f 4655 645 4657
f 2348 4623 4631
f 4652 645 4655
f 4628 4624 4638
f 620 2325 4632
f 2325 2324 4646
f 620 4632 4648
f 4630 2403 4662
f 2402 4628 4662
f 4629 2349 4670
f 2348 4631 4670
f 4636 4658 4659
f 4660 4638 4661
f 4666 4637 4667
f 4639 4668 4669
f 4636 4630 4658
f 4628 4638 4660
f 2403 2402 4662
f 2353 2352 4663
f 2405 2404 4665
f 2345 2344 4664
f 4631 4637 4666
f 2349 2348 4670
f 4639 4629 4668
f 2401 2400 4671
f 4610 4667 4685
f 4669 4608 4687
f 4609 4661 4686
f 4642 2398 4672
f 4644 2333 4673
f 2407 4640 4674
f 2325 4646 4675
f 4686 4638 4698
f 4659 4611 4699
f 4620 2330 4677
f 2329 4618 4680
f 2408 4621 4678
f 4619 2409 4679
f 4655 4696 4697
f 4652 4655 4697
f 4624 4696 4698
f 4618 625 4688
f 4623 4656 4689
f 4616 624 4691
f 4624 640 4696
f 4621 652 4695
f 4617 653 4693
f 636 4649 4690
f 4638 4624 4698
f 4618 4658 4680
f 4660 4620 4677
f 4666 4619 4679
f 4621 4668 4678
f 4666 4667 4684
f 4659 4658 4682
f 4660 4661 4681
f 4669 4668 4683
f 4658 4618 4682
f 4619 4666 4684
f 4620 4660 4681
f 4668 4621 4683
f 4620 4681 4691
f 4619 4684 4693
f 4639 4669 4687
f 4667 4637 4685
f 4661 4638 4686
f 4661 4635 4681
f 4667 4633 4684
f 4634 4669 4683
f 4632 4659 4682
f 2333 4635 4673
f 4634 2407 4674
f 2398 4633 4672
f 4632 2325 4675
f 4636 4659 4699
f 4657 4686 4698
f 4650 4636 4699
f 2330 4626 4677
f 4627 2408 4678
f 4626 2329 4680
f 2409 4627 4679
f 4640 2406 4641
f 2399 4642 4643
f 2334 4644 4645
f 4646 2324 4647
f 625 4614 4688
f 4696 4655 4698
f 4656 4650 4690
f 4637 4623 4689
f 624 4620 4691
f 652 4615 4695
f 653 4619 4693
f 640 4625 4696
f 4625 4639 4697
f 4696 4625 4697
f 4655 4657 4698
f 4676 4650 4699
f 4685 4637 4689
f 4649 4685 4689
f 4687 4652 4697
f 4639 4687 4697
f 4611 4676 4699
f 2395 2394 4613
f 2363 2362 4612
f 2396 628 2370
f 2338 633 2411
f 2370 2369 4613
f 2370 4613 4692
f 2411 2410 4612
f 2411 4612 4694
f 2392 620 4648
f 657 621 2369
f 2324 621 4647
f 621 2393 2369
f 628 658 2370
f 628 2334 4645
f 633 657 2411
f 633 2399 4643
f 2344 637 4643
f 637 2401 4647
f 644 2353 4641
f 2404 644 4645
f 658 648 2410
f 648 2357 2410
f 2406 648 4641
f 2356 649 4651
f 2344 4643 4664
f 4641 2353 4663
f 2410 2356 4615
f 4612 2362 4617
f 2363 4612 4615
f 2369 2392 4614
f 4613 2394 4616
f 2395 4613 4614
f 4647 2401 4671
f 2404 4645 4665
f 4612 4617 4694
f 4613 4616 4692
f 4614 4648 4688
f 4615 4651 4695
f 657 4700 2411
f 2322 4704 4700
f 2321 4703 4702
f 2391 4704 655
f 4702 4703 2410
f 2390 4701 2391
f 2411 4701 2410
f 4700 4704 2411
f 2390 4702 2410
f 616 4700 657
f 2410 4701 2390
f 2391 4701 2411
f 658 4703 611
f 2411 4704 2391
f 611 4703 2321
f 614 4702 656
f 2321 4702 614
f 2322 4700 616
f 655 4704 617
f 617 4704 2322
f 656 4702 2390
f 2410 4703 658
f 2375 2365 4737
f 2364 2374 4738
f 2416 2383 4740
f 4722 4720 4765
f 4765 4720 4766
f 2412 2384 4735
f 4733 4723 4763
f 4723 4733 4768
f 4746 4710 4769
f 4710 4767 4769
f 4768 4731 4787
f 4723 4768 4787
f 4756 4757 4782
f 2335 2336 4713
f 660 643 4773
f 4717 4746 4769
f 661 638 4775
f 2422 2423 4729
f 4746 4717 4801
f 638 661 4750
f 643 660 4749
f 4734 4760 4805
f 4759 4717 4769
f 4725 2381 4774
f 4719 4756 4782
f 4747 635 4771
f 635 4747 4784
f 4721 4748 4789
f 4743 4726 4778
f 4762 2331 4788
f 4742 4725 4774
f 2432 2433 4716
f 2327 2328 4718
f 4748 4721 4793
f 4759 4769 4795
f 4758 2426 4772
f 4739 631 4791
f 2331 4762 4799
f 660 4773 4774
f 4752 4797 4802
f 4797 4753 4802
f 4781 4734 4805
f 661 4775 4776
f 2337 2381 4725
f 4760 4780 4805
f 2377 647 2431
f 634 2372 2424
f 627 2381 2337
f 2386 622 2326
f 2386 2326 4727
f 2377 2431 4728
f 4729 2423 4743
f 4755 4705 4761
f 2346 2347 4714
f 4714 2347 4715
f 2429 2430 4741
f 4757 4745 4782
f 2426 4758 4796
f 4748 4730 4789
f 2354 4751 4759
f 2354 2355 4751
f 4741 2430 4756
f 4706 2425 4724
f 4707 4733 4734
f 4783 4715 4805
f 2331 4766 4788
f 4764 4785 4794
f 4706 4724 4730
f 4731 4767 4787
f 4707 4734 4747
f 4764 4722 4785
f 4705 4736 4761
f 4708 4739 4760
f 4752 2354 4759
f 4723 2435 4763
f 4756 4712 4757
f 4761 4736 4762
f 2351 639 4711
f 2332 623 4709
f 2434 2435 4723
f 4709 4744 4745
f 2430 646 4712
f 2435 654 4708
f 2427 4722 4764
f 4720 2428 4721
f 639 2427 4764
f 4753 639 4764
f 4708 654 4738
f 2351 4711 4731
f 2427 2428 4720
f 4708 4738 4739
f 4709 623 4740
f 4711 639 4753
f 651 2434 4710
f 651 4710 4737
f 4707 2350 4733
f 2427 4720 4722
f 4737 4710 4746
f 646 2354 4752
f 4731 4711 4732
f 4709 4740 4744
f 642 2350 4707
f 635 2425 4706
f 2328 619 4705
f 4705 619 4735
f 4705 4735 4736
f 4708 4760 4763
f 4709 4745 4765
f 4733 2350 4768
f 2351 4731 4768
f 4751 2355 4777
f 4706 4730 4748
f 2435 4708 4763
f 2332 4765 4766
f 2331 2332 4766
f 2332 4709 4765
f 2350 2351 4768
f 4731 4732 4767
f 4755 4761 4806
f 2430 4712 4756
f 4767 4732 4769
f 2426 4750 4772
f 2386 4727 4772
f 4754 4783 4805
f 635 4706 4771
f 2328 4705 4755
f 4756 4719 4786
f 4725 4742 4807
f 4753 4794 4802
f 4714 4715 4783
f 4765 4745 4785
f 4753 4764 4794
f 4722 4765 4785
f 4730 4761 4789
f 4706 4748 4771
f 4792 4748 4793
f 2425 2426 4796
f 2373 2340 2341
f 2419 2382 2418
f 4761 4762 4789
f 4721 2428 4793
f 2347 635 4784
f 4710 2434 4787
f 4711 4753 4797
f 4719 4782 4800
f 646 4752 4802
f 4767 4710 4787
f 4707 4747 4792
f 4720 4721 4788
f 4769 4732 4795
f 4762 4736 4799
f 631 2422 4791
f 4762 4721 4789
f 4766 4720 4788
f 4745 4757 4785
f 4771 4748 4792
f 4721 4762 4788
f 4747 4771 4792
f 2422 4729 4754
f 2429 4741 4742
f 4755 4724 4790
f 4726 4743 4779
f 4724 4755 4806
f 4718 2328 4755
f 2335 4713 4719
f 4717 4759 4803
f 4741 4756 4786
f 2346 4714 4726
f 4716 2433 4717
f 4717 2433 4801
f 4713 2336 4725
f 4759 4751 4803
f 4758 4718 4790
f 4785 4757 4794
f 4747 4734 4781
f 2335 4719 4800
f 4760 4739 4780
f 4727 4718 4758
f 4761 4730 4806
f 643 2429 4773
f 4730 4724 4806
f 4745 4744 4782
f 4794 4712 4802
f 4760 4734 4808
f 4734 4733 4808
f 4724 2425 4796
f 638 2346 4775
f 4782 4744 4800
f 2434 4723 4787
f 4754 4729 4783
f 2355 643 4749
f 2426 638 4750
f 642 4792 4793
f 4752 4759 4795
f 2432 4716 4728
f 2327 4718 4727
f 642 4707 4792
f 2428 642 4793
f 2355 4749 4777
f 4763 4760 4808
f 4732 4711 4797
f 626 2331 4799
f 4736 4735 4798
f 2433 650 4801
f 630 2335 4800
f 4712 646 4802
f 4715 2347 4784
f 4733 4763 4808
f 4757 4712 4794
f 4726 4714 4778
f 4719 4713 4786
f 4718 4755 4790
f 2424 2372 4770
f 4727 4758 4772
f 4729 4743 4778
f 4751 4777 4804
f 4716 4717 4803
f 2423 2424 4770
f 2429 4742 4773
f 4742 4741 4807
f 4729 4778 4783
f 4743 2423 4770
f 2422 4754 4791
f 4778 4714 4783
f 4781 4715 4784
f 4790 4724 4796
f 2346 4726 4775
f 4780 4754 4805
f 4754 4780 4791
f 4747 4781 4784
f 4743 4770 4779
f 4777 4728 4804
f 4715 4781 4805
f 4780 4739 4791
f 4786 4713 4807
f 4758 4790 4796
f 4795 4732 4797
f 4752 4795 4797
f 4798 626 4799
f 4736 4798 4799
f 4741 4786 4807
f 4716 4803 4804
f 2384 2412 2413
f 2375 2358 2359
f 4770 2372 4779
f 4713 4725 4807
f 4803 4751 4804
f 4776 4726 4779
f 2421 2383 2420
f 2343 2374 2342
f 4728 4716 4804
f 4773 4742 4774
f 4775 4726 4776
f 2385 2415 622
f 2386 2385 622
f 2418 2381 627
f 2372 634 2340
f 2376 2361 647
f 2377 2376 647
f 660 2377 4749
f 2381 660 4774
f 2372 661 4776
f 4750 661 4772
f 2342 2374 2341
f 2376 2360 2361
f 2375 2374 2365
f 2384 2383 2417
f 2383 2419 2420
f 2415 2385 2414
f 2418 2382 2381
f 2340 2373 2372
f 2372 4776 4779
f 619 2412 4735
f 623 2416 4740
f 2417 626 4798
f 2421 630 4740
f 4740 630 4800
f 2343 631 4738
f 4738 631 4739
f 650 2358 4737
f 650 4737 4746
f 650 4746 4801
f 2365 651 4737
f 654 2364 4738
f 661 2386 4772
f 2326 2327 4727
f 2336 2337 4725
f 2374 2373 2341
f 2374 2343 4738
f 2358 2375 4737
f 2365 2374 2364
f 2360 2375 2359
f 2376 2375 2360
f 2417 2383 2416
f 2383 2382 2419
f 2383 2421 4740
f 2384 2417 4735
f 2414 2384 2413
f 2385 2384 2414
f 4735 2417 4798
f 2431 2432 4728
f 2377 4728 4777
f 4749 2377 4777
f 4744 4740 4800
f 651 652 4809
f 653 654 4810
f 652 2408 4809
f 654 2435 4810
f 2435 2434 4811
f 4810 2435 4811
f 4809 2408 4811
f 2434 4809 4811
f 2408 2409 4811
f 2434 651 4809
f 2409 653 4810
f 2409 4810 4811
f 647 648 4815
f 649 650 4814
f 4813 2433 4816
f 2433 2432 4816
f 2433 4813 4814
f 4813 2407 4814
f 2407 649 4814
f 650 2433 4814
f 2406 2407 4813
f 2406 4813 4817
f 4812 4815 4817
f 4815 2406 4817
f 648 2406 4815
f 2432 2431 4812
f 2432 4812 4816
f 4816 4812 4817
f 4813 4816 4817
f 2431 647 4812
f 4812 647 4815
f 645 646 4819
f 643 644 4818
f 2405 645 4819
f 2430 2429 4820
f 2405 4819 4820
f 4819 2430 4820
f 2429 4818 4820
f 2429 643 4818
f 644 2404 4818
f 4818 2404 4820
f 2404 2405 4820
f 646 2430 4819
f 641 642 4822
f 639 640 4821
f 2403 641 4822
f 2428 2427 4823
f 2403 4822 4823
f 4822 2428 4823
f 2427 4821 4823
f 2427 639 4821
f 640 2402 4821
f 4821 2402 4823
f 2402 2403 4823
f 642 2428 4822
f 635 636 4824
f 637 638 4825
f 636 2400 4824
f 638 2426 4825
f 2426 2425 4826
f 4825 2426 4826
f 4824 2400 4826
f 2425 4824 4826
f 2400 2401 4826
f 2401 637 4825
f 2425 635 4824
f 2401 4825 4826
f 633 634 4830
f 631 632 4829
f 2422 4828 4831
f 2423 2422 4831
f 4828 2422 4829
f 2398 4828 4829
f 632 2398 4829
f 2422 631 4829
f 2398 2399 4828
f 4828 2399 4832
f 4830 4827 4832
f 2399 633 4830
f 2399 4830 4832
f 2424 2423 4827
f 4827 2423 4831
f 4827 4831 4832
f 4831 4828 4832
f 634 2424 4827
f 634 4827 4830
f 629 630 4835
f 627 628 4836
f 630 2421 4840
f 4833 4836 4837
f 2397 629 4835
f 2397 4835 4839
f 4833 4837 4838
f 2396 2397 4837
f 4837 2397 4839
f 4835 630 4840
f 4837 4834 4838
f 4834 4837 4839
f 628 2396 4836
f 2419 2418 4833
f 2421 2420 4834
f 2420 2419 4838
f 4836 2396 4837
f 4834 4839 4840
f 2421 4834 4840
f 4834 2420 4838
f 2419 4833 4838
f 4839 4835 4840
f 2418 627 4833
f 4833 627 4836
f 625 626 4842
f 623 624 4841
f 626 2417 4842
f 2394 2395 4843
f 4842 2417 4843
f 2395 4842 4843
f 4841 2394 4843
f 624 2394 4841
f 2416 623 4841
f 2416 4841 4843
f 2417 2416 4843
f 2395 625 4842
f 619 620 4847
f 4849 621 4853
f 4847 620 4854
f 622 2415 4853
f 2412 619 4847
f 2415 4845 4853
f 4848 2412 4850
f 2414 4844 4845
f 2413 2412 4848
f 4849 4845 4852
f 4845 4849 4853
f 2412 4847 4850
f 2393 621 4849
f 4845 4846 4852
f 4846 4844 4848
f 2415 2414 4845
f 2392 2393 4851
f 620 2392 4854
f 2414 2413 4844
f 4845 4844 4846
f 2393 4849 4852
f 4846 4848 4850
f 4846 4850 4851
f 4851 2393 4852
f 4846 4851 4852
f 4844 2413 4848
f 4851 4850 4854
f 4850 4847 4854
f 2392 4851 4854
f 621 622 4853
f 615 616 4856
f 617 618 4855
f 617 4855 4857
f 615 4856 4858
f 618 2380 4855
f 616 2368 4856
f 4855 4856 4857
f 4856 2368 4857
f 4855 2380 4858
f 2380 615 4858
f 4856 4855 4858
f 2368 617 4857
f 613 614 4860
f 611 612 4859
f 611 4859 4861
f 613 4860 4862
f 612 2387 4859
f 614 2371 4860
f 4859 4860 4861
f 4860 2371 4861
f 4859 2387 4862
f 2387 613 4862
f 4860 4859 4862
f 2371 611 4861
f 663 664 668
f 665 663 668
f 668 666 665
f 667 666 668
f 2436 669 671
f 672 670 2437
f 2438 2436 671
f 672 2437 2439
f 2437 2436 2438
f 2437 2438 2439
f 672 4865 674
f 673 4867 4864
f 4865 4868 674
f 2441 4863 2440
f 4865 4866 4863
f 4863 4866 4864
f 671 4864 2438
f 2439 4865 672
f 4863 4868 4865
f 2439 4866 4865
f 4864 4866 2438
f 4864 4867 4863
f 4863 4867 2440
f 2441 4868 4863
f 2438 4866 2439
f 2440 4867 673
f 674 4868 2441
f 673 4864 671
f 673 4870 2440
f 2440 4871 2441
f 2441 4869 674
f 2440 4870 2442
f 675 4870 673
f 2443 4869 2441
f 674 4869 676
f 2442 4871 2440
f 2441 4871 2443
f 2442 4870 675
f 2443 4871 2442
f 676 4869 2443
f 2446 2443 2442
f 2445 2444 2447
f 678 2442 675
f 678 675 2445
f 677 676 2443
f 677 2444 676
f 2446 677 2443
f 2444 677 2447
f 678 2446 2442
f 678 2445 2447
f 674 4872 2448
f 2448 4873 2449
f 2449 4874 673
f 2444 4873 2448
f 2448 4872 2444
f 2449 4873 2445
f 676 4872 674
f 2445 4874 2449
f 673 4874 675
f 2445 4873 2444
f 2444 4872 676
f 675 4874 2445
f 4875 679 4876
f 2446 2450 677
f 4877 2447 2450
f 4875 4876 678
f 4876 2446 678
f 4875 2447 4877
f 2450 2447 677
f 4875 678 2447
f 679 4875 4877
f 2446 4876 2450
f 4877 2450 679
f 4876 679 2450
f 671 4880 673
f 674 4883 4879
f 4880 4882 673
f 2449 4878 2448
f 4878 4881 4879
f 4880 4881 4878
f 672 4879 2451
f 2452 4880 671
f 4878 4882 4880
f 2452 4881 4880
f 4879 4881 2451
f 4879 4883 4878
f 4878 4883 2448
f 2449 4882 4878
f 2451 4881 2452
f 2448 4883 674
f 673 4882 2449
f 674 4879 672
f 671 669 2452
f 669 2454 2452
f 2451 670 672
f 2453 670 2451
f 2452 2453 2451
f 2452 2454 2453
f 684 685 669
f 680 682 670
f 680 2453 681
f 685 681 2454
f 682 683 2437
f 2436 683 684
f 2436 684 669
f 669 685 2454
f 2453 680 670
f 670 682 2437
f 2453 2454 681
f 2436 2437 683
f 686 665 4884
f 665 687 4884
f 680 681 4884
f 687 680 4884
f 681 686 4884
f 666 688 4885
f 687 666 4885
f 682 680 4885
f 680 687 4885
f 688 682 4885
f 688 689 4886
f 689 690 4886
f 683 682 4886
f 682 688 4886
f 690 683 4886
f 690 691 4887
f 691 692 4887
f 684 683 4887
f 683 690 4887
f 692 684 4887
f 693 694 4888
f 692 693 4888
f 685 684 4888
f 684 692 4888
f 694 685 4888
f 663 686 4889
f 694 663 4889
f 681 685 4889
f 686 681 4889
f 685 694 4889
f 663 665 686
f 665 666 687
f 667 688 666
f 667 689 688
f 689 691 690
f 691 693 692
f 664 663 694
f 664 694 693
f 668 664 693
f 689 667 668
f 668 693 691
f 691 689 668
f 695 696 700
f 697 695 700
f 700 698 697
f 700 699 698
f 2457 701 703
f 2455 701 2457
f 704 702 2458
f 702 2456 2458
f 2456 2455 2457
f 2458 2456 2457
f 704 4892 706
f 705 4894 4891
f 4892 4895 706
f 2460 4890 2459
f 4892 4893 4890
f 4890 4893 4891
f 703 4891 2457
f 2458 4892 704
f 4890 4895 4892
f 2458 4893 4892
f 4891 4893 2457
f 4891 4894 4890
f 4890 4894 2459
f 2460 4895 4890
f 2457 4893 2458
f 2459 4894 705
f 706 4895 2460
f 705 4891 703
f 705 4896 2459
f 2459 4897 2460
f 2460 4898 706
f 706 4898 708
f 2462 4898 2460
f 2459 4896 2461
f 2461 4897 2459
f 707 4896 705
f 2460 4897 2462
f 2461 4896 707
f 2462 4897 2461
f 708 4898 2462
f 2465 2462 2461
f 2464 2463 2466
f 710 2461 707
f 710 707 2464
f 709 708 2462
f 709 2463 708
f 2465 709 2462
f 2463 709 2466
f 710 2465 2461
f 710 2464 2466
f 706 4901 2467
f 2467 4900 2468
f 2468 4899 705
f 2468 4900 2464
f 708 4901 706
f 2463 4900 2467
f 705 4899 707
f 2464 4899 2468
f 2467 4901 2463
f 707 4899 2464
f 2463 4901 708
f 2464 4900 2463
f 4902 711 4903
f 2465 2469 709
f 4904 2466 2469
f 4902 4903 710
f 4903 2465 710
f 4902 2466 4904
f 2469 2466 709
f 4902 710 2466
f 711 4902 4904
f 2465 4903 2469
f 4904 2469 711
f 4903 711 2469
f 706 4906 704
f 703 4910 4907
f 4906 4909 704
f 2470 4905 2471
f 4905 4908 4907
f 4906 4908 4905
f 2467 4906 706
f 705 4907 2468
f 4905 4909 4906
f 4907 4908 2468
f 2467 4908 4906
f 4907 4910 4905
f 4905 4910 2471
f 2470 4909 4905
f 2468 4908 2467
f 2471 4910 703
f 704 4909 2470
f 703 4907 705
f 701 2473 703
f 2470 702 704
f 2472 702 2470
f 703 2473 2471
f 2471 2473 2470
f 2473 2472 2470
f 716 717 701
f 712 714 702
f 712 2472 713
f 717 713 2473
f 714 715 2456
f 2455 715 716
f 2455 716 701
f 701 717 2473
f 2472 712 702
f 702 714 2456
f 2472 2473 713
f 2455 2456 715
f 718 697 4911
f 697 719 4911
f 712 713 4911
f 719 712 4911
f 713 718 4911
f 698 720 4912
f 719 698 4912
f 714 712 4912
f 712 719 4912
f 720 714 4912
f 720 721 4913
f 721 722 4913
f 715 714 4913
f 714 720 4913
f 722 715 4913
f 723 724 4914
f 722 723 4914
f 716 715 4914
f 715 722 4914
f 724 716 4914
f 724 725 4915
f 725 726 4915
f 717 716 4915
f 716 724 4915
f 726 717 4915
f 695 718 4916
f 726 695 4916
f 713 717 4916
f 718 713 4916
f 717 726 4916
f 695 697 718
f 697 698 719
f 699 720 698
f 699 721 720
f 721 723 722
f 723 725 724
f 696 695 726
f 696 726 725
f 700 696 725
f 721 699 700
f 700 725 723
f 723 721 700
f 728 727 4919
f 730 729 4918
f 4919 727 4922
f 730 4918 4921
f 4917 4918 4920
f 4919 4917 4920
f 2477 2476 4917
f 4918 4917 4921
f 4917 4919 4922
f 2475 4919 4920
f 4918 2474 4920
f 2474 2475 4920
f 729 2474 4918
f 2475 728 4919
f 2476 730 4921
f 4917 2476 4921
f 2477 4917 4922
f 727 2477 4922
f 733 4925 731
f 732 4923 734
f 2478 4924 2479
f 2480 4925 733
f 2478 4925 4924
f 4924 4925 2480
f 734 4923 2481
f 2479 4923 732
f 2479 4924 4923
f 2481 4924 2480
f 731 4925 2478
f 4923 4924 2481
f 2482 735 737
f 738 736 2483
f 2482 737 2484
f 738 2483 2485
f 2483 2482 2485
f 2485 2482 2484
f 738 4927 740
f 739 4928 737
f 2484 4926 2485
f 740 4927 2487
f 4926 4927 2485
f 2487 4927 4926
f 737 4928 2484
f 2486 4928 739
f 2484 4928 4926
f 2485 4927 738
f 2487 4926 2486
f 4926 4928 2486
f 741 2488 744
f 2489 742 743
f 2491 2489 743
f 744 2488 2490
f 2488 2489 2491
f 2490 2488 2491
f 745 746 748
f 748 746 747
f 752 4929 4930
f 4929 749 4930
f 750 749 4929
f 752 751 4929
f 2493 2492 4929
f 2495 2494 4930
f 751 2493 4929
f 2492 750 4929
f 2494 752 4930
f 749 2495 4930
f 749 4931 4932
f 4931 752 4932
f 749 750 4931
f 751 752 4931
f 2497 2496 4931
f 2499 2498 4932
f 750 2497 4931
f 2496 751 4931
f 2498 749 4932
f 752 2499 4932
f 745 734 746
f 746 734 759
f 753 733 754
f 762 763 2501
f 758 2481 757
f 755 756 2480
f 760 761 2500
f 755 733 753
f 754 733 2501
f 2480 733 755
f 760 734 745
f 759 734 2481
f 2500 734 760
f 2501 763 754
f 756 757 2480
f 757 2481 2480
f 758 759 2481
f 761 762 2500
f 2500 762 2501
f 750 735 2497
f 2503 735 750
f 2497 735 2482
f 2483 736 751
f 751 736 2493
f 2493 736 2502
f 2492 2503 750
f 2496 2483 751
f 2496 2482 2483
f 2497 2482 2496
f 2493 2502 2492
f 2492 2502 2503
f 756 755 765
f 756 765 764
f 767 758 757
f 767 757 766
f 768 753 754
f 768 754 769
f 763 762 771
f 770 763 771
f 761 760 773
f 761 773 772
f 746 774 747
f 746 759 774
f 774 741 747
f 747 741 748
f 767 766 2488
f 764 765 2489
f 768 769 742
f 773 2505 772
f 2504 770 771
f 748 741 773
f 773 741 2505
f 2488 741 774
f 742 765 768
f 2489 765 742
f 742 769 2504
f 766 764 2489
f 2488 766 2489
f 767 2488 774
f 769 770 2504
f 772 2505 771
f 771 2505 2504
f 2505 741 744
f 743 742 2504
f 743 2504 2506
f 2505 744 2507
f 2504 2505 2506
f 2506 2505 2507
f 2490 739 744
f 744 739 2509
f 2486 739 2490
f 743 740 2487
f 2506 740 743
f 2508 740 2506
f 743 2487 2491
f 744 2509 2507
f 2487 2486 2491
f 2491 2486 2490
f 2507 2508 2506
f 2509 2508 2507
f 737 4934 739
f 740 4935 738
f 2509 4933 2508
f 2511 4934 737
f 738 4935 2510
f 4933 4935 2508
f 2510 4935 4933
f 4933 4934 2511
f 2509 4934 4933
f 2510 4933 2511
f 739 4934 2509
f 2508 4935 740
f 735 2503 737
f 2502 736 738
f 737 2503 2511
f 2502 738 2510
f 2503 2502 2511
f 2511 2502 2510
f 764 4936 756
f 757 4936 766
f 756 4936 757
f 766 4936 764
f 755 4937 765
f 768 4937 753
f 753 4937 755
f 765 4937 768
f 754 4938 769
f 770 4938 763
f 763 4938 754
f 769 4938 770
f 772 4939 761
f 762 4939 771
f 761 4939 762
f 771 4939 772
f 760 4940 773
f 748 4940 745
f 745 4940 760
f 773 4940 748
f 767 4941 758
f 759 4941 774
f 758 4941 759
f 774 4941 767
f 2512 728 731
f 731 728 2515
f 2515 728 2475
f 732 2474 729
f 732 729 2479
f 729 2513 2479
f 2478 2512 731
f 2514 2474 732
f 2475 2474 2514
f 2515 2475 2514
f 2479 2513 2478
f 2478 2513 2512
f 731 4942 733
f 734 4944 732
f 2501 4943 2500
f 4942 4943 2501
f 733 4942 2501
f 732 4944 2514
f 4943 4944 2500
f 2514 4944 4943
f 2515 4942 731
f 2514 4943 2515
f 2515 4943 4942
f 2500 4944 734
f 2477 727 752
f 752 727 2499
f 2499 727 2516
f 749 730 2495
f 2517 730 749
f 2495 730 2476
f 2498 2517 749
f 2494 2477 752
f 2494 2476 2477
f 2495 2476 2494
f 2498 2499 2516
f 2498 2516 2517
f 727 728 4947
f 729 730 4946
f 4947 728 4950
f 729 4946 4949
f 4945 4946 4948
f 4947 4945 4948
f 2512 2513 4945
f 4946 4945 4949
f 4945 4947 4950
f 4946 2517 4948
f 2516 4947 4948
f 2517 2516 4948
f 730 2517 4946
f 2516 727 4947
f 2513 729 4949
f 4945 2513 4949
f 2512 4945 4950
f 728 2512 4950
f 776 775 4952
f 778 777 4953
f 4953 777 4955
f 776 4952 4956
f 4951 4952 4954
f 4953 4951 4954
f 2518 2519 4951
f 4952 4951 4956
f 4951 4953 4955
f 2520 4953 4954
f 4952 2521 4954
f 2521 2520 4954
f 2520 778 4953
f 775 2521 4952
f 2519 776 4956
f 4951 2519 4956
f 2518 4951 4955
f 777 2518 4955
f 780 4957 782
f 781 4959 779
f 2523 4957 780
f 2525 4958 2524
f 779 4959 2522
f 4957 4958 2525
f 2522 4959 4958
f 2523 4958 4957
f 4958 4959 2524
f 782 4957 2525
f 2522 4958 2523
f 2524 4959 781
f 2526 783 785
f 784 2527 786
f 2526 785 2528
f 786 2527 2529
f 2527 2526 2528
f 2529 2527 2528
f 786 4960 788
f 787 4962 785
f 2528 4961 2529
f 788 4960 2531
f 2530 4962 787
f 2529 4961 4960
f 4961 4962 2530
f 4960 4961 2531
f 2528 4962 4961
f 2531 4961 2530
f 785 4962 2528
f 2529 4960 786
f 789 2532 792
f 2533 790 791
f 2535 2533 791
f 792 2532 2534
f 2532 2533 2534
f 2534 2533 2535
f 793 794 795
f 796 793 795
f 800 4963 4964
f 4963 797 4964
f 798 797 4963
f 800 799 4963
f 2537 2536 4963
f 2539 2538 4964
f 2536 798 4963
f 799 2537 4963
f 797 2539 4964
f 2538 800 4964
f 4965 798 4966
f 799 4965 4966
f 797 798 4965
f 799 800 4965
f 2543 2542 4965
f 2541 2540 4966
f 800 2543 4965
f 2542 797 4965
f 798 2541 4966
f 2540 799 4966
f 794 782 807
f 793 782 794
f 803 804 2524
f 808 809 2544
f 805 806 2525
f 801 781 802
f 810 811 2545
f 803 781 801
f 802 781 2545
f 2524 781 803
f 808 782 793
f 807 782 2525
f 2544 782 808
f 2545 811 802
f 804 805 2524
f 2524 805 2525
f 806 807 2525
f 809 810 2544
f 2544 810 2545
f 798 783 2541
f 2547 783 798
f 2541 783 2526
f 2527 784 799
f 799 784 2537
f 2537 784 2546
f 2536 2547 798
f 2540 2527 799
f 2540 2526 2527
f 2541 2526 2540
f 2537 2546 2536
f 2536 2546 2547
f 804 803 813
f 804 813 812
f 815 806 805
f 815 805 814
f 816 801 802
f 816 802 817
f 811 810 818
f 818 810 819
f 809 808 821
f 809 821 820
f 795 794 807
f 795 807 822
f 822 789 795
f 795 789 796
f 812 813 2533
f 816 817 790
f 815 814 2532
f 821 2549 820
f 2548 818 819
f 796 789 821
f 821 789 2549
f 2532 789 822
f 790 813 816
f 2533 813 790
f 790 817 2548
f 2533 814 812
f 2532 814 2533
f 815 2532 822
f 817 818 2548
f 820 2549 819
f 819 2549 2548
f 2549 789 792
f 791 790 2548
f 791 2548 2550
f 2549 792 2551
f 2548 2549 2550
f 2550 2549 2551
f 2534 787 792
f 792 787 2553
f 2530 787 2534
f 791 788 2531
f 2550 788 791
f 2552 788 2550
f 791 2531 2535
f 792 2553 2551
f 2531 2530 2535
f 2530 2534 2535
f 2551 2552 2550
f 2553 2552 2551
f 785 4967 787
f 788 4969 786
f 787 4967 2553
f 4967 4968 2553
f 2553 4968 2552
f 786 4969 2554
f 2552 4969 788
f 4968 4969 2552
f 2555 4967 785
f 2554 4968 2555
f 2555 4968 4967
f 2554 4969 4968
f 785 783 2555
f 783 2547 2555
f 2554 784 786
f 2554 2546 784
f 2547 2546 2554
f 2555 2547 2554
f 812 4970 804
f 805 4970 814
f 804 4970 805
f 814 4970 812
f 803 4971 813
f 816 4971 801
f 801 4971 803
f 813 4971 816
f 802 4972 817
f 818 4972 811
f 811 4972 802
f 817 4972 818
f 820 4973 809
f 810 4973 819
f 809 4973 810
f 819 4973 820
f 796 4974 793
f 808 4974 821
f 793 4974 808
f 821 4974 796
f 807 4975 822
f 815 4975 806
f 806 4975 807
f 822 4975 815
f 2556 776 779
f 779 776 2559
f 2559 776 2519
f 2518 777 780
f 780 777 2523
f 2523 777 2557
f 779 2522 2556
f 2558 2518 780
f 2519 2518 2558
f 2559 2519 2558
f 2557 2522 2523
f 2556 2522 2557
f 782 4978 780
f 779 4976 781
f 2545 4977 2544
f 4977 4978 2544
f 2544 4978 782
f 781 4976 2545
f 2559 4976 779
f 4976 4977 2545
f 2558 4978 4977
f 2558 4977 2559
f 780 4978 2558
f 2559 4977 4976
f 2521 775 800
f 800 775 2543
f 2543 775 2560
f 797 778 2539
f 2561 778 797
f 2539 778 2520
f 2542 2561 797
f 2538 2521 800
f 2520 2521 2538
f 2539 2520 2538
f 2543 2560 2542
f 2542 2560 2561
f 777 778 4980
f 775 776 4981
f 4980 778 4983
f 775 4981 4984
f 4980 4979 4982
f 4979 4981 4982
f 2561 2560 4979
f 4981 4979 4984
f 4979 4980 4983
f 2557 4980 4982
f 4981 2556 4982
f 2556 2557 4982
f 2557 777 4980
f 776 2556 4981
f 2560 775 4984
f 4979 2560 4984
f 2561 4979 4983
f 778 2561 4983
f 824 823 4986
f 826 825 4987
f 4986 823 4989
f 826 4987 4990
f 4985 4987 4988
f 4986 4985 4988
f 2565 2564 4985
f 4987 4985 4990
f 4985 4986 4989
f 4987 2562 4988
f 2563 4986 4988
f 2562 2563 4988
f 825 2562 4987
f 2563 824 4986
f 2564 826 4990
f 4985 2564 4990
f 2565 4985 4989
f 823 2565 4989
f 829 4993 827
f 828 4991 830
f 2566 4992 2567
f 2566 4993 4992
f 827 4993 2566
f 830 4991 2569
f 2567 4991 828
f 2567 4992 4991
f 4992 4993 2568
f 2569 4992 2568
f 2568 4993 829
f 4991 4992 2569
f 2572 831 833
f 2572 2570 831
f 834 832 2573
f 832 2571 2573
f 2571 2570 2573
f 2573 2570 2572
f 834 4994 836
f 835 4996 833
f 2572 4995 2573
f 2573 4994 834
f 2573 4995 4994
f 2574 4996 835
f 2572 4996 4995
f 4995 4996 2574
f 833 4996 2572
f 4994 4995 2575
f 836 4994 2575
f 2575 4995 2574
f 837 2578 840
f 837 2576 2578
f 2577 838 839
f 2579 2577 839
f 2576 2577 2579
f 2578 2576 2579
f 841 842 843
f 844 841 843
f 4997 845 4998
f 848 4997 4998
f 846 845 4997
f 848 847 4997
f 2581 2580 4997
f 2583 2582 4998
f 847 2581 4997
f 2580 846 4997
f 2582 848 4998
f 845 2583 4998
f 845 4999 5000
f 4999 848 5000
f 847 848 4999
f 845 846 4999
f 2585 2584 4999
f 2587 2586 5000
f 846 2585 4999
f 2584 847 4999
f 2586 845 5000
f 848 2587 5000
f 841 830 842
f 842 830 855
f 853 854 2569
f 849 829 850
f 851 852 2568
f 856 857 2588
f 858 859 2589
f 851 829 849
f 850 829 2589
f 2568 829 851
f 856 830 841
f 855 830 2569
f 2588 830 856
f 2589 859 850
f 852 853 2568
f 2568 853 2569
f 854 855 2569
f 857 858 2588
f 2588 858 2589
f 846 831 2585
f 2591 831 846
f 2585 831 2570
f 2571 832 847
f 847 832 2581
f 832 2590 2581
f 2580 2591 846
f 2584 2571 847
f 2584 2570 2571
f 2585 2570 2584
f 2581 2590 2580
f 2580 2590 2591
f 860 852 851
f 860 851 861
f 863 854 853
f 863 853 862
f 849 850 865
f 849 865 864
f 859 858 867
f 866 859 867
f 857 856 869
f 868 857 869
f 843 842 855
f 843 855 870
f 870 837 843
f 843 837 844
f 864 865 838
f 860 861 2577
f 869 2593 868
f 863 862 2576
f 2592 866 867
f 844 837 869
f 869 837 2593
f 2576 837 870
f 838 861 864
f 2577 861 838
f 838 865 2592
f 2577 862 860
f 2576 862 2577
f 2576 870 863
f 865 866 2592
f 868 2593 867
f 867 2593 2592
f 2595 837 840
f 2593 837 2595
f 838 2592 839
f 839 2592 2594
f 2592 2593 2595
f 2594 2592 2595
f 2578 835 840
f 840 835 2597
f 2574 835 2578
f 839 836 2575
f 839 2594 836
f 836 2594 2596
f 839 2575 2579
f 2597 2595 840
f 2575 2574 2579
f 2579 2574 2578
f 2596 2594 2595
f 2596 2595 2597
f 833 5002 835
f 836 5001 834
f 5002 5003 2597
f 834 5001 2598
f 2597 5003 2596
f 835 5002 2597
f 2596 5003 5001
f 5001 5003 2598
f 2596 5001 836
f 2599 5002 833
f 2599 5003 5002
f 2598 5003 2599
f 831 2599 833
f 831 2591 2599
f 2590 832 834
f 2598 2590 834
f 2591 2590 2598
f 2599 2591 2598
f 860 5004 852
f 853 5004 862
f 852 5004 853
f 862 5004 860
f 851 5005 861
f 864 5005 849
f 849 5005 851
f 861 5005 864
f 850 5006 865
f 866 5006 859
f 859 5006 850
f 865 5006 866
f 858 5007 867
f 868 5007 857
f 857 5007 858
f 867 5007 868
f 844 5008 841
f 856 5008 869
f 841 5008 856
f 869 5008 844
f 863 5009 854
f 855 5009 870
f 854 5009 855
f 870 5009 863
f 2600 824 827
f 827 824 2603
f 2603 824 2563
f 2562 825 828
f 828 825 2567
f 2567 825 2601
f 2566 2600 827
f 2562 828 2602
f 2563 2562 2602
f 2603 2563 2602
f 2567 2601 2566
f 2601 2600 2566
f 827 5010 829
f 830 5012 828
f 829 5010 2589
f 2602 5011 2603
f 2602 5012 5011
f 828 5012 2602
f 2603 5011 5010
f 5010 5011 2589
f 2589 5011 2588
f 5011 5012 2588
f 2603 5010 827
f 2588 5012 830
f 2565 823 848
f 848 823 2587
f 2587 823 2604
f 845 826 2583
f 2605 826 845
f 2583 826 2564
f 2605 845 2586
f 848 2582 2565
f 2565 2582 2564
f 2564 2582 2583
f 2587 2604 2586
f 2586 2604 2605
f 825 826 5015
f 823 824 5014
f 5014 824 5018
f 825 5015 5017
f 5014 5013 5016
f 5013 5015 5016
f 2600 2601 5013
f 5015 5013 5017
f 5013 5014 5018
f 2604 5014 5016
f 5015 2605 5016
f 2605 2604 5016
f 2604 823 5014
f 826 2605 5015
f 2601 825 5017
f 5013 2601 5017
f 2600 5013 5018
f 824 2600 5018
f 872 871 5021
f 874 873 5020
f 5020 873 5024
f 872 5021 5023
f 5019 5021 5022
f 5020 5019 5022
f 2606 2607 5019
f 5021 5019 5023
f 5019 5020 5024
f 5021 2609 5022
f 2608 5020 5022
f 2609 2608 5022
f 2608 874 5020
f 871 2609 5021
f 2607 872 5023
f 5019 2607 5023
f 2606 5019 5024
f 873 2606 5024
f 876 5026 878
f 877 5027 875
f 2613 5025 2612
f 2611 5026 876
f 5025 5027 2612
f 2612 5027 877
f 2613 5026 5025
f 5025 5026 2611
f 878 5026 2613
f 2610 5025 2611
f 875 5027 2610
f 2610 5027 5025
f 2616 879 881
f 2614 879 2616
f 880 2617 882
f 880 2615 2617
f 2615 2614 2616
f 2617 2615 2616
f 882 5028 884
f 883 5030 881
f 2619 5029 2618
f 881 5030 2616
f 2617 5028 882
f 2616 5030 5029
f 2617 5029 5028
f 5029 5030 2618
f 5028 5029 2619
f 2618 5030 883
f 884 5028 2619
f 2616 5029 2617
f 885 2622 888
f 885 2620 2622
f 2621 886 887
f 2623 2621 887
f 2620 2621 2623
f 2622 2620 2623
f 889 890 892
f 892 890 891
f 896 5031 5032
f 5031 893 5032
f 894 893 5031
f 896 895 5031
f 2625 2624 5031
f 2627 2626 5032
f 895 2625 5031
f 2624 894 5031
f 893 2627 5032
f 2626 896 5032
f 895 5033 5034
f 5033 894 5034
f 895 896 5033
f 893 894 5033
f 2631 2630 5033
f 2629 2628 5034
f 2630 893 5033
f 896 2631 5033
f 894 2629 5034
f 2628 895 5034
f 889 878 890
f 890 878 903
f 897 877 898
f 900 2612 899
f 904 905 2632
f 902 2613 901
f 906 907 2633
f 899 877 897
f 898 877 2633
f 2612 877 899
f 904 878 889
f 903 878 2613
f 2632 878 904
f 2633 907 898
f 901 2612 900
f 901 2613 2612
f 903 2613 902
f 905 906 2632
f 2632 906 2633
f 894 879 2629
f 2635 879 894
f 2629 879 2614
f 2615 880 895
f 880 2625 895
f 2634 2625 880
f 2624 2635 894
f 2628 2615 895
f 2628 2614 2615
f 2629 2614 2628
f 2624 2625 2634
f 2624 2634 2635
f 900 899 909
f 908 900 909
f 902 901 911
f 911 901 910
f 912 897 898
f 912 898 913
f 914 907 906
f 914 906 915
f 916 905 904
f 916 904 917
f 891 890 918
f 890 903 918
f 918 885 891
f 891 885 892
f 912 913 886
f 911 910 2620
f 908 909 2621
f 917 2637 916
f 915 2636 914
f 892 885 917
f 885 2637 917
f 2620 885 918
f 886 909 912
f 2621 909 886
f 913 2636 886
f 910 908 2621
f 2620 910 2621
f 911 2620 918
f 914 2636 913
f 916 2637 915
f 915 2637 2636
f 2637 885 888
f 887 886 2636
f 887 2636 2638
f 2639 2637 888
f 2636 2637 2638
f 2638 2637 2639
f 2622 883 888
f 888 883 2641
f 2618 883 2622
f 887 884 2619
f 2638 884 887
f 2640 884 2638
f 887 2619 2623
f 888 2641 2639
f 2619 2618 2623
f 2623 2618 2622
f 2639 2640 2638
f 2641 2640 2639
f 881 5035 883
f 884 5037 882
f 883 5035 2641
f 2642 5036 2643
f 2643 5036 5035
f 5035 5036 2641
f 2640 5037 884
f 882 5037 2642
f 2642 5037 5036
f 2641 5036 2640
f 2643 5035 881
f 5036 5037 2640
f 879 2635 881
f 2642 880 882
f 2634 880 2642
f 881 2635 2643
f 2635 2634 2643
f 2643 2634 2642
f 908 5038 900
f 901 5038 910
f 900 5038 901
f 910 5038 908
f 899 5039 909
f 912 5039 897
f 897 5039 899
f 909 5039 912
f 914 5040 907
f 898 5040 913
f 907 5040 898
f 913 5040 914
f 906 5041 915
f 916 5041 905
f 905 5041 906
f 915 5041 916
f 904 5042 917
f 892 5042 889
f 889 5042 904
f 917 5042 892
f 911 5043 902
f 903 5043 918
f 902 5043 903
f 918 5043 911
f 2644 872 875
f 875 872 2647
f 2647 872 2607
f 2606 873 876
f 876 873 2611
f 2611 873 2645
f 2610 2644 875
f 2646 2606 876
f 2607 2606 2646
f 2647 2607 2646
f 2611 2645 2610
f 2645 2644 2610
f 875 5044 877
f 878 5046 876
f 2647 5045 5044
f 2647 5044 875
f 2632 5046 878
f 2646 5045 2647
f 5045 5046 2632
f 2646 5046 5045
f 2633 5045 2632
f 5044 5045 2633
f 877 5044 2633
f 876 5046 2646
f 2609 871 896
f 896 871 2631
f 2631 871 2648
f 893 874 2627
f 2649 874 893
f 2627 874 2608
f 893 2630 2649
f 2626 2609 896
f 2608 2609 2626
f 2627 2608 2626
f 2648 2630 2631
f 2649 2630 2648
f 873 874 5048
f 871 872 5049
f 5048 874 5051
f 871 5049 5052
f 5047 5049 5050
f 5048 5047 5050
f 2649 2648 5047
f 5049 5047 5052
f 5047 5048 5051
f 2645 5048 5050
f 5049 2644 5050
f 2644 2645 5050
f 872 2644 5049
f 2645 873 5048
f 2648 871 5052
f 5047 2648 5052
f 2649 5047 5051
f 874 2649 5051
f 920 919 5055
f 922 921 5054
f 5054 921 5057
f 920 5055 5058
f 5054 5053 5056
f 5053 5055 5056
f 2650 2651 5053
f 5055 5053 5058
f 5053 5054 5057
f 2652 5054 5056
f 5055 2653 5056
f 2653 2652 5056
f 2652 922 5054
f 919 2653 5055
f 2651 920 5058
f 5053 2651 5058
f 2650 5053 5057
f 921 2650 5057
f 925 5061 923
f 924 5059 926
f 2657 5060 2656
f 923 5061 2654
f 5060 5061 2656
f 2654 5061 5060
f 926 5059 2657
f 2655 5059 924
f 5059 5060 2657
f 2654 5060 2655
f 2656 5061 925
f 2655 5060 5059
f 2660 927 929
f 2658 927 2660
f 928 2659 930
f 930 2659 2661
f 2661 2659 2658
f 2661 2658 2660
f 930 5063 932
f 931 5064 929
f 2661 5063 930
f 2663 5062 2662
f 5062 5063 2661
f 2663 5063 5062
f 929 5064 2660
f 2662 5064 931
f 5062 5064 2662
f 2660 5062 2661
f 932 5063 2663
f 2660 5064 5062
f 933 2664 936
f 2667 934 935
f 2665 934 2667
f 936 2664 2666
f 2664 2665 2666
f 2666 2665 2667
f 937 938 939
f 937 939 940
f 5065 943 5066
f 942 5065 5066
f 942 941 5065
f 944 943 5065
f 2671 2670 5065
f 2669 2668 5066
f 2670 944 5065
f 941 2671 5065
f 943 2669 5066
f 2668 942 5066
f 5067 944 5068
f 941 5067 5068
f 941 942 5067
f 943 944 5067
f 2673 2672 5067
f 2675 2674 5068
f 2672 943 5067
f 942 2673 5067
f 2674 941 5068
f 944 2675 5068
f 937 926 938
f 938 926 951
f 945 925 946
f 952 953 2676
f 948 2656 947
f 949 950 2657
f 954 955 2677
f 947 925 945
f 946 925 2677
f 2656 925 947
f 952 926 937
f 951 926 2657
f 2676 926 952
f 2677 955 946
f 948 949 2656
f 949 2657 2656
f 950 951 2657
f 953 954 2676
f 2676 954 2677
f 942 927 2673
f 2679 927 942
f 2673 927 2658
f 2659 928 943
f 943 928 2669
f 2669 928 2678
f 2668 2679 942
f 2672 2659 943
f 2672 2658 2659
f 2672 2673 2658
f 2669 2678 2668
f 2668 2678 2679
f 948 947 957
f 948 957 956
f 950 949 958
f 959 950 958
f 945 946 961
f 945 961 960
f 955 954 963
f 955 963 962
f 953 952 964
f 964 952 965
f 938 951 939
f 939 951 966
f 966 933 939
f 939 933 940
f 960 961 934
f 2665 956 957
f 959 958 2664
f 965 2681 964
f 2680 962 963
f 940 933 965
f 965 933 2681
f 2664 933 966
f 934 957 960
f 934 2665 957
f 934 961 2680
f 958 956 2665
f 2664 958 2665
f 959 2664 966
f 961 962 2680
f 964 2681 963
f 963 2681 2680
f 2681 933 936
f 934 2680 935
f 935 2680 2682
f 2683 2681 936
f 2680 2681 2683
f 2680 2683 2682
f 2666 931 936
f 936 931 2685
f 2662 931 2666
f 935 932 2663
f 2682 932 935
f 2684 932 2682
f 935 2663 2667
f 936 2685 2683
f 2663 2662 2667
f 2667 2662 2666
f 2683 2684 2682
f 2685 2684 2683
f 929 5069 931
f 932 5071 930
f 2687 5069 929
f 2686 5070 2687
f 2687 5070 5069
f 2684 5071 932
f 930 5071 2686
f 2686 5071 5070
f 2685 5070 2684
f 931 5069 2685
f 5069 5070 2685
f 5070 5071 2684
f 927 2679 929
f 2678 928 930
f 929 2679 2687
f 2686 2678 930
f 2679 2678 2687
f 2687 2678 2686
f 956 5072 948
f 949 5072 958
f 948 5072 949
f 958 5072 956
f 947 5073 957
f 960 5073 945
f 945 5073 947
f 957 5073 960
f 946 5074 961
f 962 5074 955
f 955 5074 946
f 961 5074 962
f 954 5075 963
f 964 5075 953
f 953 5075 954
f 963 5075 964
f 940 5076 937
f 952 5076 965
f 937 5076 952
f 965 5076 940
f 959 5077 950
f 951 5077 966
f 950 5077 951
f 966 5077 959
f 2688 920 923
f 923 920 2691
f 2691 920 2651
f 2650 921 924
f 924 921 2655
f 2655 921 2689
f 923 2654 2688
f 2690 2650 924
f 2651 2650 2690
f 2691 2651 2690
f 2689 2654 2655
f 2688 2654 2689
f 926 5080 924
f 923 5078 925
f 2677 5079 2676
f 924 5080 2690
f 2690 5080 5079
f 5079 5080 2676
f 2691 5078 923
f 925 5078 2677
f 5078 5079 2677
f 2690 5079 2691
f 2676 5080 926
f 2691 5079 5078
f 2653 919 944
f 944 919 2675
f 2675 919 2692
f 941 922 2671
f 2693 922 941
f 922 2652 2671
f 2674 2693 941
f 2670 2653 944
f 2670 2652 2653
f 2671 2652 2670
f 2675 2692 2674
f 2674 2692 2693
f 921 922 5082
f 919 920 5083
f 5083 920 5086
f 921 5082 5085
f 5081 5082 5084
f 5083 5081 5084
f 2688 2689 5081
f 5082 5081 5085
f 5081 5083 5086
f 2692 5083 5084
f 5082 2693 5084
f 2693 2692 5084
f 2692 919 5083
f 922 2693 5082
f 2689 921 5085
f 5081 2689 5085
f 2688 5081 5086
f 920 2688 5086
f 968 967 5089
f 970 969 5088
f 5088 969 5091
f 968 5089 5092
f 5088 5087 5090
f 5087 5089 5090
f 2694 2695 5087
f 5089 5087 5092
f 5087 5088 5091
f 5089 2697 5090
f 2696 5088 5090
f 2697 2696 5090
f 967 2697 5089
f 2696 970 5088
f 2695 968 5092
f 5087 2695 5092
f 2694 5087 5091
f 969 2694 5091
f 972 5093 974
f 973 5095 971
f 5093 5094 2701
f 2701 5094 2700
f 974 5093 2701
f 971 5095 2698
f 5094 5095 2700
f 2698 5095 5094
f 2699 5094 5093
f 2699 5093 972
f 2698 5094 2699
f 2700 5095 973
f 2702 975 977
f 978 976 2705
f 976 2703 2705
f 2704 2702 977
f 2703 2702 2704
f 2705 2703 2704
f 978 5096 980
f 979 5098 977
f 2706 5098 979
f 5097 5098 2706
f 980 5096 2707
f 2707 5097 2706
f 5096 5097 2707
f 2705 5096 978
f 2704 5098 5097
f 2705 5097 5096
f 977 5098 2704
f 2704 5097 2705
f 984 981 2710
f 981 2708 2710
f 2709 982 983
f 2711 2709 983
f 2708 2709 2711
f 2710 2708 2711
f 988 985 986
f 988 986 987
f 5099 991 5100
f 990 5099 5100
f 990 989 5099
f 992 991 5099
f 2715 2714 5099
f 2713 2712 5100
f 2714 992 5099
f 989 2715 5099
f 2712 990 5100
f 991 2713 5100
f 989 5101 5102
f 5101 992 5102
f 989 990 5101
f 991 992 5101
f 2717 2716 5101
f 2719 2718 5102
f 990 2717 5101
f 2716 991 5101
f 992 2719 5102
f 2718 989 5102
f 985 974 986
f 986 974 999
f 995 996 2700
f 1000 1001 2720
f 993 973 994
f 997 998 2701
f 1002 1003 2721
f 995 973 993
f 994 973 2721
f 2700 973 995
f 1000 974 985
f 999 974 2701
f 2720 974 1000
f 2721 1003 994
f 996 997 2700
f 2700 997 2701
f 998 999 2701
f 1001 1002 2720
f 2720 1002 2721
f 990 975 2717
f 2723 975 990
f 2717 975 2702
f 2703 976 991
f 991 976 2713
f 2713 976 2722
f 2712 2723 990
f 2716 2703 991
f 2716 2702 2703
f 2717 2702 2716
f 2713 2722 2712
f 2712 2722 2723
f 996 995 1005
f 1004 996 1005
f 998 997 1006
f 998 1006 1007
f 993 994 1009
f 1008 993 1009
f 1010 1003 1002
f 1010 1002 1011
f 1001 1000 1013
f 1012 1001 1013
f 986 1014 987
f 986 999 1014
f 1014 981 987
f 987 981 988
f 1008 1009 982
f 1007 1006 2708
f 1004 1005 2709
f 1013 2725 1012
f 2724 1010 1011
f 988 981 1013
f 1013 981 2725
f 2708 981 1014
f 982 1005 1008
f 2709 1005 982
f 982 1009 2724
f 2709 1006 1004
f 2708 1006 2709
f 1007 2708 1014
f 1009 1010 2724
f 1012 2725 1011
f 1011 2725 2724
f 2727 981 984
f 2725 981 2727
f 982 2724 983
f 983 2724 2726
f 2724 2725 2726
f 2726 2725 2727
f 2710 979 984
f 984 979 2729
f 2706 979 2710
f 983 980 2707
f 2726 980 983
f 2728 980 2726
f 983 2707 2711
f 984 2729 2727
f 2707 2706 2711
f 2711 2706 2710
f 2728 2726 2727
f 2729 2728 2727
f 977 5104 979
f 980 5105 978
f 2729 5103 2728
f 2731 5104 977
f 978 5105 2730
f 5103 5105 2728
f 2730 5105 5103
f 2729 5104 5103
f 5103 5104 2731
f 2730 5103 2731
f 979 5104 2729
f 2728 5105 980
f 975 2731 977
f 975 2723 2731
f 2730 976 978
f 2722 976 2730
f 2723 2722 2730
f 2731 2723 2730
f 997 5106 1006
f 1004 5106 996
f 996 5106 997
f 1006 5106 1004
f 995 5107 1005
f 1008 5107 993
f 993 5107 995
f 1005 5107 1008
f 994 5108 1009
f 1010 5108 1003
f 1003 5108 994
f 1009 5108 1010
f 1002 5109 1011
f 1012 5109 1001
f 1001 5109 1002
f 1011 5109 1012
f 988 5110 985
f 1000 5110 1013
f 985 5110 1000
f 1013 5110 988
f 1007 5111 998
f 999 5111 1014
f 998 5111 999
f 1014 5111 1007
f 2732 968 971
f 971 968 2735
f 2735 968 2695
f 2694 969 972
f 972 969 2699
f 2699 969 2733
f 2698 2732 971
f 2734 2694 972
f 2695 2694 2734
f 2735 2695 2734
f 2699 2733 2698
f 2733 2732 2698
f 974 5114 972
f 971 5112 973
f 2721 5113 2720
f 5113 5114 2720
f 2720 5114 974
f 2735 5112 971
f 973 5112 2721
f 5112 5113 2721
f 2734 5113 2735
f 2734 5114 5113
f 972 5114 2734
f 2735 5113 5112
f 2697 967 992
f 992 967 2719
f 2719 967 2736
f 989 970 2715
f 2737 970 989
f 2715 970 2696
f 2718 2737 989
f 2714 2697 992
f 2696 2697 2714
f 2715 2696 2714
f 2719 2736 2718
f 2718 2736 2737
f 969 970 5116
f 967 968 5117
f 5116 970 5119
f 967 5117 5120
f 5116 5115 5118
f 5115 5117 5118
f 2737 2736 5115
f 5117 5115 5120
f 5115 5116 5119
f 5117 2732 5118
f 2733 5116 5118
f 2732 2733 5118
f 968 2732 5117
f 2733 969 5116
f 2736 967 5120
f 5115 2736 5120
f 2737 5115 5119
f 970 2737 5119
f 1016 1015 5123
f 1018 1017 5122
f 5123 1015 5125
f 1018 5122 5126
f 5123 5121 5124
f 5121 5122 5124
f 2741 2740 5121
f 5122 5121 5126
f 5121 5123 5125
f 2739 5123 5124
f 5122 2738 5124
f 2738 2739 5124
f 1017 2738 5122
f 2739 1016 5123
f 2740 1018 5126
f 5121 2740 5126
f 2741 5121 5125
f 1015 2741 5125
f 1020 5127 1022
f 1021 5129 1019
f 5127 5128 2745
f 2745 5128 2744
f 1022 5127 2745
f 5128 5129 2744
f 2744 5129 1021
f 2742 5128 2743
f 2743 5128 5127
f 2743 5127 1020
f 2742 5129 5128
f 1019 5129 2742
f 2746 1023 1025
f 1024 2749 1026
f 1024 2747 2749
f 2748 2746 1025
f 2747 2746 2748
f 2749 2747 2748
f 1026 5130 1028
f 1027 5132 1025
f 1025 5132 2748
f 1028 5130 2751
f 2748 5132 5131
f 2748 5131 2749
f 5130 5131 2751
f 2749 5131 5130
f 2749 5130 1026
f 2751 5131 2750
f 2750 5132 1027
f 5131 5132 2750
f 1032 1029 2752
f 2755 1030 1031
f 2753 1030 2755
f 1032 2752 2754
f 2752 2753 2754
f 2754 2753 2755
f 1033 1034 1035
f 1036 1033 1035
f 5133 1037 5134
f 1040 5133 5134
f 1038 1037 5133
f 1040 1039 5133
f 2757 2756 5133
f 2759 2758 5134
f 2756 1038 5133
f 1039 2757 5133
f 2758 1040 5134
f 1037 2759 5134
f 5135 1040 5136
f 1037 5135 5136
f 1037 1038 5135
f 1039 1040 5135
f 2761 2760 5135
f 2763 2762 5136
f 2760 1039 5135
f 1038 2761 5135
f 1040 2763 5136
f 2762 1037 5136
f 1034 1022 1047
f 1033 1022 1034
f 1050 1051 2765
f 1043 1044 2744
f 1041 1021 1042
f 1045 1046 2745
f 1048 1049 2764
f 1043 1021 1041
f 1042 1021 2765
f 2744 1021 1043
f 1048 1022 1033
f 1047 1022 2745
f 2764 1022 1048
f 2765 1051 1042
f 1044 1045 2744
f 2744 1045 2745
f 1046 1047 2745
f 1049 1050 2764
f 2764 1050 2765
f 1038 1023 2761
f 2767 1023 1038
f 2761 1023 2746
f 2747 1024 1039
f 1039 1024 2757
f 2757 1024 2766
f 1038 2756 2767
f 2747 1039 2760
f 2760 2746 2747
f 2761 2746 2760
f 2766 2756 2757
f 2767 2756 2766
f 1044 1043 1053
f 1052 1044 1053
f 1046 1045 1054
f 1046 1054 1055
f 1041 1042 1057
f 1056 1041 1057
f 1058 1051 1050
f 1058 1050 1059
f 1049 1048 1060
f 1060 1048 1061
f 1035 1034 1047
f 1035 1047 1062
f 1035 1062 1029
f 1035 1029 1036
f 1056 1057 1030
f 1052 1053 2753
f 1061 2769 1060
f 1055 1054 2752
f 1059 2768 1058
f 1029 1061 1036
f 1029 2769 1061
f 1029 1062 2752
f 1030 1053 1056
f 2753 1053 1030
f 1030 1057 2768
f 1054 1052 2753
f 2752 1054 2753
f 2752 1062 1055
f 2768 1057 1058
f 1060 2769 1059
f 1059 2769 2768
f 2769 1029 1032
f 1030 2768 1031
f 1031 2768 2770
f 2771 2769 1032
f 2768 2769 2771
f 2768 2771 2770
f 2754 1027 1032
f 1032 1027 2773
f 2750 1027 2754
f 1031 1028 2751
f 2770 1028 1031
f 2772 1028 2770
f 1031 2751 2755
f 1032 2773 2771
f 2751 2750 2755
f 2755 2750 2754
f 2771 2772 2770
f 2771 2773 2772
f 1025 5137 1027
f 1028 5139 1026
f 2773 5138 2772
f 2775 5137 1025
f 5137 5138 2773
f 2775 5138 5137
f 1026 5139 2774
f 2772 5139 1028
f 5138 5139 2772
f 1027 5137 2773
f 2774 5138 2775
f 2774 5139 5138
f 1023 2767 1025
f 2774 1024 1026
f 2774 2766 1024
f 1025 2767 2775
f 2767 2766 2774
f 2767 2774 2775
f 1045 5140 1054
f 1052 5140 1044
f 1044 5140 1045
f 1054 5140 1052
f 1056 5141 1041
f 1043 5141 1053
f 1041 5141 1043
f 1053 5141 1056
f 1042 5142 1057
f 1058 5142 1051
f 1051 5142 1042
f 1057 5142 1058
f 1050 5143 1059
f 1060 5143 1049
f 1049 5143 1050
f 1059 5143 1060
f 1048 5144 1061
f 1036 5144 1033
f 1033 5144 1048
f 1061 5144 1036
f 1055 5145 1046
f 1047 5145 1062
f 1046 5145 1047
f 1062 5145 1055
f 2776 1016 1019
f 1019 1016 2779
f 2779 1016 2739
f 2738 1017 1020
f 1020 1017 2743
f 2743 1017 2777
f 2742 2776 1019
f 2778 2738 1020
f 2739 2738 2778
f 2779 2739 2778
f 2743 2777 2742
f 2777 2776 2742
f 1019 5146 1021
f 1022 5148 1020
f 2779 5147 5146
f 2778 5147 2779
f 2779 5146 1019
f 2778 5148 5147
f 1020 5148 2778
f 5147 5148 2764
f 5146 5147 2765
f 2765 5147 2764
f 1021 5146 2765
f 2764 5148 1022
f 2741 1015 1040
f 1040 1015 2763
f 2763 1015 2780
f 1037 1018 2759
f 2781 1018 1037
f 2759 1018 2740
f 2762 2781 1037
f 2758 2741 1040
f 2740 2741 2758
f 2759 2740 2758
f 2763 2780 2762
f 2762 2780 2781
f 1017 1018 5151
f 1015 1016 5150
f 5151 1018 5153
f 1015 5150 5154
f 5149 5150 5152
f 5151 5149 5152
f 2781 2780 5149
f 5150 5149 5154
f 5149 5151 5153
f 2777 5151 5152
f 5150 2776 5152
f 2776 2777 5152
f 1016 2776 5150
f 2777 1017 5151
f 2780 1015 5154
f 5149 2780 5154
f 2781 5149 5153
f 1018 2781 5153
f 1064 1063 5157
f 1066 1065 5156
f 5156 1065 5159
f 1064 5157 5160
f 5156 5155 5158
f 5155 5157 5158
f 2782 2783 5155
f 5157 5155 5160
f 5155 5156 5159
f 5157 2785 5158
f 2784 5156 5158
f 2785 2784 5158
f 2784 1066 5156
f 1063 2785 5157
f 2783 1064 5160
f 5155 2783 5160
f 2782 5155 5159
f 1065 2782 5159
f 1069 5163 1067
f 1068 5161 1070
f 2789 5162 2788
f 5162 5163 2788
f 2788 5163 1069
f 1070 5161 2789
f 2787 5161 1068
f 5161 5162 2789
f 2786 5162 2787
f 2786 5163 5162
f 1067 5163 2786
f 2787 5162 5161
f 2790 1071 1073
f 1074 1072 2793
f 1072 2791 2793
f 2792 2790 1073
f 2791 2790 2792
f 2793 2791 2792
f 1074 5164 1076
f 1075 5166 1073
f 2793 5164 1074
f 5165 5166 2794
f 2795 5165 2794
f 2794 5166 1075
f 2793 5165 5164
f 5164 5165 2795
f 2792 5166 5165
f 2792 5165 2793
f 1073 5166 2792
f 1076 5164 2795
f 1077 2796 1080
f 2799 1078 1079
f 2797 1078 2799
f 1080 2796 2798
f 2796 2797 2798
f 2798 2797 2799
f 1081 1082 1084
f 1084 1082 1083
f 5167 1085 5168
f 1088 5167 5168
f 1086 1085 5167
f 1088 1087 5167
f 2801 2800 5167
f 2803 2802 5168
f 2800 1086 5167
f 1087 2801 5167
f 2802 1088 5168
f 1085 2803 5168
f 5169 1088 5170
f 1085 5169 5170
f 1085 1086 5169
f 1087 1088 5169
f 2805 2804 5169
f 2807 2806 5170
f 1086 2805 5169
f 2804 1087 5169
f 2806 1085 5170
f 1088 2807 5170
f 1082 1070 1095
f 1081 1070 1082
f 1089 1069 1090
f 1096 1097 2808
f 1098 1099 2809
f 1094 2789 1093
f 1092 2788 1091
f 1091 1069 1089
f 1090 1069 2809
f 2788 1069 1091
f 1096 1070 1081
f 1095 1070 2789
f 2808 1070 1096
f 2809 1099 1090
f 1093 2788 1092
f 1093 2789 2788
f 1095 2789 1094
f 1097 1098 2808
f 2808 1098 2809
f 1086 1071 2805
f 2811 1071 1086
f 2805 1071 2790
f 1087 2791 1072
f 1087 1072 2801
f 2801 1072 2810
f 2800 2811 1086
f 2804 2791 1087
f 2790 2791 2804
f 2790 2804 2805
f 2801 2810 2800
f 2800 2810 2811
f 1092 1091 1101
f 1092 1101 1100
f 1094 1093 1102
f 1103 1094 1102
f 1089 1090 1104
f 1104 1090 1105
f 1099 1098 1107
f 1099 1107 1106
f 1097 1096 1109
f 1108 1097 1109
f 1082 1110 1083
f 1082 1095 1110
f 1083 1077 1084
f 1110 1077 1083
f 1104 1105 1078
f 1100 1101 2797
f 1103 1102 2796
f 1109 2813 1108
f 2812 1106 1107
f 1084 1077 1109
f 1077 2813 1109
f 2796 1077 1110
f 1078 1101 1104
f 2797 1101 1078
f 1078 1105 2812
f 1102 1100 2797
f 2796 1102 2797
f 1103 2796 1110
f 1105 1106 2812
f 1108 2813 1107
f 1107 2813 2812
f 2813 1077 1080
f 1078 2812 1079
f 1079 2812 2814
f 2815 2813 1080
f 2812 2813 2814
f 2814 2813 2815
f 2798 1075 1080
f 1080 1075 2817
f 2794 1075 2798
f 1076 2795 1079
f 2814 1076 1079
f 2816 1076 2814
f 1079 2795 2799
f 1080 2817 2815
f 2799 2795 2794
f 2799 2794 2798
f 2815 2816 2814
f 2817 2816 2815
f 1073 5172 1075
f 1076 5173 1074
f 5171 5172 2819
f 2819 5172 1073
f 2818 5171 2819
f 2818 5173 5171
f 1074 5173 2818
f 2817 5171 2816
f 2817 5172 5171
f 5171 5173 2816
f 1075 5172 2817
f 2816 5173 1076
f 1071 2811 1073
f 2818 1072 1074
f 2810 1072 2818
f 1073 2811 2819
f 2819 2811 2810
f 2819 2810 2818
f 1100 5174 1092
f 1093 5174 1102
f 1092 5174 1093
f 1102 5174 1100
f 1091 5175 1101
f 1104 5175 1089
f 1089 5175 1091
f 1101 5175 1104
f 1090 5176 1105
f 1106 5176 1099
f 1099 5176 1090
f 1105 5176 1106
f 1098 5177 1107
f 1108 5177 1097
f 1097 5177 1098
f 1107 5177 1108
f 1084 5178 1081
f 1096 5178 1109
f 1081 5178 1096
f 1109 5178 1084
f 1103 5179 1094
f 1095 5179 1110
f 1094 5179 1095
f 1110 5179 1103
f 2820 1064 1067
f 1067 1064 2823
f 2823 1064 2783
f 2782 1065 1068
f 1068 1065 2787
f 2787 1065 2821
f 2786 2820 1067
f 2822 2782 1068
f 2783 2782 2822
f 2822 2823 2783
f 2787 2821 2786
f 2821 2820 2786
f 1067 5180 1069
f 1070 5182 1068
f 2809 5181 2808
f 5180 5181 2809
f 1069 5180 2809
f 1068 5182 2822
f 5181 5182 2808
f 2822 5182 5181
f 2823 5180 1067
f 2822 5181 2823
f 2823 5181 5180
f 2808 5182 1070
f 2785 1063 1088
f 1088 1063 2807
f 2807 1063 2824
f 1085 1066 2803
f 2825 1066 1085
f 2803 1066 2784
f 2806 2825 1085
f 2802 2785 1088
f 2784 2785 2802
f 2803 2784 2802
f 2807 2824 2806
f 2824 2825 2806
f 1065 1066 5184
f 1063 1064 5185
f 5185 1064 5188
f 1065 5184 5187
f 5183 5184 5186
f 5185 5183 5186
f 2820 2821 5183
f 5184 5183 5187
f 5183 5185 5188
f 2824 5185 5186
f 5184 2825 5186
f 2825 2824 5186
f 2824 1063 5185
f 1066 2825 5184
f 2821 1065 5187
f 5183 2821 5187
f 2820 5183 5188
f 1064 2820 5188
f 1112 1111 5191
f 1114 1113 5190
f 5190 1113 5193
f 1112 5191 5194
f 5189 5191 5192
f 5190 5189 5192
f 2826 2827 5189
f 5191 5189 5194
f 5189 5190 5193
f 2828 5190 5192
f 5191 2829 5192
f 2829 2828 5192
f 1111 2829 5191
f 2828 1114 5190
f 2827 1112 5194
f 5189 2827 5194
f 2826 5189 5193
f 1113 2826 5193
f 1116 5195 1118
f 1117 5197 1115
f 2831 5196 5195
f 2830 5196 2831
f 2831 5195 1116
f 2832 5197 1117
f 5196 5197 2832
f 2830 5197 5196
f 5195 5196 2833
f 2833 5196 2832
f 1118 5195 2833
f 1115 5197 2830
f 2836 1119 1121
f 2834 1119 2836
f 1122 1120 2837
f 1120 2835 2837
f 2837 2835 2834
f 2837 2834 2836
f 1122 5198 1124
f 1123 5199 1121
f 1124 5198 2839
f 5198 5200 2839
f 1121 5199 2836
f 2839 5200 2838
f 2838 5200 5199
f 5199 5200 2836
f 2837 5198 1122
f 2836 5200 2837
f 2837 5200 5198
f 2838 5199 1123
f 1125 2840 1128
f 2841 1126 1127
f 2843 2841 1127
f 1128 2840 2842
f 2840 2841 2843
f 2840 2843 2842
f 1129 1130 1131
f 1129 1131 1132
f 5201 1135 5202
f 1134 5201 5202
f 1134 1133 5201
f 1136 1135 5201
f 2847 2846 5201
f 2845 2844 5202
f 2846 1136 5201
f 1133 2847 5201
f 1135 2845 5202
f 2844 1134 5202
f 1133 5203 5204
f 5203 1136 5204
f 1135 1136 5203
f 1133 1134 5203
f 2849 2848 5203
f 2851 2850 5204
f 1134 2849 5203
f 2848 1135 5203
f 2850 1133 5204
f 1136 2851 5204
f 1130 1118 1143
f 1129 1118 1130
f 1141 1142 2833
f 1139 1140 2832
f 1137 1117 1138
f 1146 1147 2853
f 1144 1145 2852
f 1139 1117 1137
f 1138 1117 2853
f 2832 1117 1139
f 1144 1118 1129
f 1143 1118 2833
f 2852 1118 1144
f 2853 1147 1138
f 1140 1141 2832
f 2832 1141 2833
f 1142 1143 2833
f 1145 1146 2852
f 2852 1146 2853
f 1134 1119 2849
f 2855 1119 1134
f 2849 1119 2834
f 2835 1120 1135
f 1135 1120 2845
f 2845 1120 2854
f 2855 1134 2844
f 2835 1135 2848
f 2848 2834 2835
f 2849 2834 2848
f 2845 2854 2844
f 2844 2854 2855
f 1140 1139 1148
f 1148 1139 1149
f 1142 1141 1150
f 1142 1150 1151
f 1152 1137 1138
f 1152 1138 1153
f 1147 1146 1154
f 1154 1146 1155
f 1156 1145 1144
f 1156 1144 1157
f 1130 1143 1131
f 1131 1143 1158
f 1131 1125 1132
f 1158 1125 1131
f 1152 1153 1126
f 2841 1148 1149
f 1151 1150 2840
f 1157 2857 1156
f 2856 1154 1155
f 1132 1125 1157
f 1157 1125 2857
f 2840 1125 1158
f 1126 1149 1152
f 2841 1149 1126
f 1126 1153 2856
f 1150 1148 2841
f 2840 1150 2841
f 1151 2840 1158
f 1153 1154 2856
f 1156 2857 1155
f 1155 2857 2856
f 2857 1125 1128
f 1126 2856 1127
f 1127 2856 2858
f 2859 2857 1128
f 2856 2857 2858
f 2858 2857 2859
f 2842 1123 1128
f 1128 1123 2861
f 2838 1123 2842
f 1127 1124 2839
f 2858 1124 1127
f 2860 1124 2858
f 2839 2843 1127
f 1128 2861 2859
f 2838 2843 2839
f 2842 2843 2838
f 2859 2860 2858
f 2861 2860 2859
f 1121 5206 1123
f 1124 5207 1122
f 2862 5205 2863
f 1123 5206 2861
f 2861 5206 5205
f 5205 5206 2863
f 1122 5207 2862
f 2860 5207 1124
f 2862 5207 5205
f 2863 5206 1121
f 2861 5205 2860
f 5205 5207 2860
f 1119 2855 1121
f 2862 1120 1122
f 2854 1120 2862
f 1121 2855 2863
f 2863 2855 2854
f 2863 2854 2862
f 1148 5208 1140
f 1141 5208 1150
f 1140 5208 1141
f 1150 5208 1148
f 1152 5209 1137
f 1139 5209 1149
f 1137 5209 1139
f 1149 5209 1152
f 1138 5210 1153
f 1154 5210 1147
f 1147 5210 1138
f 1153 5210 1154
f 1156 5211 1145
f 1146 5211 1155
f 1145 5211 1146
f 1155 5211 1156
f 1144 5212 1157
f 1132 5212 1129
f 1129 5212 1144
f 1157 5212 1132
f 1143 5213 1158
f 1151 5213 1142
f 1142 5213 1143
f 1158 5213 1151
f 2864 1112 1115
f 1115 1112 2867
f 2867 1112 2827
f 2826 1113 1116
f 1116 1113 2831
f 2831 1113 2865
f 2830 2864 1115
f 2866 2826 1116
f 2827 2826 2866
f 2867 2827 2866
f 2831 2865 2830
f 2865 2864 2830
f 1115 5214 1117
f 1118 5216 1116
f 2867 5214 1115
f 2867 5215 5214
f 2866 5215 2867
f 2852 5216 1118
f 2866 5216 5215
f 5215 5216 2852
f 2853 5215 2852
f 5214 5215 2853
f 1117 5214 2853
f 1116 5216 2866
f 2829 1111 1136
f 1136 1111 2851
f 2851 1111 2868
f 1133 1114 2847
f 2869 1114 1133
f 2847 1114 2828
f 2850 2869 1133
f 2846 2829 1136
f 2828 2829 2846
f 2846 2847 2828
f 2851 2868 2850
f 2850 2868 2869
f 1113 1114 5218
f 1111 1112 5219
f 5219 1112 5222
f 1113 5218 5221
f 5217 5218 5220
f 5219 5217 5220
f 2864 2865 5217
f 5218 5217 5221
f 5217 5219 5222
f 5218 2869 5220
f 2868 5219 5220
f 2869 2868 5220
f 2868 1111 5219
f 1114 2869 5218
f 2865 1113 5221
f 5217 2865 5221
f 2864 5217 5222
f 1112 2864 5222
